title,date,subject,gilligan_related,url,author,section,subject_type,notes
The Predator Franchise May Have Been Hit With A Major Setback - Here,2026-02-06T19:45:32+00:00,,no,https://www.slashfilm.com/2094974/predator-franchise-setback-badlands-director-dan-trachtenberg-paramount-deal/,,,,Subject requires review
The Moment Director Explains The Hidden Layers To The Charli XCX Movie,2026-02-06T21:53:47+00:00,,no,https://www.slashfilm.com/2095085/charli-xcx-the-moment-director-aidan-zamiri-interview/,,,,Subject requires review
Margot Robbie's Wuthering Heights Movie Will Bring The 2026 Box Office To Life,2026-02-06T22:00:00+00:00,,no,https://www.slashfilm.com/2093546/margot-robbie-wuthering-heights-movie-box-office-preview/,,,,Subject requires review
Cary Grant And Alfred Hitchcock's Intense Thriller On Paramount+ Is The Perfect '50s Throwback,2026-02-07T01:45:00+00:00,,no,https://www.slashfilm.com/2093802/cary-grant-alfred-hitchcock-thriller-to-catch-a-thief-streaming-paramount-plus/,,,,Subject requires review
Yellowstone's Wilford Brimley Tribute Explained,2026-02-07T13:00:00+00:00,,no,https://www.slashfilm.com/2083222/yellowstone-wilford-brimley-tribute-explained/,,,,Subject requires review
Robert Redford's Favorite Movie Roles Have Two Major Things In Common,2026-02-07T14:00:00+00:00,,no,https://www.slashfilm.com/2093566/robert-redford-favorite-movie-roles-paul-newman-the-sting-butch-cassidy-and-the-sundance-kid/,,,,Subject requires review
"10 Best Movies That Take Place In Real Time, Ranked - SlashFilm",2026-02-07T16:10:00+00:00,,no,https://www.slashfilm.com/2091011/best-movies-take-place-real-time-ranked/,,,,Subject requires review
Steven Spielberg Didn't Like A Stephen King Adaptation That's Now One Of His Favorites,2026-02-07T16:30:00+00:00,,no,https://www.slashfilm.com/2093507/steven-spielberg-stephen-king-the-shining-favorite-movies/,,,,Subject requires review
One Piece Anime: Everything You Need To Know To Start Watching The Series - SlashFilm,2026-02-07T17:00:00+00:00,,no,https://www.slashfilm.com/2094784/one-piece-anime-everything-you-need-to-know/,,,,Subject requires review
Robin Williams' Forgotten 2006 Psychological Thriller Has A Chilling Premise,2026-02-07T19:00:00+00:00,,no,https://www.slashfilm.com/2086782/robin-williams-2006-psychological-thriller-the-night-listener/,,,,Subject requires review
James Cameron's Favorite Scene In Avatar: Fire & Ash Might Surprise You,2026-02-07T19:30:00+00:00,,no,https://www.slashfilm.com/2086021/james-cameron-favorite-avatar-fire-and-ash-scene/,,,,Subject requires review
Guillermo Del Toro's Toughest Movie To Make Was Also A Major Box Office Bomb,2026-02-07T21:45:00+00:00,,no,https://www.slashfilm.com/2091193/guillermo-del-toro-toughest-movie-nightmare-alley-box-office-bomb/,,,,Subject requires review
George Clooney's First 'ER' Series Wasn't The One That Made Him Famous,2026-02-07T23:00:00+00:00,,no,https://www.slashfilm.com/2070582/george-clooney-first-er-series-cbs-sitcom/,,,,Subject requires review
"10 Worst Superhero TV Shows Of All Time, Ranked",2026-02-07T23:10:00+00:00,,no,https://www.slashfilm.com/2091012/10-worst-superhero-movies-all-time/,,,,Subject requires review
Bob Dylan's Favorite Movie Is Martin Scorsese's Controversial '80s Masterpiece,2026-02-08T01:00:00+00:00,,no,https://www.slashfilm.com/2094013/bob-dylan-favorite-movie-martin-scorsese-the-last-temptation-of-christ/,,,,Subject requires review
John Connor Actor Edward Furlong Followed Up Terminator 2 With An Awful Stephen King Movie - SlashFilm,2026-02-08T01:45:00+00:00,,no,https://www.slashfilm.com/2087208/john-connor-edward-furlong-terminator-2-stephen-king-movie-pet-sematary-two/,,,,Subject requires review
David Bowie's Favorite TV Show Was An Obscure Drama You've Probably Never Heard Of,2026-02-08T11:45:00+00:00,,no,https://www.slashfilm.com/2094034/david-bowie-favorite-tv-show-a-country-practice/,,,,Subject requires review
Roger Ebert Gave Liam Neeson's Underseen Historical Adventure A Near-Perfect Score,2026-02-08T14:00:00+00:00,,no,https://www.slashfilm.com/2095077/roger-ebert-near-perfect-score-liam-neeson-historical-adventure-rob-roy/,,,,Subject requires review
"Before Margot Robbie's Wuthering Heights, Stream Laurence Olivier's 1939 Version For Free",2026-02-08T14:30:00+00:00,,no,https://www.slashfilm.com/2095499/before-margot-robbie-wuthering-heights-laurence-olivier-1939-version-streaming-free/,,,,Subject requires review
What Happens To Nick Blaine In The Handmaid's Tale,2026-02-08T15:00:00+00:00,,no,https://www.slashfilm.com/2060873/what-happens-nick-blaine-the-handmaids-tale/,,,,Subject requires review
Tupac Shakur's Acting Debut Was In An Infamous Chevy Chase Box Office Bomb,2026-02-08T16:00:00+00:00,,no,https://www.slashfilm.com/2091843/tupac-shakur-chevy-chase-box-office-bomb-nothing-but-trouble/,,,,Subject requires review
10 Movies Roger Ebert Hated That Everyone Should Watch At Least Once - SlashFilm,2026-02-08T16:10:00+00:00,,no,https://www.slashfilm.com/2091014/movies-roger-ebert-hated-everyone-watch-once/,,,,Subject requires review
"What To Watch On Super Bowl Sunday Instead Of Football (February 8, 2026) - SlashFilm",2026-02-08T17:00:00+00:00,,no,https://www.slashfilm.com/2094353/what-to-watch-february-8-2026-super-bowl-sunday-movies-tv-shows/,,,,Subject requires review
Seinfeld's Jason Alexander Starred In A Canceled Sitcom That's Impossible To Watch Today,2026-02-08T17:20:00+00:00,,no,https://www.slashfilm.com/2092028/seinfeld-jason-alexander-sitcom-everythings-relative-impossible-watch/,,,,Subject requires review
Why Futurama Remains One Of TV's Most Unexpected Comfort Shows,2026-02-08T19:45:00+00:00,,no,https://www.slashfilm.com/2082392/why-futurama-tv-most-unexpected-comfort-show/,,,,Subject requires review
Jake Gyllenhaal's Boxing Movie That Almost Starred Eminem Is A Hidden Gem Streaming On Paramount+,2026-02-08T20:00:00+00:00,,no,https://www.slashfilm.com/2092235/jake-gyllenhaal-boxing-movie-southpaw-eminem-paramount-plus/,,,,Subject requires review
Project Hail Mary Super Bowl Trailer: Ryan Gosling Goes To Space To Save Us All - SlashFilm,2026-02-08T20:28:22+00:00,,no,https://www.slashfilm.com/2096080/project-hail-mary-super-bowl-trailer/,,,,Subject requires review
Succession's Matthew Macfadyen Was In One Of The Worst Alexandre Dumas Adaptations Ever,2026-02-08T21:20:00+00:00,,no,https://www.slashfilm.com/2061913/succession-matthew-macfadyen-worst-alexandre-dumas-adaptation-the-three-musketeers/,,,,Subject requires review
15 Celebrities Who Appeared On The Twilight Zone - SlashFilm,2026-02-08T23:10:00+00:00,,no,https://www.slashfilm.com/2091015/the-twilight-zone-celebrities-appearances/,,,,Subject requires review
Supergirl Super Bowl Trailer Reveals Baby Krypto And It's Adorable,2026-02-08T23:18:34+00:00,,no,https://www.slashfilm.com/2096179/supergirl-movie-super-bowl-trailer-baby-krypto/,,,,Subject requires review
Disclosure Day Super Bowl Trailer Reunites Steven Spielberg And Aliens Again - SlashFilm,2026-02-08T23:42:51+00:00,,no,https://www.slashfilm.com/2096195/disclosure-day-steven-spielberg-alien-movie-super-bowl-trailer/,,,,Subject requires review
Super Bowl 2026: Watch All The New Movie Trailers In One Place (Live Updates) - SlashFilm,2026-02-08T23:45:38+00:00,,no,https://www.slashfilm.com/2096202/watch-super-bowl-2026-movie-trailers/,,,,Subject requires review
Brad Pitt's Once Upon A Time In Hollywood Sequel Got A Surprise Super Bowl Trailer,2026-02-09T00:28:39+00:00,,no,https://www.slashfilm.com/2096223/brad-pitt-once-upon-a-time-in-hollywood-sequel-super-bowl-trailer/,,,,Subject requires review
The Super Mario Galaxy Movie Super Bowl Trailer Features Baby Mario And Odyssey,2026-02-09T00:43:52+00:00,,no,https://www.slashfilm.com/2096227/the-super-mario-galaxy-movie-super-bowl-trailer/,,,,Subject requires review
The Star-Studded 2022 Action Movie Featuring Bad Bunny You Need To Watch - SlashFilm,2026-02-09T00:49:15+00:00,,no,https://www.slashfilm.com/2096233/bad-bunny-2022-action-movie-bullet-train/,,,,Subject requires review
5 Forgotten Superhero Movies From The '70s That Are Worth Watching,2026-02-09T01:00:00+00:00,,no,https://www.slashfilm.com/2079825/70s-superhero-movies-worth-watching/,,,,Subject requires review
2026 Super Bowl Halftime Show Review: Bad Bunny Delivers A Puerto Rican Celebration With Surprise Guests - SlashFilm,2026-02-09T02:08:17+00:00,,no,https://www.slashfilm.com/2096289/bad-bunny-2026-super-bowl-halftime-show-review/,,,,Subject requires review
Dunkin' 2026 Super Bowl Commercial Turns Ben Affleck's Best '90s Movie Into A Throwback Sitcom,2026-02-09T03:35:55+00:00,,no,https://www.slashfilm.com/2096317/dunkin-2026-super-bowl-commercial-ben-affleck-good-will-hunting-sitcom/,,,,Subject requires review
The 2026 Super Bowl Had Movie Fans All Saying The Same Thing - SlashFilm,2026-02-09T04:06:11+00:00,,no,https://www.slashfilm.com/2096325/super-bowl-2026-movie-fans-saying-same-thing/,,,,Subject requires review
"2026 Super Bowl: 5 Best Commercials, Ranked",2026-02-09T11:45:00+00:00,,no,https://www.slashfilm.com/2096299/super-bowl-2026-best-commecials-ranked/,,,,Subject requires review
"2026 Super Bowl: 5 Worst Commercials, Ranked",2026-02-09T12:30:00+00:00,,no,https://www.slashfilm.com/2095172/super-bowl-2026-worst-commercials-ranked/,,,,Subject requires review
"5 Best Wizard Of Oz Movies, Ranked",2026-02-09T13:00:00+00:00,,no,https://www.slashfilm.com/2088140/best-wizard-of-oz-movies-ranked/,,,,Subject requires review
Matt Damon Lost A Role That Turned Josh Brolin Into An Oscar Nominee - SlashFilm,2026-02-09T15:00:00+00:00,,no,https://www.slashfilm.com/2088895/matt-damon-lost-milk-role-josh-brolin-oscar-nomination/,,,,Subject requires review
Zack Snyder Thinks The Dark Knight's Success Helped His Watchmen Movie,2026-02-09T15:00:00+00:00,,no,https://www.slashfilm.com/2089196/zack-snyder-thinks-the-dark-knight-success-helped-watchmen/,,,,Subject requires review
Guillermo Del Toro's Pan's Labyrinth Taught Me One Filmmaking Lesson That No Other Movie Did,2026-02-09T16:00:00+00:00,,no,https://www.slashfilm.com/2096452/guillermo-del-toro-pans-labyrinth-filmmaking-lesson-color/,,,,Subject requires review
Highlander Reboot Set Photos Reveal Dave Bautista As The Kurgan - SlashFilm,2026-02-09T17:35:37+00:00,,no,https://www.slashfilm.com/2096886/dave-bautista-highlander-reboot-the-kurgan-set-photos/,,,,Subject requires review
Caleb McLaughlin And Steph Curry's Goat Is A Treasure Trove For Basketball Fans,2026-02-09T18:00:00+00:00,,no,https://www.slashfilm.com/2096613/caleb-mclaughlin-steph-curry-goat-treasure-trove-basketball-fans/,,,,Subject requires review
Wuthering Heights Review: A Breathtaking Twist On A Classic Righteously Doomed To Be Polarizing - SlashFilm,2026-02-09T20:00:00+00:00,,no,https://www.slashfilm.com/2097045/wuthering-heights-2026-movie-review/,,,,Subject requires review
"10 Best Time Travel TV Shows Of All Time, Ranked - SlashFilm",2026-02-09T23:10:00+00:00,,no,https://www.slashfilm.com/2092000/best-time-travel-tv-shows-ranked/,,,,Subject requires review
"All Of The Jackass Movies, Ranked By Box Office",2026-02-09T23:45:00+00:00,,no,https://www.slashfilm.com/2087328/jackass-movies-ranked-by-box-office/,,,,Subject requires review
Casablanca Got A Surprisingly Decent Sequel In An Unexpected Format - SlashFilm,2026-02-10T01:00:00+00:00,,no,https://www.slashfilm.com/2089076/casablanca-sequel-novel-as-time-goes-by/,,,,Subject requires review
5 Best Movie Villains From The '70s,2026-02-10T15:00:00+00:00,,no,https://www.slashfilm.com/2095689/best-70s-movie-villains/,,,,Subject requires review
Why A Harry Potter Character Has Become The Unofficial Face Of Chinese New Year Celebrations - SlashFilm,2026-02-10T17:45:00+00:00,,no,https://www.slashfilm.com/2097963/why-harry-potter-draco-malfoy-unofficial-face-chinese-new-year/,,,,Subject requires review
The Lincoln Lawyer Season 5: Everything We Know So Far - SlashFilm,2026-02-10T18:00:00+00:00,,no,https://www.slashfilm.com/2097952/the-lincoln-lawyer-season-5-details/,,,,Subject requires review
Johnny Cash Was A Major Fan Of Joaquin Phoenix's Oscar-Winning Historical Epic,2026-02-10T19:00:00+00:00,,no,https://www.slashfilm.com/2097309/johnny-cash-fan-joaquin-phoenix-oscar-historical-epic-gladiator/,,,,Subject requires review
5 Movies From The '60s That Have Aged Terribly,2026-02-10T20:00:00+00:00,,no,https://www.slashfilm.com/2092158/60s-movies-aged-terribly/,,,,Subject requires review
"Mike Flanagan Is Directing Another Stephen King Movie, But A Perfect Version Already Exists - SlashFilm",2026-02-10T21:00:00+00:00,,no,https://www.slashfilm.com/2098236/stephen-king-the-mist-movie-remake-director-mike-flanagan/,,,,Subject requires review
Why Pirates Of The Caribbean Director Gore Verbinski Will Never Return To The Franchise - SlashFilm,2026-02-10T22:00:00+00:00,,no,https://www.slashfilm.com/2098287/why-pirates-of-the-caribbean-director-gore-verbinski-never-return-franchise/,,,,Subject requires review
Elvis Presley Was A Huge Fan Of This '70s Fantasy Movie That Still Makes Us Laugh,2026-02-11T01:00:00+00:00,,no,https://www.slashfilm.com/2097359/elvis-presley-fan-70s-fantasy-comedy-movie-monty-python-and-the-holy-grail/,,,,Subject requires review
"Why A Knight Of The Seven Kingdoms Episodes Are So Short, According To The Showrunner - SlashFilm",2026-02-11T11:45:00+00:00,,no,https://www.slashfilm.com/2098446/knight-of-the-seven-kingdoms-short-episodes-explained-showrunner/,,,,Subject requires review
"Why Good Luck, Have Fun, Don't Die Director Gore Verbinski Is 'Deeply Concerned' About The Future Of Hollywood [Exclusive]",2026-02-11T15:00:00+00:00,,no,https://www.slashfilm.com/2094314/good-luck-have-fun-dont-die-director-gore-verbinski-concerned-future-hollywood/,,,,Subject requires review
Crime 101 Review: Chris Hemsworth Is A Good Thief In This Enjoyable Crime Thriller Throwback - SlashFilm,2026-02-11T16:00:00+00:00,,no,https://www.slashfilm.com/2098680/crime-101-movie-review/,,,,Subject requires review
Jason Momoa Is Teaming With A Fast And Furious Director For A Big Video Game Movie - SlashFilm,2026-02-11T19:23:47+00:00,,no,https://www.slashfilm.com/2099043/jason-momoa-cast-justin-lin-helldivers-movie/,,,,Subject requires review
"James Van Der Beek, Dawson's Creek And Varsity Blues Star, Dies At 48",2026-02-11T20:04:42+00:00,,no,https://www.slashfilm.com/2099082/james-van-der-beek-dawsons-creek-dead-obituary/,,,,Subject requires review
James Van Der Beek's Best Role Was On This Underrated ABC Sitcom,2026-02-11T21:01:14+00:00,,no,https://www.slashfilm.com/2099132/james-van-der-beek-best-role-dont-trust-the-b/,,,,Subject requires review
This Underrated James Van Der Beek Dark Comedy Is Streaming For Free - SlashFilm,2026-02-11T21:27:28+00:00,,no,https://www.slashfilm.com/2099157/james-van-der-beek-the-rules-of-attraction-streaming-free-tubi/,,,,Subject requires review
I've Seen Every 2026 Best Picture Nominee And Here's What I Think Should Win The Oscar,2026-02-11T23:45:00+00:00,,no,https://www.slashfilm.com/2099085/seen-every-2026-best-picture-nominee-who-should-win-oscar/,,,,Subject requires review
Pluribus Star Rhea Seehorn's Debut Was On One Of TV's First Prestige Crime Shows,2026-02-12T15:00:00+00:00,,no,https://www.slashfilm.com/2094978/pluribus-star-rhea-seehorn-acting-debut-tv-first-prestige-show-homicide/,,,,Subject requires review
"The Jacob Elordi Wuthering Heights Casting Controversy, Explained - SlashFilm",2026-02-12T23:00:00+00:00,,no,https://www.slashfilm.com/2099925/jacob-elordi-wuthering-heights-movie-casting-controversy-explained/,,,,Subject requires review
Why Schitt's Creek Ended After 6 Seasons,2026-02-13T00:00:00+00:00,,no,https://www.slashfilm.com/2099809/why-shitts-creek-ended-after-6-seasons/,,,,Subject requires review
You're Not A Jason Momoa Fan If You Haven't Seen His 2018 Action Thriller,2026-02-13T01:45:00+00:00,,no,https://www.slashfilm.com/2099778/jason-momoa-2018-action-thriller-braven/,,,,Subject requires review
The Pitt Season 2 Said Goodbye To One Of Its Favorite Patients With A Tragic Twist - SlashFilm,2026-02-13T02:00:00+00:00,,no,https://www.slashfilm.com/2082909/the-pitt-season-2-patient-louie-cloverfield-death/,,,,Subject requires review
Why Noah Wyle Found Writing An Episode Of The Pitt So Challenging - SlashFilm,2026-02-13T11:45:00+00:00,,no,https://www.slashfilm.com/2099939/noah-wyle-writing-the-pitt-episode-challenging/,,,,Subject requires review
5 Best Movies To Watch After 2026's Wuthering Heights,2026-02-13T15:00:00+00:00,,no,https://www.slashfilm.com/2098336/best-movies-watch-after-2026-wuthering-heights/,,,,Subject requires review
One Knight Of The Seven Kingdoms Star Revealed One Of George R.R. Martin,2026-02-13T16:13:42+00:00,,no,https://www.slashfilm.com/2100396/knight-of-the-seven-kingdoms-dexter-sol-ansell-george-rr-martin-dunnk-egg-spoilers/,,,,Subject requires review
Why Young Heathcliff From Wuthering Heights Looks So Familiar - SlashFilm,2026-02-13T17:00:00+00:00,,no,https://www.slashfilm.com/2098864/wuthering-heights-2026-movie-young-heathcliff-actor-owen-cooper/,,,,Subject requires review
"Before Crime 101, Director Bart Layton Made An Underseen Inventive Crime Thriller - SlashFilm",2026-02-13T18:00:00+00:00,,no,https://www.slashfilm.com/2099210/crime-101-director-bart-layton-thriller-american-animals/,,,,Subject requires review
Every Way 2026's Wuthering Heights Changes Emily Brontë's Classic Novel,2026-02-13T22:00:00+00:00,,no,https://www.slashfilm.com/2099552/wuthering-heights-2026-movie-emily-bronte-novel-changes/,,,,Subject requires review
J. J. Abrams' Canceled Spy TV Show Is Nearly Impossible To Watch Today,2026-02-14T11:45:00+00:00,,no,https://www.slashfilm.com/2092405/jj-abrams-canceled-spy-tv-show-undercovers-impossible-watch/,,,,Subject requires review
A Knight Of The Seven Kingdoms Showrunner Admits To One Big 'Mistake' In The Show,2026-02-14T12:45:00+00:00,,no,https://www.slashfilm.com/2099107/knight-of-the-seven-kingdoms-showrunner-admits-big-mistake/,,,,Subject requires review
Denzel Washington's Gritty '90s Sports Movie Is A Must-Watch On Paramount+,2026-02-14T16:00:00+00:00,,no,https://www.slashfilm.com/2100694/denzel-washington-90s-sports-movie-the-hurricane-streaming-paramount-plus/,,,,Subject requires review
Matthew Lillard Has Some Wholesome Advice For Future Scooby-Doo Stars - SlashFilm,2026-02-14T18:00:00+00:00,,no,https://www.slashfilm.com/2079303/matthew-lillard-wholesome-advice-future-scooby-doo-stars/,,,,Subject requires review
"Before Pluribus, Samba Schutte Starred In A Pirate Show That Was Canceled Too Soon - SlashFilm",2026-02-14T19:00:00+00:00,,no,https://www.slashfilm.com/2093119/pluribus-samba-schutte-pirate-show-canceled-our-flag-means-death/,,,,Subject requires review
Why Sylvester Stallone Got Booed While Promoting Rambo 3 - SlashFilm,2026-02-14T19:30:00+00:00,,no,https://www.slashfilm.com/2083571/why-sylvester-stallone-promoting-rambo-3-booed/,,,,Subject requires review
Stephen King's Most Terrifying Characters Have Been Played By Two Brothers,2026-02-14T20:00:00+00:00,,no,https://www.slashfilm.com/2093024/alexander-bill-skarsgard-brothers-randall-flagg-pennywise-stephen-king/,,,,Subject requires review
A Kick-Ass Spin-Off Featuring Chris Hemsworth Was Filmed But Never Released - SlashFilm,2026-02-14T21:00:00+00:00,,no,https://www.slashfilm.com/2097106/kick-ass-spin-off-stuntnuts-chris-hemsworth-never-released/,,,,Subject requires review
5 TV Shows That Underwent Ridiculous Overhauls,2026-02-14T22:45:00+00:00,,no,https://www.slashfilm.com/2088890/tv-shows-underwent-ridiculous-overhauls/,,,,Subject requires review
Guillermo Del Toro Gave Half His Hellboy Salary Back To The Studio For A Great Reason - SlashFilm,2026-02-14T23:00:00+00:00,,no,https://www.slashfilm.com/2097203/guillermo-del-toro-gave-half-hellboy-salary-back-great-reason/,,,,Subject requires review
"15 Strongest Yu-Gi-Oh! Monsters, Ranked",2026-02-14T23:10:00+00:00,,no,https://www.slashfilm.com/2098066/yu-gi-oh-strongest-monsters-ranked/,,,,Subject requires review
A Live-Action Marvin The Martian Movie Almost Happened – But Only Test Footage Remains - SlashFilm,2026-02-15T00:00:00+00:00,,no,https://www.slashfilm.com/2089296/live-action-marvin-the-martian-movie-canceled-test-footage/,,,,Subject requires review
The Best Wuthering Heights Adaptation You've Never Seen Is A Music Video,2026-02-15T12:00:00+00:00,,no,https://www.slashfilm.com/2099997/wuthering-heights-best-adaptation-music-video-pandoras-box/,,,,Subject requires review
"10 Best Movies Directed By Clint Eastwood, Ranked - SlashFilm",2026-02-15T16:10:00+00:00,,no,https://www.slashfilm.com/2098069/best-movies-directed-by-clint-eastwood-ranked/,,,,Subject requires review
Landman Star Billy Bob Thornton Knows Why Taylor Sheridan's TV Shows Work So Well,2026-02-15T16:45:00+00:00,,no,https://www.slashfilm.com/2084924/landman-billy-bob-thornton-taylor-sheridan-shows-work-chemistry/,,,,Subject requires review
CBS Canceled This 2006 Ray Liotta Crime Drama After Only Three Episodes - SlashFilm,2026-02-15T17:20:00+00:00,,no,https://www.slashfilm.com/2094237/ray-liotta-2006-crime-drama-smith-canceled/,,,,Subject requires review
John And Joan Cusack Were Originally Slated For Two Major Breakfast Club Roles - SlashFilm,2026-02-15T18:20:00+00:00,,no,https://www.slashfilm.com/2094324/john-joan-cusack-originally-cast-major-breakfast-club-characters/,,,,Subject requires review
Dolly Parton's Favorite Movie Is An Oscar-Winning Historical Epic From The '60s,2026-02-15T18:45:00+00:00,,no,https://www.slashfilm.com/2099234/dolly-parton-favorite-movie-oscar-winning-doctor-zhivago/,,,,Subject requires review
5 Amazing '70s Movies You Didn't Know Were Remakes,2026-02-15T20:00:00+00:00,,no,https://www.slashfilm.com/2098479/70s-movies-you-didnt-know-remakes/,,,,Subject requires review
Zack Snyder Almost Hoped His Watchmen Adaptation Was Never Released - SlashFilm,2026-02-15T21:20:00+00:00,,no,https://www.slashfilm.com/2094979/zack-snyder-almost-hoped-watchmen-never-released/,,,,Subject requires review
Landman's Biggest Father And Son Duo Have A Surprisingly Small Age Gap,2026-02-15T22:00:00+00:00,,no,https://www.slashfilm.com/2077569/landman-small-age-gap-billy-bob-thornton-sam-elliott/,,,,Subject requires review
Trial Of Seven: A Knight Of The Seven Kingdoms' Best Action Scene Explained,2026-02-16T11:45:00+00:00,,no,https://www.slashfilm.com/2097814/trial-of-seven-a-knight-of-the-seven-kingdoms-explained/,,,,Subject requires review
"A Knight Of The Seven Kingdoms: The Blackfyre Rebellion, Explained - SlashFilm",2026-02-16T14:00:00+00:00,,no,https://www.slashfilm.com/2099734/knight-of-the-seven-kingdoms-blackfyre-rebellion-explained/,,,,Subject requires review
I've Been Watching Action Movies For 48 Years. This Is The Film That Made Me A Lifelong Fan,2026-02-16T15:00:00+00:00,,no,https://www.slashfilm.com/2102191/watching-action-movies-48-years-blues-brothers-made-lifelong-fan/,,,,Subject requires review
How To Watch 28 Years Later: The Bone Temple At Home - SlashFilm,2026-02-16T16:00:00+00:00,,no,https://www.slashfilm.com/2102252/how-watch-28-years-later-the-bone-temple-at-home/,,,,Subject requires review
"15 Most Disappointing Movies Of 2025, Ranked",2026-02-16T16:10:00+00:00,,no,https://www.slashfilm.com/2098060/most-disappointing-movies-2025-ranked/,,,,Subject requires review
An Uneasy Prophecy Comes True In A Knight Of The Seven Kingdoms Episode 5 - SlashFilm,2026-02-16T17:00:00+00:00,,no,https://www.slashfilm.com/2099840/prophecy-true-knight-of-the-seven-kingdoms-episode-5-baelor-death/,,,,Subject requires review
Sean Connery And Audrey Hepburn Starred In The Best Robin Hood Movie You,2026-02-16T17:45:00+00:00,,no,https://www.slashfilm.com/2098969/sean-connery-audrey-hepburn-best-robin-hood-movie-robin-and-marian/,,,,Subject requires review
"Robert Duvall, Legendary Star Of The Godfather And Apocalypse Now, Dead At 95 - SlashFilm",2026-02-16T18:21:51+00:00,,no,https://www.slashfilm.com/2102428/robert-duvall-godfather-apocalypse-now-dead-obituary/,,,,Subject requires review
Stephen King Wrote A Disturbing Vampire Movie Starring Hellboy,2026-02-16T19:00:00+00:00,,no,https://www.slashfilm.com/2096601/stephen-king-vampire-movie-hellboy-ron-perlman-sleepwalkers/,,,,Subject requires review
Bradley Cooper Played An Anthony Bourdain-Inspired Chef In This Forgotten Fox Sitcom - SlashFilm,2026-02-16T19:45:00+00:00,,no,https://www.slashfilm.com/2088020/bradley-cooper-anthony-bourdain-inspired-chef-forgotten-fox-sitcom-kitchen-confidential/,,,,Subject requires review
5 Reasons Why 2026's Wuthering Heights Ruled The Box Office,2026-02-16T20:45:00+00:00,,no,https://www.slashfilm.com/2102558/wuthering-heights-2026-movie-success-reasons/,,,,Subject requires review
"Before The Godfather, Robert Duvall Starred In One Of The Twilight Zone",2026-02-16T22:00:00+00:00,,no,https://www.slashfilm.com/2102614/the-godfather-robert-duvall-the-twilight-zone-episode-miniature/,,,,Subject requires review
You're Not A George Lucas Fan If You Haven't Seen This '90s Crime Comedy,2026-02-16T22:20:00+00:00,,no,https://www.slashfilm.com/2099575/george-lucas-90s-crime-comedy-radioland-murders/,,,,Subject requires review
This Steven Spielberg Movie Shares An Oscar Record No Director Wants - SlashFilm,2026-02-16T23:00:00+00:00,,no,https://www.slashfilm.com/2099645/steven-spielberg-the-color-purple-oscar-record-most-nominations-no-wins/,,,,Subject requires review
Demi Moore's Infamous '90s Box Office Bomb (That Roger Ebert Loved) Deserved A Better Fate,2026-02-16T23:45:00+00:00,,no,https://www.slashfilm.com/2099704/demi-moore-90s-box-office-bomb-roger-ebert-loved-gi-jane/,,,,Subject requires review
The Godfather Part III: Why Robert Duvall's Tom Hagen Didn't Return,2026-02-17T01:00:00+00:00,,no,https://www.slashfilm.com/2102746/robert-duvall-tom-hagen-the-godfather-part-3-absence-explained/,,,,Subject requires review
Roger Ebert Gave A Perfect Score To This Forgotten Robert Duvall Drama (Which He Also Directed) - SlashFilm,2026-02-17T01:45:00+00:00,,no,https://www.slashfilm.com/2102657/roger-ebert-perfect-score-robert-duvall-directed-drama-the-apostle/,,,,Subject requires review
Roger Ebert Said Ellen DeGeneres' Box Office Bomb Proved She Was A Movie Star,2026-02-17T11:45:00+00:00,,no,https://www.slashfilm.com/2099611/roger-ebert-ellen-degeneres-movie-box-office-bomb-mr-wrong/,,,,Subject requires review
Billy Bob Thornton's Underrated Coen Brothers Movie Is A Must-Watch,2026-02-17T13:00:00+00:00,,no,https://www.slashfilm.com/2100665/billy-bob-thornton-underrated-coen-brothers-movie-the-man-who-wasnt-there/,,,,Subject requires review
Guillermo Del Toro Rejected A Fantasy Movie Adaptation To Make Pan,2026-02-17T14:00:00+00:00,,no,https://www.slashfilm.com/2099739/guillermo-del-toro-rejected-fantasy-movie-the-chronicles-of-narnia-pans-labyrinth/,,,,Subject requires review
Tell Me Lies Season 3 Ending Explained: What Happens To Lucy And Stephen? - SlashFilm,2026-02-17T16:00:00+00:00,,no,https://www.slashfilm.com/2092577/tell-me-lies-season-3-ending-explained/,,,,Subject requires review
Tell Me Lies Showrunner Meaghan Oppenheimer Breaks Down Season 3 Ending [Exclusive] - SlashFilm,2026-02-17T17:00:00+00:00,,no,https://www.slashfilm.com/2093085/tell-me-lies-showrunner-meaghan-oppenheimer-season-3-ending-breakdown/,,,,Subject requires review
Tell Me Lies Season 3 Finale: Who Leaked Lucy's Tape,2026-02-17T17:45:00+00:00,,no,https://www.slashfilm.com/2093026/tell-me-lies-season-3-who-leaked-lucy-tape/,,,,Subject requires review
The Orville Crew's Interstellar Mission Is So Vague For A Simple Reason,2026-02-17T18:00:00+00:00,,no,https://www.slashfilm.com/2099742/the-orville-crew-interstellar-mission-vague-reason/,,,,Subject requires review
How Glenn Close Was Cast As A Bearded Pirate In Steven Spielberg,2026-02-17T19:00:00+00:00,,no,https://www.slashfilm.com/2073671/how-glenn-close-cast-bearded-pirate-steven-spielberg-fantasy-movie-hook/,,,,Subject requires review
How To Watch No Other Choice At Home,2026-02-17T19:45:00+00:00,,no,https://www.slashfilm.com/2103459/how-watch-no-other-choice-at-home/,,,,Subject requires review
Tell Me Lies Showrunner Meaghan Oppenheimer Says This Season 3 Couple Was Planned All Along [Exclusive] - SlashFilm,2026-02-17T20:00:00+00:00,,no,https://www.slashfilm.com/2097681/tell-me-lies-showrunner-meaghan-oppenheimer-season-3-couple-bree-wrigley-planned/,,,,Subject requires review
The Ending Of Tell Me Lies Is Perfect — And The Only Way To Close Out This Story - SlashFilm,2026-02-17T23:20:00+00:00,,no,https://www.slashfilm.com/2103826/tell-me-lies-series-finale-ending-perfect/,,,,Subject requires review
Emerald Fennell's Wuthering Heights Has Been Accused Of Going Too Far – It Should've Gone Further,2026-02-18T00:00:00+00:00,,no,https://www.slashfilm.com/2103652/emerald-fennell-wuthering-heights-didnt-go-far-enough/,,,,Subject requires review
"A Brilliant 2026 Comedy Is A Hilarious, Guerrilla Remake Of One Of The Best Movies Ever - SlashFilm",2026-02-18T13:00:00+00:00,,no,https://www.slashfilm.com/2103872/nirvanna-the-band-the-show-the-movie-2026-comedy-remake-back-to-the-future/,,,,Subject requires review
How To Make A Killing Review: Glen Powell Is Perfectly Cast In John Patton Ford,2026-02-18T14:00:00+00:00,,no,https://www.slashfilm.com/2104095/how-to-make-a-killing-review/,,,,Subject requires review
The Simpsons Might End Some Day - But Not The Way You Might Think - SlashFilm,2026-02-18T15:00:00+00:00,,no,https://www.slashfilm.com/2103508/the-simpsons-potential-series-finale-ending/,,,,Subject requires review
The Late Tom Noonan Was Every Genre Fan's Favorite Actor,2026-02-18T16:00:00+00:00,,no,https://www.slashfilm.com/2104285/tom-noonan-actor-dead-tribute/,,,,Subject requires review
"30 Best Female Actors Of All Time, Ranked",2026-02-18T16:10:00+00:00,,no,https://www.slashfilm.com/2103467/best-female-actors-ranked/,,,,Subject requires review
Plane 2: Why The Gerard Butler Sequel Was Canceled - SlashFilm,2026-02-18T18:00:00+00:00,,no,https://www.slashfilm.com/2104453/why-plane-2-gerard-butler-sequel-canceled/,,,,Subject requires review
The Simpsons Episode 800 Answers A 37-Year-Old Question - SlashFilm,2026-02-18T22:54:19+00:00,,no,https://www.slashfilm.com/2104807/the-simpsons-episode-800-answer-37-year-old-question-couch-gag/,,,,Subject requires review
Peaky Blinders: The Immortal Man Trailer Teases Tommy Shelby,2026-02-19T14:33:08+00:00,,no,https://www.slashfilm.com/2105121/peaky-blinders-the-immortal-man-trailer/,,,,Subject requires review
House Of The Dragon Season 3 Trailer Promises Those Big Dragon Battles Are Finally Going To Happen - SlashFilm,2026-02-19T16:09:22+00:00,,no,https://www.slashfilm.com/2105216/house-of-the-dragon-season-3-trailer/,,,,Subject requires review
Toy Story 5 Trailer Features Woody's Return As Tech Tries To Take Over,2026-02-19T17:10:33+00:00,,no,https://www.slashfilm.com/2105300/toy-story-5-trailer/,,,,Subject requires review
This Trippy Isaac Asimov Adaptation From The '80s Is A Fever Dream You Can Stream For Free,2026-02-19T19:52:02+00:00,,no,https://www.slashfilm.com/2105487/isaac-asimov-80s-adaptation-the-end-of-eternity-streaming-free-youtube/,,,,Subject requires review
Dan Aykroyd Met An Angry Isaac Asimov On The Set Of Ghostbusters - SlashFilm,2026-02-20T12:45:00+00:00,,no,https://www.slashfilm.com/2104878/dan-aykroyd-angry-isaac-asimov-ghostbusters-set/,,,,Subject requires review
Glen Powell's How To Make A Killing Is A Secret Remake Of A Comedy Masterpiece,2026-02-20T15:00:00+00:00,,no,https://www.slashfilm.com/2105817/glen-powell-how-to-make-a-killing-secret-remake-kind-hearts-and-coronets/,,,,Subject requires review
Psycho Killer Producer Roy Lee Says The Movie's Grossest Moment Was Almost Nastier [Exclusive],2026-02-20T16:00:00+00:00,,no,https://www.slashfilm.com/2105316/psycho-killer-grossest-moment-producer-roy-lee-interview/,,,,Subject requires review
George Harrison's Favorite Comedy Is Easily One Of The Funniest Movies Ever Made,2026-02-20T18:00:00+00:00,,no,https://www.slashfilm.com/2105700/george-harrison-favorite-comedy-the-producers/,,,,Subject requires review
President Donald Trump Claims Melania Is A Box Office Success – The Facts Say Otherwise - SlashFilm,2026-02-20T18:18:02+00:00,,no,https://www.slashfilm.com/2106118/president-donald-trump-claim-melania-box-office-success-wrong-facts/,,,,Subject requires review
Why Luke Grimes' Yellowstone Spin-Off Marshals Was Renamed,2026-02-20T22:45:56+00:00,,no,https://www.slashfilm.com/2106411/why-luke-grimes-yellowstone-spin-off-marshals-renamed/,,,,Subject requires review
Jack Nicholson Was A Big Fan Of This Devastating 2003 Crime Thriller For One Reason - SlashFilm,2026-02-21T12:45:00+00:00,,no,https://www.slashfilm.com/2106345/jack-nicholson-fan-2003-crime-thriller-21-grams/,,,,Subject requires review
Robert Baratheon's Rebellion Stage Play Could Either Ruin Or Save Game Of Thrones,2026-02-21T14:00:00+00:00,,no,https://www.slashfilm.com/2105956/the-mad-king-roberts-rebellion-stage-play-ruin-save-game-of-thrones/,,,,Subject requires review
Supergirl TV Series Cast: Where The Actors Are Now - SlashFilm,2026-02-21T16:10:00+00:00,,no,https://www.slashfilm.com/2103278/supergirl-tv-series-cast-actors-now/,,,,Subject requires review
5 Best Eric Dane Movies And TV Shows You Need To Watch - SlashFilm,2026-02-21T18:00:00+00:00,,no,https://www.slashfilm.com/2106703/best-eric-dane-movies-tv-shows/,,,,Subject requires review
A Knight Of The Seven Kingdoms Cast An Unknown Actor As Ser Duncan For A Good Reason - SlashFilm,2026-02-21T18:30:00+00:00,,no,https://www.slashfilm.com/2102573/a-knight-of-the-seven-kingdoms-cast-unknown-actor-ser-duncan-peter-claffey-reason/,,,,Subject requires review
I've Been Watching Awful Comedies For Over 31 Years. Only One Made Me Walk Out Of The Theater,2026-02-21T19:00:00+00:00,,no,https://www.slashfilm.com/2103801/watching-awful-comedies-years-war-on-everyone-made-me-walk-out-theater/,,,,Subject requires review
Roger Ebert Tore Apart A Movie That Teamed Up Liam Neeson With Leonard Nimoy - SlashFilm,2026-02-21T20:00:00+00:00,,no,https://www.slashfilm.com/2089016/roger-ebert-tore-apart-the-good-mother-liam-neeson-leonard-nimoy/,,,,Subject requires review
Nicolas Cage Helped Make One Of The Most Underrated Vampire Movies Ever - SlashFilm,2026-02-21T21:00:00+00:00,,no,https://www.slashfilm.com/2103565/nicolas-cage-produced-underrated-movie-shadow-of-the-vampire/,,,,Subject requires review
Margot Robbie's Underseen Period Drama Was Canceled Way Too Soon,2026-02-21T21:45:00+00:00,,no,https://www.slashfilm.com/2087999/margot-robbie-period-drama-pan-am-canceled/,,,,Subject requires review
The Dangerous Full House Scene Star John Stamos Was Absolutely Terrified To Shoot - SlashFilm,2026-02-21T22:45:00+00:00,,no,https://www.slashfilm.com/2099851/full-house-chimpanzee-scene-terrified-john-stamos/,,,,Subject requires review
American Pie Star Jason Biggs Regrets Turning Down The Lead In A Major Sitcom - SlashFilm,2026-02-22T00:00:00+00:00,,no,https://www.slashfilm.com/2100061/american-pie-jason-biggs-regrets-turning-down-how-i-met-your-mother/,,,,Subject requires review
George R.R. Martin Did Not Hold Back About Battlestar Galactica - SlashFilm,2026-02-22T01:00:00+00:00,,no,https://www.slashfilm.com/2106278/george-rr-martin-harsh-words-battlestar-galactica/,,,,Subject requires review
Roger Ebert Called This Notorious John Wayne Movie 'Cruel And Dishonest',2026-02-22T13:00:00+00:00,,no,https://www.slashfilm.com/2103212/roger-ebert-john-wayne-movie-the-green-berets-cruel-dishonest/,,,,Subject requires review
George R.R. Martin On What He Actually Wants When Compared To J.R.R. Tolkien - SlashFilm,2026-02-22T14:30:00+00:00,,no,https://www.slashfilm.com/2096629/george-rr-martin-wants-jrr-tolkien-books-read-in-future/,,,,Subject requires review
I've Seen Every Daily Wire Movie And Their Biggest Problem Is Not What You'd Think,2026-02-22T15:00:00+00:00,,no,https://www.slashfilm.com/2103564/daily-wire-movies-biggest-problem/,,,,Subject requires review
Clint Eastwood Produced An Oil Drama That's Perfect For Landman Fans,2026-02-22T16:00:00+00:00,,no,https://www.slashfilm.com/2081340/clint-eastwood-oil-drama-the-stars-fell-on-henrietta-landman-fans/,,,,Subject requires review
"15 Best TV Movies Of All Time, Ranked",2026-02-22T16:10:00+00:00,,no,https://www.slashfilm.com/2103619/best-tv-movies-ranked/,,,,Subject requires review
An Important Pluribus Moment Was Hilariously Spoiled By Google Earth - SlashFilm,2026-02-22T16:45:00+00:00,,no,https://www.slashfilm.com/2084583/pluribus-episode-7-spoiled-google-earth/,,,,Subject requires review
How Eric Dane's Dr. Mark Sloan Became The Emotional Core Of Grey's Anatomy By Accident,2026-02-22T17:00:00+00:00,,no,https://www.slashfilm.com/2106220/eric-dane-dr-mark-sloan-greys-anatomy-emotional-core/,,,,Subject requires review
Kurt Russell's Awesome '90s Firefighter Movie Got A Bizarre Sequel We Need To Talk About,2026-02-22T18:00:00+00:00,,no,https://www.slashfilm.com/2105385/kurt-russell-firefighter-movie-backdraft-sequel/,,,,Subject requires review
Cate Blanchett Nearly Played A Second Lord Of The Rings Character In The Hobbit - SlashFilm,2026-02-22T19:45:00+00:00,,no,https://www.slashfilm.com/2100502/cate-blanchett-wanted-second-the-lord-of-the-rings-character-the-hobbit-dwarf/,,,,Subject requires review
Eugene Levy And Seth Green's Puppet Sitcom Was Created By Anora's Oscar-Winning Director,2026-02-22T20:00:00+00:00,,no,https://www.slashfilm.com/2100642/eugene-levy-seth-green-anora-oscar-director-sean-baker-puppet-sitcom-greg-the-bunny/,,,,Subject requires review
Bob Dylan Was Impressed (And Influenced) By This Classic '60s Crime Drama,2026-02-22T21:20:00+00:00,,no,https://www.slashfilm.com/2107271/bob-dylan-impressed-60s-crime-drama-breathless/,,,,Subject requires review
The Shrek Character You Forgot Was Played By Landman Star Billy Bob Thornton - SlashFilm,2026-02-23T01:45:00+00:00,,no,https://www.slashfilm.com/2100101/landman-billy-bob-thornton-shrek-puss-in-boots-jack-and-jill/,,,,Subject requires review
Does A Knight Of The Seven Kingdoms Confirm A Major Fan-Theory? It,2026-02-23T04:00:00+00:00,,no,https://www.slashfilm.com/2105161/knight-of-the-seven-kingdoms-finale-fan-theory-explained-dunk-knighthood/,,,,Subject requires review
A Knight Of The Seven Kingdoms Season 1 Finale Features The Strangest Music Choice In The GoT Franchise - SlashFilm,2026-02-23T11:45:00+00:00,,no,https://www.slashfilm.com/2100334/knight-of-the-seven-kingdoms-season-1-finale-strangest-music-choice-game-of-thrones-franchise/,,,,Subject requires review
A Knight Of The Seven Kingdoms Season 1's Last Shot Pays Tribute To One Of The Greatest Movie Endings Ever,2026-02-23T13:00:00+00:00,,no,https://www.slashfilm.com/2104576/knight-of-the-seven-kingdoms-season-1-last-shot-tribute-furious-7-movie-ending/,,,,Subject requires review
"Neon Genesis Evangelion Is Getting A New Anime After Ending Three Times, Because Nothing Ever Ends - SlashFilm",2026-02-23T14:00:00+00:00,,no,https://www.slashfilm.com/2107676/neon-genesis-evangelion-new-anime/,,,,Subject requires review
A Knight Of The Seven Kingdoms Has Somehow Made One Game Of Thrones Death Even More Heartbreaking - SlashFilm,2026-02-23T15:00:00+00:00,,no,https://www.slashfilm.com/2099968/knight-of-the-seven-kingdoms-game-of-thrones-death-more-heartbreaking-maester-aemon/,,,,Subject requires review
Paradise Season 2's Biggest Risk Pays Off Right Away,2026-02-23T16:00:00+00:00,,no,https://www.slashfilm.com/2106297/paradise-season-2-biggest-risk-payoff-3-episode-release/,,,,Subject requires review
"All 11 Gore Verbinski Movies, Ranked",2026-02-23T16:10:00+00:00,,no,https://www.slashfilm.com/2105420/gore-verbinski-movies-ranked/,,,,Subject requires review
A Knight Of The Seven Kingdoms' Potential Title Change Addressed By Creator,2026-02-23T17:00:00+00:00,,no,https://www.slashfilm.com/2107922/a-knight-of-the-seven-kingdoms-creator-title-change-nine/,,,,Subject requires review
Wonder Man And A Knight Of The Seven Kingdoms Prove An Important Franchise Lesson - SlashFilm,2026-02-23T17:45:00+00:00,,no,https://www.slashfilm.com/2102271/wonder-man-a-knight-of-the-seven-kingdoms-franchise-lesson/,,,,Subject requires review
Paradise Season 2 Wisely Keeps The Best Part Of Season 1 Alive - SlashFilm,2026-02-23T18:45:00+00:00,,no,https://www.slashfilm.com/2107386/paradise-season-2-best-part-season-1-alive-flashbacks/,,,,Subject requires review
A Knight Of The Seven Kingdoms' Ambitious Multi-Season Plan Explained By Creator,2026-02-23T19:10:00+00:00,,no,https://www.slashfilm.com/2108038/a-knight-of-the-seven-kingdoms-seasons-plan-explained-creator/,,,,Subject requires review
Val Kilmer's Attempt At A Mission Impossible-Style Action Franchise Was A Disappointment,2026-02-23T20:45:00+00:00,,no,https://www.slashfilm.com/2100822/val-kilmer-attempt-mission-impossible-action-franchise-the-saint/,,,,Subject requires review
The Pitt Season 2's July 4th Setting Isn't Just About Fireworks Injuries,2026-02-23T21:00:00+00:00,,no,https://www.slashfilm.com/2108284/the-pitt-season-2-fourth-of-july-setting-fireworks-injuries/,,,,Subject requires review
Godzilla Is About To Meet One Of The Biggest Video Game Icons Of All Time In A Comic Crossover - SlashFilm,2026-02-23T22:00:00+00:00,,no,https://www.slashfilm.com/2108357/godzilla-sonic-the-hedgehog-comic-crossover/,,,,Subject requires review
NCIS Actor David McCallum Is Partly Responsible For One Of The Greatest Rap Songs Ever - SlashFilm,2026-02-23T23:45:00+00:00,,no,https://www.slashfilm.com/2105464/ncis-actor-david-mccallum-responsible-for-next-episode-sample/,,,,Subject requires review
Harry Potter: Why Hermione Obliviated Her Parents - SlashFilm,2026-02-24T00:00:00+00:00,,no,https://www.slashfilm.com/2105473/harry-potter-why-hermione-obliviate-parents/,,,,Subject requires review
Michael Crichton's Cult Classic Movie About Killer Gorillas Deserves To Get Remade,2026-02-24T00:45:00+00:00,,no,https://www.slashfilm.com/2100829/congo-cult-classic-killer-gorillas-deserves-remake/,,,,Subject requires review
George Lucas Helped Make One Of The Best Samurai Movies Of All Time - SlashFilm,2026-02-24T01:45:00+00:00,,no,https://www.slashfilm.com/2108544/george-lucas-helped-make-best-samurai-movie-kagemusha/,,,,Subject requires review
5 Game Of Thrones Spin-Offs We Need To See After A Knight Of The Seven Kingdoms - SlashFilm,2026-02-24T13:00:00+00:00,,no,https://www.slashfilm.com/2104456/game-of-thrones-spin-offs-after-knight-of-the-seven-kingdoms/,,,,Subject requires review
Revenge Of The Nerds And Lizzie McGuire Actor Robert Carradine Dead At 71 - SlashFilm,2026-02-24T13:15:09+00:00,,no,https://www.slashfilm.com/2108736/robert-carradine-revenge-of-the-nerds-lizzie-mcguire-actor-dead-obituary/,,,,Subject requires review
Monarch: Legacy Of Monsters Season 2 Review: A Godzilla/Kong-Sized Adventure Bogged Down By Too Much Melodrama - SlashFilm,2026-02-24T14:00:00+00:00,,no,https://www.slashfilm.com/2108188/monarch-legacy-of-monsters-season-2-review/,,,,Subject requires review
Why Link In Paradise Season 2 Looks So Familiar,2026-02-24T15:00:00+00:00,,no,https://www.slashfilm.com/2108020/paradise-season-2-link-actor-thomas-doherty/,,,,Subject requires review
A Knight Of The Seven Kingdoms Creator Defends Finale's Big Change And Promises It Will Be Addressed,2026-02-24T16:00:00+00:00,,no,https://www.slashfilm.com/2108893/a-knight-of-the-seven-kingdom-creator-finale-change-egg-permission-maekar/,,,,Subject requires review
Taylor Sheridan's The Madison Trailer Gets Sentimental With Michelle Pfeiffer And Kurt Russell,2026-02-24T16:59:24+00:00,,no,https://www.slashfilm.com/2109001/taylor-sheridan-michelle-pfeiffer-kurt-russell-the-madison-trailer/,,,,Subject requires review
We Asked 6 Comic Book Experts Which Superhero Movie Costume Is The Absolute Worst - SlashFilm,2026-02-24T18:00:00+00:00,,no,https://www.slashfilm.com/2105975/comic-book-experts-worst-superhero-movie-costume/,,,,Subject requires review
The Biggest Box Office Hit Of 2026 So Far Is A Sequel You've Never Heard Of,2026-02-24T20:00:00+00:00,,no,https://www.slashfilm.com/2109234/pegasus-3-biggest-2026-box-office-hit/,,,,Subject requires review
Why Michael Douglas Thanked Oliver Stone For Insulting An Oscar-Winning Performance - SlashFilm,2026-02-24T21:00:00+00:00,,no,https://www.slashfilm.com/2101699/why-michael-douglas-thanked-oliver-stone-oscar-winning-wall-street-performance/,,,,Subject requires review
John Lennon Didn't Like Making One Beatles Movie (But Grew To Appreciate It),2026-02-24T21:20:00+00:00,,no,https://www.slashfilm.com/2109337/john-lennon-didnt-like-beatles-movie-help/,,,,Subject requires review
Robert Carradine Will Always Be Remembered As An Iconic TV Dad For One Generation - SlashFilm,2026-02-24T23:00:00+00:00,,no,https://www.slashfilm.com/2109430/robert-carradine-iconic-tv-dad-lizzie-mcguire/,,,,Subject requires review
Why Luke Grimes Was Reluctant To Star In The Yellowstone Spin-Off Marshals - SlashFilm,2026-02-24T23:20:00+00:00,,no,https://www.slashfilm.com/2109439/why-luke-grimes-reluctant-star-yellowstone-spin-off-marshals/,,,,Subject requires review
Only One Game Of Thrones Cast Member Was Happy With Their Character,2026-02-25T01:00:00+00:00,,no,https://www.slashfilm.com/2098813/game-of-thrones-cast-member-happy-character-ending-sophie-turner/,,,,Subject requires review
Roger Ebert Adored This Criminally Underrated Time Travel Movie From The,2026-02-25T14:00:00+00:00,,no,https://www.slashfilm.com/2109212/roger-ebert-liked-70s-time-travel-movie-time-after-time/,,,,Subject requires review
First Reactions To Ryan Gosling's Project Hail Mary Have Critics United,2026-02-25T14:11:07+00:00,,no,https://www.slashfilm.com/2109751/ryan-gosling-project-hail-mary-movie-reactions/,,,,Subject requires review
House Of The Dragon Season 3 Faces One Challenge After A Knight Of The Seven Kingdoms - SlashFilm,2026-02-25T16:00:00+00:00,,no,https://www.slashfilm.com/2109343/house-of-the-dragon-season-3-a-knight-of-the-seven-kingdoms-challenge/,,,,Subject requires review
"15 Best Mystery Movies Of All Time, Ranked",2026-02-25T16:10:00+00:00,,no,https://www.slashfilm.com/2103645/best-mystery-movies-all-time-ranked/,,,,Subject requires review
The Night Agent Season 4: Everything We Know So Far - SlashFilm,2026-02-25T17:05:53+00:00,,no,https://www.slashfilm.com/2109559/the-night-agent-season-4-details/,,,,Subject requires review
The Mortal Kombat 2 Trailer Finally Lets The Tournament Begin With Johnny Cage - SlashFilm,2026-02-25T18:12:13+00:00,,no,https://www.slashfilm.com/2110016/mortal-kombat-2-new-trailer/,,,,Subject requires review
James Cameron's Avatar 4 Uncertain Following Avatar: Fire And Ash's Box Office Results,2026-02-25T22:00:00+00:00,,no,https://www.slashfilm.com/2110080/james-cameron-avatar-4-uncertain-avatar-fire-and-ash-box-office/,,,,Subject requires review
Why Guillermo Del Toro Refused To Watch Pacific Rim's Sequel,2026-02-25T23:07:58+00:00,,no,https://www.slashfilm.com/2110328/why-guillermo-del-toro-refused-watch-pacific-rim-uprising/,,,,Subject requires review
A New Neon Genesis Evangelion Anime Short Is Impossible For Fans To Watch - SlashFilm,2026-02-25T23:45:00+00:00,,no,https://www.slashfilm.com/2109705/neon-genesis-evangelion-anime-short-impossible-watch/,,,,Subject requires review
"Karl Urban's Gory, Action-Packed Pirate Movie Is Perfect For John Wick Fans",2026-02-26T01:45:00+00:00,,no,https://www.slashfilm.com/2110128/karl-urban-pirate-movie-the-bluff-streaming-prime-video/,,,,Subject requires review
The Disturbing Fallout Season 1 Moment That Shocked One Of The Show,2026-02-26T13:00:00+00:00,,no,https://www.slashfilm.com/2110350/fallout-co-showrunner-graham-wagner-darkest-scene-puppy-incinerator/,,,,Subject requires review
How To Watch Amanda Seyfried's The Testament Of Ann Lee At Home,2026-02-26T16:44:33+00:00,,no,https://www.slashfilm.com/2110770/how-watch-amanda-seyfried-the-testament-of-ann-lee-home/,,,,Subject requires review
Neve Campbell's Scream 7 Draws Mixed First Reactions Following Premiere,2026-02-26T17:00:00+00:00,,no,https://www.slashfilm.com/2110755/neve-campbell-scream-7-first-reactions-mixed/,,,,Subject requires review
Why Edgar Linton From Wuthering Heights Looks So Familiar - SlashFilm,2026-02-26T18:00:00+00:00,,no,https://www.slashfilm.com/2110852/wuthering-heights-2026-movie-edgar-linton-actor-shazad-latif/,,,,Subject requires review
Neve Campbell And Mike Myers' Cult Drama Is A Hidden Gem (If You Watch The Right Version),2026-02-26T23:00:00+00:00,,no,https://www.slashfilm.com/2110978/neve-campbell-mike-myers-cult-movie-54-hidden-gem/,,,,Subject requires review
Survivor 50's All-Star Season Premiere Proves The Show's 'New Era' Has Failed,2026-02-27T00:00:00+00:00,,no,https://www.slashfilm.com/2111030/survivor-50-season-premiere-proves-new-era-failure/,,,,Subject requires review
Scream 7 Ending Explained: Does Sidney Prescott Die? - SlashFilm,2026-02-27T01:00:00+00:00,,no,https://www.slashfilm.com/2111197/scream-7-ending-explained-does-sidney-prescott-die/,,,,Subject requires review
"Scream 7's Ron Lynch Tribute, Explained",2026-02-27T02:00:00+00:00,,no,https://www.slashfilm.com/2111148/scream-7-ron-lynch-tribute-explained/,,,,Subject requires review
"The Pitt Season 2: Dr. Mel King's Legal Troubles, Explained",2026-02-27T03:00:00+00:00,,no,https://www.slashfilm.com/2109579/the-pitt-season-2-dr-mel-king-legal-troubles-explained/,,,,Subject requires review
Monarch Season 2 Is Finally Setting Up One Of The Most Divisive Godzilla Movies - SlashFilm,2026-02-27T12:45:00+00:00,,no,https://www.slashfilm.com/2109970/monarch-legacy-of-monsters-season-2-setup-divisive-godzilla-movie/,,,,Subject requires review
Pillion Star Harry Melling Explains One Intimate Act You Didn,2026-02-27T14:00:00+00:00,,no,https://www.slashfilm.com/2103344/pillion-harry-melling-intimate-act-not-seen-interview/,,,,Subject requires review
The Scream Franchise Has Officially Become The Thing It Hated The Most - SlashFilm,2026-02-27T15:00:00+00:00,,no,https://www.slashfilm.com/2108948/scream-franchise-become-thing-hated-most/,,,,Subject requires review
"The Identity Of Scream 7's Ghostface Killer, Explained",2026-02-27T16:03:13+00:00,,no,https://www.slashfilm.com/2111507/scream-7-ghostface-killer-identity-explained/,,,,Subject requires review
Scream 7's Freaky Cameos From Dead Characters Explained,2026-02-27T17:00:00+00:00,,no,https://www.slashfilm.com/2110831/scream-7-dead-characters-cameos-explained/,,,,Subject requires review
Grey's Anatomy Season 22's Eric Dane Tribute Explained,2026-02-27T19:37:16+00:00,,no,https://www.slashfilm.com/2111747/greys-anatomy-season-22-eric-dane-tribute-explained/,,,,Subject requires review
The Traitors Season 4's Finale Was Predictable - But Calling It Boring Is Wrong,2026-02-27T20:33:49+00:00,,no,https://www.slashfilm.com/2111800/the-traitors-season-4-finale-rob-rausch-winning-predictable-not-boring/,,,,Subject requires review
Bridgerton Season 4's Nicholas Braimbridge And Tony Cooper Tributes Explained,2026-02-27T20:50:12+00:00,,no,https://www.slashfilm.com/2111824/bridgerton-season-4-nicholas-braimbridge-tony-cooper-tributes-explained/,,,,Subject requires review
"New GI Joe Movie In The Works, But There's A Disappointing Catch",2026-02-27T22:02:57+00:00,,no,https://www.slashfilm.com/2111887/gi-joe-movie-writer-max-landis/,,,,Subject requires review
"Monarch Season 2 May Be A Streaming Show, But It Won't Cut Any MonsterVerse Corners [Exclusive]",2026-02-28T01:00:00+00:00,,no,https://www.slashfilm.com/2111962/monarch-season-2-streaming-show-not-cutting-monsterverse-corners/,,,,Subject requires review
Why Joseph From Wuthering Heights Looks So Familiar - SlashFilm,2026-02-28T01:45:00+00:00,,no,https://www.slashfilm.com/2111125/wuthering-heights-2026-movie-joseph-actor-ewan-mitchell/,,,,Subject requires review
Why Monarch Season 2's Titan X Is More Realistic Than You Think,2026-02-28T13:00:00+00:00,,no,https://www.slashfilm.com/2109957/why-monarch-legacy-of-monsters-season-2-titan-x-realistic/,,,,Subject requires review
Isaac Asimov Helped Define The Big Bang Theory's Timeline In A Major Way,2026-02-28T15:00:00+00:00,,no,https://www.slashfilm.com/2111179/isaac-asimov-death-define-the-big-bang-theory-young-sheldon-timeline/,,,,Subject requires review
David Bowie Wasn't Impressed By A '90s Movie That Was Partially Based On His Life,2026-02-28T15:00:00+00:00,,no,https://www.slashfilm.com/2108885/david-bowie-not-impressed-90s-movie-velvet-goldmine/,,,,Subject requires review
"15 Best Swashbuckler Movies Of All Time, Ranked",2026-02-28T16:10:00+00:00,,no,https://www.slashfilm.com/2108137/best-swashbuckler-movies-ranked/,,,,Subject requires review
I've Read Every Manga In The Tokyo Ghoul Series. Here's What The 2014 Anime Adaptation Gets Wrong,2026-02-28T17:00:00+00:00,,no,https://www.slashfilm.com/2104244/tokyo-ghoul-2014-anime-adaptation-mistakes/,,,,Subject requires review
The World's First Robot Movie Was Just Discovered (& It Goes Back To 1897),2026-02-28T17:30:00+00:00,,no,https://www.slashfilm.com/2111991/world-first-robot-movie-1987-gugusse-and-the-automaton/,,,,Subject requires review
Clint Eastwood Loved This Oscar-Nominated Comedy That Skewered Hollywood - SlashFilm,2026-02-28T18:00:00+00:00,,no,https://www.slashfilm.com/2110394/clint-eastwood-loved-oscar-nominated-comedy-tropic-thunder/,,,,Subject requires review
Landman Star Billy Bob Thornton Took On Steven Seagal In An Early Action Movie Role - SlashFilm,2026-02-28T21:00:00+00:00,,no,https://www.slashfilm.com/2105106/landman-star-billy-bob-thornton-steven-seagal-action-movie-on-deadly-ground/,,,,Subject requires review
Robert De Niro Thinks This James Dean Epic From The '50s Is A Classic,2026-02-28T23:00:00+00:00,,no,https://www.slashfilm.com/2110207/robert-de-niro-james-dean-epic-east-of-eden/,,,,Subject requires review
Sylvester Stallone's Star-Studded Action Franchise Was Inspired By A Terrible Concert,2026-02-28T23:45:00+00:00,,no,https://www.slashfilm.com/2105309/sylvester-stallone-action-franchise-inspired-terrible-concert-the-expendables/,,,,Subject requires review
Pokemon: The Black Tail Pikachu Mandela Effect Explained - SlashFilm,2026-03-01T01:45:00+00:00,,no,https://www.slashfilm.com/2107764/pokemon-black-tail-pikachu-mandela-effect-explained/,,,,Subject requires review
Bob Dylan Loved This Sylvester Stallone Crime Movie That We Don,2026-03-01T11:45:00+00:00,,no,https://www.slashfilm.com/2108461/bob-dylan-loved-sylverster-stallone-crime-thriller-cop-land/,,,,Subject requires review
I Was A Hardcore Harry Potter Fan. One Bad Choice Tanked The Franchise Forever - SlashFilm,2026-03-01T14:00:00+00:00,,no,https://www.slashfilm.com/2110359/harry-potter-bad-choice-tanked-franchise-forever/,,,,Subject requires review
Robert Downey Jr.'s Forgotten '90s Thriller Is A Must-Watch For John Grisham Fans,2026-03-01T15:00:00+00:00,,no,https://www.slashfilm.com/2112499/robert-downey-jr-90s-thriller-john-grisham-fans-the-gingerbread-man/,,,,Subject requires review
Tell Me Lies Season 4: Will It Ever Happen?,2026-03-01T16:00:00+00:00,,no,https://www.slashfilm.com/2109065/tell-me-lies-season-4-will-it-happen/,,,,Subject requires review
Roger Ebert Was Enthusiastic About A Liam Neeson Sequel That Most Critics Hated - SlashFilm,2026-03-01T17:20:00+00:00,,no,https://www.slashfilm.com/2110411/roger-ebert-taken-2-liam-neeson-sequel-review/,,,,Subject requires review
The Pitt Proves Why Grey's Anatomy Should've Ended 10 Years Ago,2026-03-01T19:00:00+00:00,,no,https://www.slashfilm.com/2111141/the-pitt-proof-why-greys-anatomy-should-have-ended-years-ago/,,,,Subject requires review
5 Famous Actors You Forgot Were In Peaky Blinders - SlashFilm,2026-03-01T19:45:00+00:00,,no,https://www.slashfilm.com/2107741/peaky-blinders-famous-actors-appearances/,,,,Subject requires review
Tom Hanks' Forgotten 2004 Crime Thriller Is The Rare Coen Brothers Misfire,2026-03-01T20:00:00+00:00,,no,https://www.slashfilm.com/2110119/tom-hanks-coen-brothers-crime-thriller-the-ladykillers/,,,,Subject requires review
Monarch Season 2 Just Echoed The Most Jarring Jurassic World Movie Moment - SlashFilm,2026-03-01T21:20:00+00:00,,no,https://www.slashfilm.com/2111919/monarch-legacy-of-monsters-season-2-jarring-jurassic-world-movie-moment/,,,,Subject requires review
Oprah Winfrey's Favorite Movie Is An Underrated Fantasy Drama That Made Oscar History,2026-03-01T22:00:00+00:00,,no,https://www.slashfilm.com/2109569/oprah-winfrey-favorite-fantasy-movie-oscar-history-beasts-of-the-southern-wild/,,,,Subject requires review
Liam Neeson's Underseen Dark Fantasy Movie Is An '80s Relic Worth Revisiting,2026-03-01T23:00:00+00:00,,no,https://www.slashfilm.com/2111911/liam-neeson-80s-dark-fantasy-movie-arthur-the-king/,,,,Subject requires review
Scream 7 Proves The Big 'Ghostface Reveal' Moment Is Officially Dead,2026-03-02T00:00:00+00:00,,no,https://www.slashfilm.com/2111705/scream-7-proof-ghostface-reveal-moment-dead/,,,,Subject requires review
Marshals Kills Off A Controversial Yellowstone Character In The Worst Way Possible - SlashFilm,2026-03-02T01:00:00+00:00,,no,https://www.slashfilm.com/2110664/marshals-yellowstone-character-monica-dutton-death-explained/,,,,Subject requires review
Heath Ledger's Medieval Comedy That's Streaming For Free Is A Must-Watch For Action Fans,2026-03-02T11:45:00+00:00,,no,https://www.slashfilm.com/2109865/heath-ledger-medieval-action-comedy-a-knights-tale-streaming-free/,,,,Subject requires review
Marshals Continues The Yellowstone Franchise's Most Depressing Trend (And It's Becoming Repetitive),2026-03-02T12:30:00+00:00,,no,https://www.slashfilm.com/2111619/marshals-yellowstone-franchise-most-depressing-trend-continuation/,,,,Subject requires review
Marshals: How The Yellowstone Spin-Off Completely Wastes An Action Vet Guest Star - SlashFilm,2026-03-02T13:00:00+00:00,,no,https://www.slashfilm.com/2111560/marshals-yellowstone-spin-off-waste-guest-star-chad-michael-collins/,,,,Subject requires review
Scary Movie 6 Trailer Brings The Series Back To Its R-Rated Roots - SlashFilm,2026-03-02T14:08:58+00:00,,no,https://www.slashfilm.com/2113324/scary-movie-6-trailer/,,,,Subject requires review
Paradise Season 2's Shocking Death Scene Explained,2026-03-02T15:00:00+00:00,,no,https://www.slashfilm.com/2109164/paradise-season-2-shailene-woodley-annie-death-explained/,,,,Subject requires review
The Yellowstone Season 4 Line That Foreshadowed A Major Death In Marshals - SlashFilm,2026-03-02T16:00:00+00:00,,no,https://www.slashfilm.com/2111537/yellowstone-season-4-line-foreshadowed-marshals-death-monica/,,,,Subject requires review
Marshal's Massive Yellowstone Character Death Explained By Showrunner,2026-03-02T18:45:00+00:00,,no,https://www.slashfilm.com/2113384/marshals-yellowstone-spin-off-showrunner-monica-dutton-death-explained/,,,,Subject requires review
5 Reasons Why Scream 7 Dominated The Box Office,2026-03-02T19:45:00+00:00,,no,https://www.slashfilm.com/2113798/scream-7-box-office-success-reasons/,,,,Subject requires review
Who Plays Miles Kittle On The Yellowstone Spin-Off Marshals - SlashFilm,2026-03-02T21:00:00+00:00,,no,https://www.slashfilm.com/2109904/miles-kittle-yellowstone-spin-off-marshals-actor-tatanka-means/,,,,Subject requires review
The Lincoln Lawyer Season 4's Ken Kern Tribute Explained,2026-03-02T23:00:00+00:00,,no,https://www.slashfilm.com/2113704/the-lincoln-laywer-season-4-ken-kern-tribute-explained/,,,,Subject requires review
Roger Ebert Gave A Near-Perfect Score To Gore Verbinski's Most Underrated Movie,2026-03-02T23:45:00+00:00,,no,https://www.slashfilm.com/2112785/roger-ebert-near-perfect-score-gore-verbinski-underrated-movie-the-weather-man/,,,,Subject requires review
Kurt Russell Claims The Madison Will Directly Challenge Taylor Sheridan,2026-03-03T00:00:00+00:00,,no,https://www.slashfilm.com/2113750/kurt-russell-the-madison-challenge-taylor-sheridan-weakness-female-characters/,,,,Subject requires review
Who Plays Pete Calvin On The Yellowstone Spin-Off Marshals - SlashFilm,2026-03-03T00:45:00+00:00,,no,https://www.slashfilm.com/2109235/pete-calvin-yellowstone-spin-off-marshals-actor-logan-marshall-green/,,,,Subject requires review
Stephen Amell Knows Exactly What Went Wrong With Suits LA - SlashFilm,2026-03-03T01:00:00+00:00,,no,https://www.slashfilm.com/2113607/stephen-amell-what-went-wrong-suits-la/,,,,Subject requires review
Marshals Episode 1 Is A Reminder Of Yellowstone's Biggest Plot Hole,2026-03-03T01:45:00+00:00,,no,https://www.slashfilm.com/2111833/marshals-episode-1-yellowstone-biggest-plot-hole-plane-bomb/,,,,Subject requires review
"Movie Legend Bruce Campbell Reveals Cancer Diagnosis, Promises To Keep Being The King Regardless - SlashFilm",2026-03-03T02:28:35+00:00,,no,https://www.slashfilm.com/2114203/bruce-campbell-cancer-diagnosis/,,,,Subject requires review
Who Plays Belle Skinner On The Yellowstone Spin-Off Marshals - SlashFilm,2026-03-03T11:45:00+00:00,,no,https://www.slashfilm.com/2110003/belle-skinner-yellowstone-spin-off-marshals-actress-arielle-kebbel/,,,,Subject requires review
What Does Scream 7's Box Office Mean For The Future Of The Franchise?,2026-03-03T12:45:00+00:00,,no,https://www.slashfilm.com/2113830/scream-7-box-office-franchise-future-meaning/,,,,Subject requires review
"I Spoke With The Next Generation Of Cinephiles, And Hollywood Needs A Wake-Up Call - SlashFilm",2026-03-03T14:00:00+00:00,,no,https://www.slashfilm.com/2110974/next-generation-cinephiles-hollywood-wake-up-call/,,,,Subject requires review
George Lucas Helped Make A Movie That Was 'Banned' In Japan For Over 40 Years,2026-03-03T16:00:00+00:00,,no,https://www.slashfilm.com/2113879/george-lucas-executive-produced-banned-movie-japan-mishima-a-life-in-four-chapters/,,,,Subject requires review
Bruce Campbell Was Baffled By One Bizarre Evil Dead 2 Censorship Demand - SlashFilm,2026-03-03T17:45:00+00:00,,no,https://www.slashfilm.com/2114704/bruce-campbell-baffled-evil-dead-2-censorship-demand/,,,,Subject requires review
The Writer Of Andor's Best Episode Wrote A Game Of Thrones Movie — But It's Complicated,2026-03-03T17:52:03+00:00,,no,https://www.slashfilm.com/2114753/andor-best-episode-writer-beau-willimon-making-game-of-thrones-movie/,,,,Subject requires review
How To Watch Charli XCX's The Moment At Home,2026-03-03T18:45:00+00:00,,no,https://www.slashfilm.com/2114770/how-watch-charli-xcx-the-moment-movie-home/,,,,Subject requires review
A Knight Of The Seven Kingdoms: The Aziza Barnes Tribute Explained - SlashFilm,2026-03-03T19:45:00+00:00,,no,https://www.slashfilm.com/2114912/a-knight-of-the-seven-kingdoms-aziza-barnes-explained/,,,,Subject requires review
Zack Snyder Clarifies If Future Synderverse Projects Could Ever Happen - SlashFilm,2026-03-03T20:00:00+00:00,,no,https://www.slashfilm.com/2113961/zack-snyder-future-snyderverse-projects-discussed/,,,,Subject requires review
Who Plays Andrea Cruz On The Yellowstone Spin-Off Marshals - SlashFilm,2026-03-03T21:00:00+00:00,,no,https://www.slashfilm.com/2110575/andrea-cruz-yellowstone-spin-off-marshals-actress-ash-santos/,,,,Subject requires review
Project Hail Mary's Reported Budget Raises The Stakes For Its Box Office Run,2026-03-03T22:00:00+00:00,,no,https://www.slashfilm.com/2114951/project-hail-mary-budget-box-office-stakes/,,,,Subject requires review
One Piece's Creator Finally Revealed What The Treasure Actually Is – But There's A Catch,2026-03-04T00:00:00+00:00,,no,https://www.slashfilm.com/2115133/one-piece-creator-eiichiro-oda-reveals-treasure/,,,,Subject requires review
Luke Grimes Reveals If Yellowstone Characters Will Cameo In Marshals - SlashFilm,2026-03-04T01:00:00+00:00,,no,https://www.slashfilm.com/2114963/luke-grimes-yellowstone-character-cameos-marshals/,,,,Subject requires review
George R.R. Martin's Pick For The Greatest TV Series Finale Ever May Surprise You,2026-03-04T11:45:00+00:00,,no,https://www.slashfilm.com/2109807/george-rr-martin-greatest-tv-series-finale-six-feet-under/,,,,Subject requires review
I've Been A Yellowstone Fan Since 2018. I Think This Character Will Die In The Dutton Ranch,2026-03-04T14:00:00+00:00,,no,https://www.slashfilm.com/2114482/yellowstone-the-dutton-ranch-spin-off-death-prediction-rip-wheeler/,,,,Subject requires review
First A Knight Of The Seven Kingdoms Season 2 Details Revealed With New Cast Members - SlashFilm,2026-03-04T16:43:43+00:00,,no,https://www.slashfilm.com/2115612/a-knight-of-the-seven-kingdoms-season-2-details-new-cast-members/,,,,Subject requires review
Roger Ebert Explained Why Mel Brooks' Alfred Hitchcock Spoof Didn't Really Work,2026-03-04T17:00:00+00:00,,no,https://www.slashfilm.com/2110653/roger-ebert-why-mel-brooks-alfred-hitchcock-spoof-high-anxiety-doesnt-work/,,,,Subject requires review
Scream 7 Deleted Scene Resurrected This Beloved Ghostface - SlashFilm,2026-03-04T18:00:00+00:00,,no,https://www.slashfilm.com/2115696/scream-7-deleted-scene-ghostface-resurrection-stu-macher/,,,,Subject requires review
"The Bride! Review: Maggie Gyllenhaal's Beautiful, Messy Monster Movie Is An Unhinged Delight",2026-03-04T20:00:00+00:00,,no,https://www.slashfilm.com/2115708/the-bride-2026-movie-review/,,,,Subject requires review
"Who Is Ch'p? The Squirrel Green Lantern, Explained",2026-03-04T20:55:07+00:00,,no,https://www.slashfilm.com/2115882/chp-squirrel-green-lantern-explained/,,,,Subject requires review
Brendan Fraser And Rachel Weisz Had One Condition To Return For The Mummy 4 - SlashFilm,2026-03-04T22:00:00+00:00,,no,https://www.slashfilm.com/2115807/brendan-fraser-rachel-weisz-the-mummy-4-return-condition/,,,,Subject requires review
There's One Character From The Simpsons The Writers Love To Work On The Most,2026-03-05T01:00:00+00:00,,no,https://www.slashfilm.com/2115104/the-simpsons-writers-favorite-simpsons-character-moe-bartender/,,,,Subject requires review
Matt Groening's Anger Over One Simpsons Episode Caused Major Behind-The-Scenes Drama,2026-03-05T01:45:00+00:00,,no,https://www.slashfilm.com/2115161/matt-groening-anger-the-simpsons-episode-a-star-is-born-drama/,,,,Subject requires review
Lucille Ball's Favorite Movie Is An Oscar-Nominated Gem You Can Stream For Free,2026-03-05T11:45:00+00:00,,no,https://www.slashfilm.com/2114162/lucille-ball-favorite-movie-oscar-nominated-our-town-streaming-free/,,,,Subject requires review
The Game Of Thrones Movie About Aegon Is Adapting The Most Boring Part Of The Whole Saga - SlashFilm,2026-03-05T15:00:00+00:00,,no,https://www.slashfilm.com/2116042/game-of-thrones-movie-aegon-conquest-boring-part-saga/,,,,Subject requires review
"15 Best Athletes-Turned-Actors, Ranked",2026-03-05T16:10:00+00:00,,no,https://www.slashfilm.com/2113437/best-athletes-turned-actors-ranked/,,,,Subject requires review
First Peaky Blinders: The Immortal Man Reactions Have Critics United - SlashFilm,2026-03-05T18:01:39+00:00,,no,https://www.slashfilm.com/2116494/peaky-blinders-the-immortal-man-reactions/,,,,Subject requires review
The Bride! Character Comedian John Mulaney Almost Played (And We,2026-03-06T00:00:00+00:00,,no,https://www.slashfilm.com/2116061/john-mulaney-the-bride-character/,,,,Subject requires review
Monarch Season 2's Best Idea Ends Up Being A Missed Opportunity,2026-03-06T11:45:00+00:00,,no,https://www.slashfilm.com/2116603/monarch-season-2-best-idea-missed-opportunity-scarab/,,,,Subject requires review
How Scientifically Accurate Is Battlestar Galactica? - SlashFilm,2026-03-06T14:00:00+00:00,,no,https://www.slashfilm.com/2115502/how-scientifically-accurate-battlestar-galactica/,,,,Subject requires review
The Best Frankenstein Easter Egg In The Bride! Reveals Just How Smart The Movie Truly Is - SlashFilm,2026-03-06T16:00:00+00:00,,no,https://www.slashfilm.com/2115074/the-bride-movie-best-easter-egg/,,,,Subject requires review
"10 Worst Movie Franchises Of All Time, Ranked",2026-03-06T16:10:00+00:00,,no,https://www.slashfilm.com/2115948/worst-movie-franchises-ranked/,,,,Subject requires review
"Hoppers Director Almost Cut The Movie's Most Shocking Moment, But Found Support From A Surprising Duo [Exclusive]",2026-03-06T17:00:00+00:00,,no,https://www.slashfilm.com/2116832/hoppers-director-almost-cut-movie-most-shocking-moment/,,,,Subject requires review
The Bride! Is The Perfect Companion Piece To Greta Gerwig's Barbie (Seriously),2026-03-06T18:00:00+00:00,,no,https://www.slashfilm.com/2116978/the-bride-perfect-companion-greta-gerwig-barbie-movie/,,,,Subject requires review
Why Ted Creator Seth MacFarlane Thinks The Peacock Series Won,2026-03-06T23:51:42+00:00,,no,https://www.slashfilm.com/2117534/why-seth-macfarlane-ted-season-3-wont-happen/,,,,Subject requires review
"Karl Urban's Best Live-Action Comic Book Roles, Ranked",2026-03-07T01:45:00+00:00,,no,https://www.slashfilm.com/2116299/karl-urban-best-live-action-comic-book-roles-ranked/,,,,Subject requires review
Steven Spielberg's Favorite TV Show Is Both Unexpected And Hilarious,2026-03-07T13:00:00+00:00,,no,https://www.slashfilm.com/2111624/steven-spielberg-favorite-tv-show-deadliest-catch/,,,,Subject requires review
A '70s Crime Epic With A 97% Rotten Tomatoes Score Influenced A Bruce Springsteen Song,2026-03-07T17:00:00+00:00,,no,https://www.slashfilm.com/2116711/70s-crime-epic-badlands-influenced-bruce-springsteen/,,,,Subject requires review
Why Zack Snyder Insisted That He Didn't Actually Change Watchmen's Ending,2026-03-07T18:00:00+00:00,,no,https://www.slashfilm.com/2113473/why-zack-snyder-insisted-didnt-change-watchmen-ending/,,,,Subject requires review
Jamie Lee Curtis Predicted A Major Harry Potter Casting Before It Happened - SlashFilm,2026-03-07T20:00:00+00:00,,no,https://www.slashfilm.com/2116791/jamie-lee-curtis-prediction-harry-potter-casting-daniel-radcliffe/,,,,Subject requires review
One Monarch Season 2 Fan Theory Brings The Freakiest Fictional Creature Ever Into The MonsterVerse - SlashFilm,2026-03-07T21:00:00+00:00,,no,https://www.slashfilm.com/2115943/monarch-season-2-fan-theory-titan-x-cthulhu-monsterverse/,,,,Subject requires review
How Christian Bale Really Feels About The American Psycho Remake - SlashFilm,2026-03-07T23:00:00+00:00,,no,https://www.slashfilm.com/2116719/christian-bale-american-psycho-remake-feelings/,,,,Subject requires review
The Deadlights: Pennywise's True Form In IT: Welcome To Derry Explained,2026-03-08T00:00:00+00:00,,no,https://www.slashfilm.com/2110804/deadlights-pennywise-it-welcome-to-derry-true-form-explained/,,,,Subject requires review
"Before Marshals, Arielle Kebbel Had A Role On A Long-Running Hit Procedural - SlashFilm",2026-03-08T00:45:00+00:00,,no,https://www.slashfilm.com/2116800/marshals-star-arielle-kebbel-role-911-procedural/,,,,Subject requires review
Sinners' Most Subversive Choice Isn't The One You're Probably Thinking About,2026-03-08T01:00:00+00:00,,no,https://www.slashfilm.com/2116411/sinners-most-subversive-choice-sammy-rejects-faith/,,,,Subject requires review
How Project Hail Mary Author Andy Weir Feels About The Ryan Gosling Movie - SlashFilm,2026-03-08T11:00:00+00:00,,no,https://www.slashfilm.com/2117385/project-hail-mary-author-andy-weir-feelings-ryan-gosling-movie/,,,,Subject requires review
Landman Star Michelle Randolph's Big Break Was In Another Taylor Sheridan Series,2026-03-08T13:00:00+00:00,,no,https://www.slashfilm.com/2110867/landman-star-michelle-randolph-big-break-taylor-sheridan-yellowstone-prequel-1923/,,,,Subject requires review
Courteney Cox's Worst Movie Might Be Her Forgotten Superhero Flop With Tim Allen,2026-03-08T17:00:00+00:00,,no,https://www.slashfilm.com/2111116/courteney-cox-tim-allen-worst-movie-superhero-flop-zoom/,,,,Subject requires review
George R.R. Martin Is A Big Fan Of This Popular Yet Divisive Chuck Lorre Sitcom - SlashFilm,2026-03-08T17:45:00+00:00,,no,https://www.slashfilm.com/2117511/george-rr-martin-fan-chuck-lorre-sitcom-the-big-bang-theory/,,,,Subject requires review
Lucy Liu's Kill Bill Wardrobe Has A Secret Pulp Fiction Homage,2026-03-08T18:45:00+00:00,,no,https://www.slashfilm.com/2102395/lucy-liu-kill-bill-wardrobe-kimono-secret-pulp-fiction-homage/,,,,Subject requires review
Chris Evans Made His TV Debut In A Quirky Teen Drama That Was Prematurely Canceled - SlashFilm,2026-03-08T19:00:00+00:00,,no,https://www.slashfilm.com/2117557/chris-evans-tv-debut-teen-drama-opposite-sex-canceled/,,,,Subject requires review
Landman Continues An Ugly Trend From Yellowstone (But It's Not The Show's Fault),2026-03-08T22:00:00+00:00,,no,https://www.slashfilm.com/2114395/landman-ugly-yellowstone-trend-ariana-medina-monica-dutton/,,,,Subject requires review
Why Some Of Battlestar Galactica's Technology Seems Unadvanced,2026-03-08T23:00:00+00:00,,no,https://www.slashfilm.com/2117482/why-battlestar-galactica-technology-unadvanced/,,,,Subject requires review
Jacob Lofland's Second Ever Role Was In A Heartbreaking Drama That Needs More Love,2026-03-09T00:00:00+00:00,,no,https://www.slashfilm.com/2111692/jacob-lofland-second-role-heartbreaking-drama-little-accidents/,,,,Subject requires review
Marshals: The Zone Of Death's Real-Life Inspiration Explained,2026-03-09T01:00:00+00:00,,no,https://www.slashfilm.com/2116960/marshals-zone-of-death-real-life-inspiration-explained/,,,,Subject requires review
Marshals Episode 2 Revisits An Infamous Yellowstone Location... Sort Of - SlashFilm,2026-03-09T10:45:00+00:00,,no,https://www.slashfilm.com/2116348/marshals-episode-2-infamous-yellowstone-location-train-station-zone-of-death/,,,,Subject requires review
"Every Version Of Stephen King's Salem's Lot, Ranked",2026-03-09T11:30:00+00:00,,no,https://www.slashfilm.com/2114890/stephen-king-salems-lot-every-version-ranked/,,,,Subject requires review
Marshals Episode 2 Implies A Yellowstone Character's Problems Aren't Over Yet,2026-03-09T12:00:00+00:00,,no,https://www.slashfilm.com/2117015/marshals-episode-2-yellowstone-character-problems-not-over-beth-dutton/,,,,Subject requires review
Paradise Season 2 Finally Reveals How Teri Survived The Doomsday Event - SlashFilm,2026-03-09T13:00:00+00:00,,no,https://www.slashfilm.com/2115562/paradise-season-2-how-teri-survived-doomsday-event/,,,,Subject requires review
Ryan Gosling Teamed Up With Sandra Bullock For A Dark Crime Thriller You,2026-03-09T14:00:00+00:00,,no,https://www.slashfilm.com/2117567/ryan-gosling-sandra-bullock-crime-thriller-murder-by-numbers/,,,,Subject requires review
Arnold Schwarzenegger Claims He's Finally Making Sequels To Three Of His Classic Movies,2026-03-09T14:20:43+00:00,,no,https://www.slashfilm.com/2118817/arnold-schwarzenegger-sequels-classic-movies-predator-conan-commando/,,,,Subject requires review
Paradise Season 2 Introduces The Best Villain Of 2026 So Far - SlashFilm,2026-03-09T15:00:00+00:00,,no,https://www.slashfilm.com/2116685/paradise-season-2-best-villain-2026-gary/,,,,Subject requires review
"20 Best Network TV Shows Of All Time, Ranked",2026-03-09T15:10:00+00:00,,no,https://www.slashfilm.com/2113529/best-network-tv-shows-all-time-ranked/,,,,Subject requires review
"How To Watch Sam Rockwell's Good Luck, Have Fun, Don't Die At Home",2026-03-09T16:45:00+00:00,,no,https://www.slashfilm.com/2118994/how-watch-sam-rockwell-good-luck-have-fun-dont-die-home/,,,,Subject requires review
Will Avatar 4 Happen? James Cameron Provides Update After Box Office Uncertainty - SlashFilm,2026-03-09T17:26:58+00:00,,no,https://www.slashfilm.com/2119105/james-cameron-avatar-4-update/,,,,Subject requires review
5 Reasons Why The Bride! Flopped At The Box Office - SlashFilm,2026-03-09T17:45:00+00:00,,no,https://www.slashfilm.com/2119074/the-bride-2026-movie-box-office-flop-reasons/,,,,Subject requires review
Why Gary From Paradise Season 2 Looks So Familiar - SlashFilm,2026-03-09T18:45:00+00:00,,no,https://www.slashfilm.com/2117576/paradise-season-2-gary-actor-cameron-britton/,,,,Subject requires review
Billy Bob Thornton's Favorite Landman Scene With Jacob Lofland Is Deeply Personal,2026-03-09T21:00:00+00:00,,no,https://www.slashfilm.com/2115830/billy-bob-thornton-landman-emotional-scene-jacob-lofland/,,,,Subject requires review
You're Not A Mel Brooks Fan If You Haven't Seen This '70s Satirical Comedy,2026-03-09T21:20:00+00:00,,no,https://www.slashfilm.com/2111929/mel-brooks-70s-satire-silent-movie/,,,,Subject requires review
Two Big Bang Theory Stars Starred In A Cult Comedy That Pokes Fun At Oscar Nominations - SlashFilm,2026-03-09T22:00:00+00:00,,no,https://www.slashfilm.com/2119390/the-big-bang-theory-simon-helberg-kevin-sussman-comedy-oscar-nominations-for-your-consideration/,,,,Subject requires review
Patrick Stewart's Short-Lived Show From Family Guy's Creator Deserves Another Look,2026-03-09T22:45:00+00:00,,no,https://www.slashfilm.com/2099714/patrick-stewart-family-guy-creator-seth-macfarlane-blunt-talk/,,,,Subject requires review
Billy Bob Thornton Played One Of His Best TV Roles Ever As If He,2026-03-10T00:00:00+00:00,,no,https://www.slashfilm.com/2105623/billy-bob-thornton-best-tv-roles-not-human-fargo/,,,,Subject requires review
How Landman's Michelle Randolph Will Change Her Approach To Ainsley Norris In Season 3,2026-03-10T00:45:00+00:00,,no,https://www.slashfilm.com/2119340/landman-michelle-randolph-ainsley-norris-season-3-approach/,,,,Subject requires review
Whatever Happened To John Connor Actor Edward Furlong From Terminator 2: Judgment Day? - SlashFilm,2026-03-10T11:45:00+00:00,,no,https://www.slashfilm.com/2100255/terminator-2-judgment-day-john-connor-actor-whatever-happened-to-edward-furlong/,,,,Subject requires review
"10 Best History Documentaries Of All Time, Ranked - SlashFilm",2026-03-10T15:10:00+00:00,,no,https://www.slashfilm.com/2114957/best-history-documentaries-ranked/,,,,Subject requires review
Taylor Sheridan's The Madison Was Influenced By A Classic Brad Pitt Movie,2026-03-10T16:45:00+00:00,,no,https://www.slashfilm.com/2119850/taylor-sheridan-the-madison-influenced-brad-pitt-movie-a-river-runs-through-it/,,,,Subject requires review
This 1985 Pop Song Inspired The Title For It's Always Sunny In Philadelphia,2026-03-10T17:45:00+00:00,,no,https://www.slashfilm.com/2119930/its-always-sunny-in-philadelphia-1985-pop-song-title-inspiration/,,,,Subject requires review
Ryan Gosling's Forgotten Directorial Debut Is A Cult Fantasy Movie Worth Revisiting,2026-03-10T18:00:00+00:00,,no,https://www.slashfilm.com/2119566/ryan-gosling-directorial-debut-fantasy-movie-lost-river/,,,,Subject requires review
The Bride! Was Never Going To Be A Box Office Smash – It Was Always Going To Be Your New Favorite Movie - SlashFilm,2026-03-10T20:00:00+00:00,,no,https://www.slashfilm.com/2120179/the-bride-box-office-expectations-new-favorite-movie/,,,,Subject requires review
The Madison Star Michelle Pfeiffer Found Her First Movie With Kurt Russell Challenging - SlashFilm,2026-03-10T21:00:00+00:00,,no,https://www.slashfilm.com/2119577/the-madison-michelle-pfeiffer-kurt-russell-first-movie-challenging-tequila-sunrise/,,,,Subject requires review
I've Watched Every Episode Of The Brady Bunch - Here's How It Holds Up In 2026,2026-03-11T13:00:00+00:00,,no,https://www.slashfilm.com/2119812/the-brady-bunch-watched-every-episode-2026-thoughts/,,,,Subject requires review
"10 Best TV Shows On Starz, Ranked",2026-03-11T15:10:00+00:00,,no,https://www.slashfilm.com/2115804/best-tv-shows-starz-ranked/,,,,Subject requires review
How To Watch The 2026 Oscars This Weekend: Everything A Movie Fan Needs To Know - SlashFilm,2026-03-11T16:37:38+00:00,,no,https://www.slashfilm.com/2121027/oscars-2026-how-to-watch/,,,,Subject requires review
How Rachel Zegler Really Feels About The Snow White Casting Backlash - SlashFilm,2026-03-11T21:00:00+00:00,,no,https://www.slashfilm.com/2121285/rachel-zegler-snow-white-movie-casting-backlash-feelings/,,,,Subject requires review
Who Could Kate Winslet Play In Lord Of The Rings: The Hunt For Gollum? - SlashFilm,2026-03-11T22:45:00+00:00,,no,https://www.slashfilm.com/2121301/kate-winslet-lord-of-the-rings-the-hunt-for-gollum-movie-potential-roles/,,,,Subject requires review
How Elijah Wood Feels About Getting Replaced As Frodo In Future Lord Of The Rings Movies - SlashFilm,2026-03-12T00:00:00+00:00,,no,https://www.slashfilm.com/2120454/elijah-wood-replaced-frodo-feelings-the-lord-of-the-rings/,,,,Subject requires review
Gerard Butler's Forgotten Time Travel Movie With Paul Walker Is Streaming On Paramount+,2026-03-12T10:45:00+00:00,,no,https://www.slashfilm.com/2116590/gerard-butler-paul-walker-time-travel-movie-timeline-streaming-paramount-plus/,,,,Subject requires review
Dexter Cast: Where The Actors Are Now,2026-03-12T15:10:00+00:00,,no,https://www.slashfilm.com/2113436/dexter-cast-actors-now/,,,,Subject requires review
Universal's New Plan Could Steal Every Major Director From Warner Bros. And Paramount,2026-03-12T16:01:43+00:00,,no,https://www.slashfilm.com/2121758/universal-plan-longer-theatrical-windows-steal-directors-warner-bros-paramount/,,,,Subject requires review
The Malcolm In The Middle Trailer Presents A Bold Solution To The TV Revival Problem - SlashFilm,2026-03-12T17:48:14+00:00,,no,https://www.slashfilm.com/2121871/malcolm-in-the-middle-trailer-revival-problem-solution/,,,,Subject requires review
"It's Always Sunny In Philadelphia Almost Had A Much Shorter, Much Worse Title",2026-03-12T23:00:00+00:00,,no,https://www.slashfilm.com/2120528/its-always-sunny-in-philadelphia-original-title/,,,,Subject requires review
"Before Yellowstone And Marshals, Brecken Merrill Had A Small Role In A Hit NBC Drama - SlashFilm",2026-03-13T00:45:00+00:00,,no,https://www.slashfilm.com/2120597/yellowstone-marshals-brecken-merrill-nbc-drama-this-is-us/,,,,Subject requires review
This Pitt Season 2 Storyline Brings One Character's Journey Full Circle,2026-03-13T02:00:00+00:00,,no,https://www.slashfilm.com/2121129/the-pitt-season-2-storyline-langdon-mel-becca-full-circle/,,,,Subject requires review
Can Project Hail Mary Be A Rare Non Franchise Blockbuster At The Box Office? - SlashFilm,2026-03-13T10:45:00+00:00,,no,https://www.slashfilm.com/2121105/project-hail-mary-movie-box-office-preview/,,,,Subject requires review
Why Jason Trissop From Monarch: Legacy Of Monsters Looks So Familiar - SlashFilm,2026-03-13T11:45:00+00:00,,no,https://www.slashfilm.com/2121192/jason-trissop-monarch-legacy-of-monsters-actor-cliff-curtis/,,,,Subject requires review
Katee Sackhoff Refuses To Watch The Original Battlestar Galactica For A Harsh Reason - SlashFilm,2026-03-13T14:00:00+00:00,,no,https://www.slashfilm.com/2120585/katee-sackhoff-never-watched-original-battlestar-galactica/,,,,Subject requires review
"15 Best Movies Of The 2020s (So Far), According To IMDb - SlashFilm",2026-03-13T15:10:00+00:00,,no,https://www.slashfilm.com/2119296/best-movies-2020s-according-imdb/,,,,Subject requires review
Transformers Debuts A New Prime As Optimus No Longer Leads The Autobots - SlashFilm,2026-03-13T16:37:18+00:00,,no,https://www.slashfilm.com/2122559/transformers-new-prime-optimus-not-autobot-leader-elita-prime/,,,,Subject requires review
Monarch: Legacy Of Monsters Season 2 Episode 3 Sets Up A Big Showdown (With No Monsters) - SlashFilm,2026-03-13T21:00:00+00:00,,no,https://www.slashfilm.com/2121615/monarch-legacy-of-monsters-season-2-episode-3-showdown-setup-bill-randa-lee-shaw/,,,,Subject requires review
Amy Madigan's Potential Weapons Win Shouldn't Be Considered A Career Oscar,2026-03-13T21:05:10+00:00,,no,https://www.slashfilm.com/2122922/amy-madigan-potential-weapons-win-not-career-oscar/,,,,Subject requires review
"Steven Spielberg Thinks Aliens Are Among Us, Thanks Obama For Free Disclosure Day Hype [SXSW] - SlashFilm",2026-03-13T21:16:23+00:00,,no,https://www.slashfilm.com/2122928/steven-spielberg-disclosure-day-aliens-among-us-sxsw/,,,,Subject requires review
Ready Or Not 2: Here I Come Review: Exploding The Elite Is Double The Fun The Second Time Around - SlashFilm,2026-03-14T00:30:00+00:00,,no,https://www.slashfilm.com/2122735/ready-or-not-2-here-i-come-review/,,,,Subject requires review
Steven Spielberg Thinks This '80s Fantasy Movie Is His Most Underrated [SXSW],2026-03-14T00:45:00+00:00,,no,https://www.slashfilm.com/2122925/steven-spielberg-underrated-movie-80s-fantasy-always-sxsw/,,,,Subject requires review
Why Barry Keoghan Replaced Conrad Khan As Duke Shelby In Peaky Blinders: The Immortal Man - SlashFilm,2026-03-14T15:00:00+00:00,,no,https://www.slashfilm.com/2120429/why-barry-keoghan-replaced-conrad-khan-duke-shelby-peaky-blinders-the-immortal-man/,,,,Subject requires review
"10 Best Movies Nominated For The Best Picture Oscar, According To Letterboxd - SlashFilm",2026-03-14T15:10:00+00:00,,no,https://www.slashfilm.com/2122753/best-movies-nominated-best-picture-oscars-according-letterboxd/,,,,Subject requires review
Taylor Sheridan's The Madison Episode 1 Features Two Shocking Character Deaths,2026-03-14T16:00:00+00:00,,no,https://www.slashfilm.com/2119950/taylor-sheridan-the-madison-episode-1-characters-deaths-kurt-russell-matthew-fox/,,,,Subject requires review
A Matthew McConaughey Fantasy Flop Deserves A Second Chance With A Reboot - SlashFilm,2026-03-14T21:45:00+00:00,,no,https://www.slashfilm.com/2115776/matthew-mcconaughey-fantasy-flop-reign-of-fire-reboot/,,,,Subject requires review
"The Madison's Robert Redford Tribute, Explained",2026-03-14T22:00:00+00:00,,no,https://www.slashfilm.com/2120949/the-madison-robert-redford-tribute-explained/,,,,Subject requires review
Why Battlestar Galactica's Final Season Led To A Prequel Instead Of A Direct Spin-Off,2026-03-15T11:00:00+00:00,,no,https://www.slashfilm.com/2115494/why-battlestar-galactica-final-season-prequel-instead-of-spin-off-caprica/,,,,Subject requires review
The Madison Is Different From Taylor Sheridan's Yellowstone In One Major Way,2026-03-15T12:00:00+00:00,,no,https://www.slashfilm.com/2121783/the-madison-taylor-sheridan-yellowstone-difference/,,,,Subject requires review
2017 Flopped Harder Than Any Other Year In Blockbuster Box Office History - SlashFilm,2026-03-15T13:00:00+00:00,,no,https://www.slashfilm.com/2122178/2017-flopped-harder-than-any-year-blockbuster-box-office-history/,,,,Subject requires review
Is Taylor Sheridan's The Madison Connected To Yellowstone?,2026-03-15T14:00:00+00:00,,no,https://www.slashfilm.com/2119860/taylor-sheridan-the-madison-yellowstone-no-connections/,,,,Subject requires review
Tom Cruise Made His Debut In An Awful Brooke Shields Box Office Hit - SlashFilm,2026-03-15T15:00:00+00:00,,no,https://www.slashfilm.com/2100045/tom-cruise-debut-brooke-shields-box-office-hit-endless-love/,,,,Subject requires review
What Happened To Silvio Dante Actor Steven Van Zandt From The Sopranos? - SlashFilm,2026-03-15T16:20:00+00:00,,no,https://www.slashfilm.com/2113431/what-happened-silvio-dante-actor-steven-van-zandt-the-sopranos/,,,,Subject requires review
The One Steven Spielberg Scene That Made The Director Himself Cry On Set [SXSW] - SlashFilm,2026-03-15T17:45:00+00:00,,no,https://www.slashfilm.com/2122978/steven-spielberg-cried-lincoln-speech-scene-sxsw/,,,,Subject requires review
Milla Jovovich's First Major Role Was In A Sequel To This Controversial '80s Movie,2026-03-15T18:00:00+00:00,,no,https://www.slashfilm.com/2113547/milla-jovovich-first-major-role-sequel-controversial-80s-movie-the-blue-lagoon/,,,,Subject requires review
Project Hail Mary Author Andy Weir Did Not Hold Back About Black Mirror - SlashFilm,2026-03-15T18:45:00+00:00,,no,https://www.slashfilm.com/2120256/project-hail-mary-author-andy-weir-harsh-words-black-mirror/,,,,Subject requires review
FX Only Had One Objection To It's Always Sunny In Philadelphia's Wild First Season,2026-03-15T19:00:00+00:00,,no,https://www.slashfilm.com/2120334/fx-objection-its-always-sunny-in-philadelphia-first-season/,,,,Subject requires review
How Real Was The Original Faces Of Death Movie?,2026-03-15T20:20:00+00:00,,no,https://www.slashfilm.com/2122909/how-real-original-faces-of-death-movie/,,,,Subject requires review
Kevin Bacon's Underrated 2015 Crime Thriller With A Wild Premise Is Streaming For Free,2026-03-15T21:00:00+00:00,,no,https://www.slashfilm.com/2122819/kevin-bacon-2015-crime-thriller-cop-car-streaming-free/,,,,Subject requires review
Oscars 2026 Winners: One Battle After Another And Sinners Lead Winners List - SlashFilm,2026-03-15T23:00:00+00:00,,no,https://www.slashfilm.com/2123919/oscars-2026-winners-list/,,,,Subject requires review
Who Is The 2026 Oscars Announcer? Why The Voice Sounds So Familiar - SlashFilm,2026-03-15T23:15:00+00:00,,no,https://www.slashfilm.com/2121894/who-is-oscars-2026-announcer-matt-berry/,,,,Subject requires review
Conan O'Brien Oscars 2026 Monologue Review: Some Sharp Jabs And A Heartfelt Call For Hope,2026-03-16T00:42:35+00:00,,no,https://www.slashfilm.com/2123961/conan-obrien-oscars-2026-monologue-review/,,,,Subject requires review
Amy Madigan's Weapons Oscar Win Is The First Of Its Kind Since 1992,2026-03-16T00:46:24+00:00,,no,https://www.slashfilm.com/2123964/amy-madigan-oscars-2026-best-supporting-actress-win-weapons/,,,,Subject requires review
Marshals Episode 3 Solidifies Why This Pitched Yellowstone Spin-Off Series Needs To Exist - SlashFilm,2026-03-16T02:00:00+00:00,,no,https://www.slashfilm.com/2121638/marshals-episode-3-yellowstone-spin-off-series-needs-exist-gil-birmingham/,,,,Subject requires review
2026 Oscars: Every Major In Memoriam Snub In This Year's Ceremony,2026-03-16T02:09:08+00:00,,no,https://www.slashfilm.com/2124001/2026-oscars-ceremony-in-memoriam-segment-snubs/,,,,Subject requires review
Sinners' Best Cinematography Win Just Made Oscar History (And It's About Time),2026-03-16T02:31:50+00:00,,no,https://www.slashfilm.com/2124011/sinners-oscars-2026-autumn-durald-arkapaw-best-cinematography-win/,,,,Subject requires review
Marshals Episode 3 Forces Kayce Dutton To Relive An Infamously Traumatic Yellowstone Experience - SlashFilm,2026-03-16T10:45:00+00:00,,no,https://www.slashfilm.com/2121763/marshals-episode-3-kayce-dutton-traumatic-yellowstone-experience/,,,,Subject requires review
G.I. Joe's Cobra-La Was A Sneaky Homage To An Underrated Hayao Miyazaki Anime,2026-03-16T11:30:00+00:00,,no,https://www.slashfilm.com/2108161/gi-joe-the-movie-cobra-la-homage-studio-ghibli-anime-nausicaa-of-the-valley-of-the-wind/,,,,Subject requires review
"Marshals Episode 3 Introduces A Powerful, Previously Unseen Dutton Family Rival - SlashFilm",2026-03-16T12:00:00+00:00,,no,https://www.slashfilm.com/2120062/marshals-episode-3-yellowstone-dutton-family-rival-randall-clegg/,,,,Subject requires review
The Only Actors To Win Three Or More Oscars,2026-03-16T12:14:40+00:00,,no,https://www.slashfilm.com/2124183/actors-with-three-oscar-wins/,,,,Subject requires review
Everything You Need To Remember Before Watching Peaky Blinders: The Immortal Man - SlashFilm,2026-03-16T13:00:00+00:00,,no,https://www.slashfilm.com/2121800/peaky-blinders-the-immortal-man-movie-everything-need-remember/,,,,Subject requires review
Billy Bob Thornton Called One Of His Biggest Movies A 'Two-Hour Piece Of Trash',2026-03-16T13:00:00+00:00,,no,https://www.slashfilm.com/2116604/billy-bob-thornton-biggest-movie-armageddon-piece-of-trash/,,,,Subject requires review
V For Vendetta Director Reveals His Thoughts On The Mask's Use By Activist Groups [Exclusive],2026-03-16T14:00:00+00:00,,no,https://www.slashfilm.com/2121665/v-for-vendetta-director-james-mcteigue-mask-use-activist-groups-thoughts/,,,,Subject requires review
Marshals Episode 3: The Broken Rock Tribes Borrow A Wild Tactic From John Dutton Himself - SlashFilm,2026-03-16T15:00:00+00:00,,no,https://www.slashfilm.com/2121706/marshals-episode-3-broken-rock-tribes-borrow-john-dutton-tactic/,,,,Subject requires review
Why Sean Penn Wasn't At The 2026 Oscars,2026-03-16T15:01:39+00:00,,no,https://www.slashfilm.com/2124368/why-sean-penn-not-at-2026-oscars/,,,,Subject requires review
"10 Best MTV Shows From The 2000s, Ranked",2026-03-16T15:10:00+00:00,,no,https://www.slashfilm.com/2119321/best-mtv-shows-2000s-ranked/,,,,Subject requires review
Reminders Of Him Proves Colleen Hoover Is A Proper Box Office Juggernaut - SlashFilm,2026-03-16T17:45:00+00:00,,no,https://www.slashfilm.com/2124513/reminders-of-him-movie-proof-colleen-hoover-box-office-juggernaut/,,,,Subject requires review
"Warner Bros. Wanted A Crucial Plotline Cut From V For Vendetta, But The Director Said No [Exclusive] - SlashFilm",2026-03-16T18:45:00+00:00,,no,https://www.slashfilm.com/2121688/warner-bros-wanted-cut-v-for-vendetta-plotline/,,,,Subject requires review
Patrick Wilson Joins The Last Of Us Season 3 Cast As Key Video Game Character - SlashFilm,2026-03-16T19:49:10+00:00,,no,https://www.slashfilm.com/2124846/patrick-wilson-the-last-of-us-season-3-cast-abby-father/,,,,Subject requires review
Is Paradise Season 2 A Time Travel Story? All The Clues Explained - SlashFilm,2026-03-16T20:00:00+00:00,,no,https://www.slashfilm.com/2122690/paradise-season-2-time-travel-story-clues-explained/,,,,Subject requires review
The Madison Episode 1 Proves Taylor Sheridan Is Ready To Take Some Major Risks - SlashFilm,2026-03-16T21:00:00+00:00,,no,https://www.slashfilm.com/2121602/the-madison-episode-proof-taylor-sheridan-ready-risks/,,,,Subject requires review
Rebecca Ferguson's Dune 3 Spoiler Will Disappoint Her Fans,2026-03-16T21:06:01+00:00,,no,https://www.slashfilm.com/2124953/rebecca-ferguson-dune-3-spoiler-minimal-screen-time/,,,,Subject requires review
A '90s Comic Book Movie Sequel Returned To The Top 10 At The Box Office,2026-03-16T21:20:00+00:00,,no,https://www.slashfilm.com/2124659/tmnt-2-secret-of-the-ooze-90s-comic-book-movie-sequel-box-office-top-10-return/,,,,Subject requires review
Timothée Chalamet's Paul Atreides Returns In Dune: Part Three First Look Image,2026-03-16T22:12:08+00:00,,no,https://www.slashfilm.com/2124998/timothee-chalamet-paul-atreides-dune-3-first-look-image/,,,,Subject requires review
A Beloved Studio Ghibli Anime Classic Returned To The Top 10 At The Box Office - SlashFilm,2026-03-16T22:45:00+00:00,,no,https://www.slashfilm.com/2124759/studio-ghibli-anime-classic-kikis-delivery-service-box-office-top-10-return/,,,,Subject requires review
What Happens To Rex Splode In The Invincible Comics? His Fate Explained - SlashFilm,2026-03-16T23:00:00+00:00,,no,https://www.slashfilm.com/2113541/rex-splode-invincible-comics-fate-explained/,,,,Subject requires review
The Only Three Movies To Win The Big Five Awards At The Oscars - SlashFilm,2026-03-17T00:00:00+00:00,,no,https://www.slashfilm.com/2124986/only-movies-win-big-five-awards-oscars/,,,,Subject requires review
Oscars 2026: Why Timothée Chalamet Lost Best Actor To Michael B. Jordan - SlashFilm,2026-03-17T00:45:00+00:00,,no,https://www.slashfilm.com/2124985/oscars-2026-why-timothee-chalamet-lost-best-actor-michael-b-jordan/,,,,Subject requires review
The Madison's Cade Harris Starred In One Of The Best Kids Movie Franchises Of The 90s,2026-03-17T10:45:00+00:00,,no,https://www.slashfilm.com/2124260/the-madison-cade-harris-star-air-bud-90s-movie-franchise/,,,,Subject requires review
Marshals Episode 3 Proves Taylor Sheridan's Yellowstone Spin-Off Has No Idea What It's About,2026-03-17T11:45:00+00:00,,no,https://www.slashfilm.com/2121742/marshals-episode-3-proof-taylor-sheridan-yellowstone-spin-off-no-idea-what-about/,,,,Subject requires review
"Jessie Buckley Is Not The First Best Acting Oscar Winner Who Got Their Start In Reality TV (Yes, Seriously) - SlashFilm",2026-03-17T12:00:00+00:00,,no,https://www.slashfilm.com/2124937/jessie-buckley-not-first-best-acting-oscar-winner-reality-tv-start-emma-stone/,,,,Subject requires review
Steven Spielberg Thought One '80s Action Classic Was Dangerous For Society,2026-03-17T14:00:00+00:00,,no,https://www.slashfilm.com/2125082/steven-spielberg-80s-action-classic-dangerous-rambo-first-blood-part-ii/,,,,Subject requires review
Ryan Gosling Almost Cost Matthew McConaughey His Oscar-Winning Role - SlashFilm,2026-03-17T15:00:00+00:00,,no,https://www.slashfilm.com/2125076/ryan-gosling-dallas-buyers-club-original-choice-matthew-mcconaughey/,,,,Subject requires review
"10 Best True Crime Documentaries Of 2025, Ranked - SlashFilm",2026-03-17T15:10:00+00:00,,no,https://www.slashfilm.com/2124428/best-true-crime-documentaries-2025-ranked/,,,,Subject requires review
How To Watch Sam Raimi's Send Help At Home,2026-03-17T16:00:00+00:00,,no,https://www.slashfilm.com/2125504/how-watch-sam-raimi-send-help-movie-home/,,,,Subject requires review
Dune: Part Three Trailer: Denis Villeneuve And Timothée Chalamet Return To Arrakis - SlashFilm,2026-03-17T16:23:33+00:00,,no,https://www.slashfilm.com/2125564/dune-part-three-trailer-timothee-chalamet-denis-villeneuve-movie/,,,,Subject requires review
Who Is Hayt? Jason Momoa's New Dune 3 Character Explained,2026-03-17T16:30:00+00:00,,no,https://www.slashfilm.com/2125573/hayt-jason-momoa-dune-3-character-explained/,,,,Subject requires review
"Dune: Part Three Is A Different Genre Than The First Two Movies, According To Denis Villeneuve - SlashFilm",2026-03-17T16:45:00+00:00,,no,https://www.slashfilm.com/2125561/dune-part-three-different-genre-first-two-movies-denis-villeneuve/,,,,Subject requires review
One Dune Star Played A Key Role In Robert Pattinson's Part Three Casting,2026-03-17T17:00:00+00:00,,no,https://www.slashfilm.com/2125559/robert-pattinson-dune-part-three-casting-zendaya-role/,,,,Subject requires review
Dune: Part Three Is Being Called A Conclusion – What About The Other Four Books? - SlashFilm,2026-03-17T17:15:00+00:00,,no,https://www.slashfilm.com/2125595/dune-part-three-conclusion-meaning-other-books/,,,,Subject requires review
Dune: Part Three's Paul And Chani Story Teased By Director Denis Villeneuve,2026-03-17T17:30:00+00:00,,no,https://www.slashfilm.com/2125635/dune-part-three-paul-chani-story-tease-director-denis-villeneuve/,,,,Subject requires review
The Dune: Part Three Trailer Makes Part Two's Ending Look Much Worse,2026-03-17T18:15:02+00:00,,no,https://www.slashfilm.com/2125713/dune-part-three-trailer-part-two-ending-worse/,,,,Subject requires review
The Charles Bronson Thriller Roger Ebert Called A 'Scummy Little Sewer Of A Movie',2026-03-17T18:45:00+00:00,,no,https://www.slashfilm.com/2103011/roger-ebert-charles-bronson-movie-10-to-midnight-review/,,,,Subject requires review
"Monarch: Legacy Of Monsters' Tomomi Kamata Tribute, Explained",2026-03-17T21:00:00+00:00,,no,https://www.slashfilm.com/2125799/monarch-legacy-of-monsters-tomomi-kamata-tribute-explained/,,,,Subject requires review
"Before Landman, Jacob Lofland Starred In An Underrated Sports Drama Featuring Robert Duvall - SlashFilm",2026-03-17T22:00:00+00:00,,no,https://www.slashfilm.com/2111637/landman-star-jacob-lofland-robert-duvall-sports-drama-12-mighty-orphans/,,,,Subject requires review
Stephen King Didn't Mince Words About Quentin Tarantino's Kill Bill,2026-03-17T23:00:00+00:00,,no,https://www.slashfilm.com/2121862/stephen-king-harsh-words-quentin-tarantino-kill-bill/,,,,Subject requires review
Here's What Convinced Denis Villeneuve To Make Dune: Part Three His Next Movie,2026-03-17T23:30:00+00:00,,no,https://www.slashfilm.com/2126048/what-convinced-denis-villeneuve-dune-part-three-next-movie/,,,,Subject requires review
The Scrapped Simpsons Twist That Would Have Changed Homer And Krusty Forever - SlashFilm,2026-03-18T00:00:00+00:00,,no,https://www.slashfilm.com/2121883/the-simpsons-scrapped-homer-secret-identity-krusty-the-clown/,,,,Subject requires review
The Marshals Storyline That Shocked Star Luke Grimes - SlashFilm,2026-03-18T00:45:00+00:00,,no,https://www.slashfilm.com/2121523/marshals-storyline-shocked-luke-grimes-monica-kayce-dutton/,,,,Subject requires review
The Classic Hollywood Movie That Inspired Ryan Gosling's Project Hail Mary Performance [Exclusive],2026-03-18T10:45:00+00:00,,no,https://www.slashfilm.com/2116535/ryan-gosling-project-hail-mary-performance-classic-hollywood-movie-inspiration/,,,,Subject requires review
What's The Song In The Invincible Season 4 Premiere Opening Scene?,2026-03-18T14:00:00+00:00,,no,https://www.slashfilm.com/2125941/invincible-season-4-premiere-opening-scene-song/,,,,Subject requires review
15 Most Shocking Oscars Upsets Of All Time,2026-03-18T15:10:00+00:00,,no,https://www.slashfilm.com/2126422/oscars-most-shocking-upsets/,,,,Subject requires review
Invincible Season 4 Premiere Post-Credits Scene Explained: What Happens To Conquest? - SlashFilm,2026-03-18T16:00:00+00:00,,no,https://www.slashfilm.com/2123907/invincible-season-4-premiere-post-credits-scene-explained-conquest/,,,,Subject requires review
Invincible Season 4 Is Already Setting Up One Of The Comic's Biggest Twists,2026-03-18T22:45:00+00:00,,no,https://www.slashfilm.com/2123948/invincible-season-4-comic-book-twist-emperor-argall-nolan-mark-grayson/,,,,Subject requires review
What Dinosaurus From Invincible Season 4 Looks Like In Real Life - SlashFilm,2026-03-19T10:45:00+00:00,,no,https://www.slashfilm.com/2125853/dinosaurus-invincible-season-4-look-real-life-actor-matthew-rhys/,,,,Subject requires review
How Much Money The Bride! Could Lose At The Box Office - SlashFilm,2026-03-19T13:00:00+00:00,,no,https://www.slashfilm.com/2126711/the-bride-movie-money-lost-box-office/,,,,Subject requires review
Invincible Season 4's Premiere Episode Features Mark Grayson's Darkest Moment Yet,2026-03-19T14:00:00+00:00,,no,https://www.slashfilm.com/2126345/invincible-season-4-premiere-episode-mark-grayson-murder/,,,,Subject requires review
Does Ryan Gosling's Project Hail Mary Have A Post-Credits Scene? A Spoiler-Free Guide,2026-03-19T14:57:29+00:00,,no,https://www.slashfilm.com/2127147/ryan-gosling-project-hail-mary-post-credits-scene-guide/,,,,Subject requires review
10 Hollywood Stars Who Didn't Show Up To Accept Their Oscars,2026-03-19T15:10:00+00:00,,no,https://www.slashfilm.com/2126053/hollywood-stars-who-didnt-show-up-accept-oscars/,,,,Subject requires review
Where Have You Seen All The Project Hail Mary Crew Members Before? - SlashFilm,2026-03-19T17:00:00+00:00,,no,https://www.slashfilm.com/2125784/project-hail-mary-crew-members-previous-movies-tv-shows/,,,,Subject requires review
"How Survivor 50 Led To Season 4 Of The White Lotus, According To Creator Mike White - SlashFilm",2026-03-19T20:30:56+00:00,,no,https://www.slashfilm.com/2127505/how-survivor-50-led-the-white-lotus-season-4-mike-white/,,,,Subject requires review
Why Project Hail Mary Changes The Book's Perfect Ending (In A Good Way) [Exclusive],2026-03-20T00:45:00+00:00,,no,https://www.slashfilm.com/2124553/project-hail-mary-movie-book-ending-changes-explained/,,,,Subject requires review
One Of The Pitt Season 2's Most Touching Storylines Focuses On A Divisive Topic,2026-03-20T01:00:00+00:00,,no,https://www.slashfilm.com/2121545/the-pitt-season-2-most-touching-storyline-divisive-topic-roxie/,,,,Subject requires review
"Project Hail Mary's Shocking Twist, Explained By Ryan Gosling And Writer Drew Goddard [Exclusive]",2026-03-20T10:45:00+00:00,,no,https://www.slashfilm.com/2127216/project-hail-mary-twist-explained-ryan-gosling-writer-drew-goddard/,,,,Subject requires review
Project Hail Mary Features A Secret Subplot You Didn't Notice [Exclusive],2026-03-20T11:00:00+00:00,,no,https://www.slashfilm.com/2127143/project-hail-mary-secret-subplot-sandra-tattoo/,,,,Subject requires review
The Immortal Man Includes A Perfect Tribute To A Beloved Peaky Blinders Character - SlashFilm,2026-03-20T11:45:00+00:00,,no,https://www.slashfilm.com/2121854/peaky-blinders-the-immortal-man-aunt-polly-gray-tribute-explained/,,,,Subject requires review
Peaky Blinders: The Immortal Man - Does Tommy Shelby Die? - SlashFilm,2026-03-20T12:30:00+00:00,,no,https://www.slashfilm.com/2119347/peaky-blinders-the-immortal-man-tommy-shelby-death-explained/,,,,Subject requires review
Ready Or Not 2 Directors Learned One Key Lesson From Scream 6 [Exclusive Interview] - SlashFilm,2026-03-20T13:00:00+00:00,,no,https://www.slashfilm.com/2125925/ready-or-not-2-directors-radio-silence-interview/,,,,Subject requires review
Monarch: Legacy Of Monsters Season 2 Has A Stealth Tribute To A Kurt Russell Movie - SlashFilm,2026-03-20T14:00:00+00:00,,no,https://www.slashfilm.com/2126887/monarch-legacy-of-monsters-season-2-kurt-russell-movie-tribute/,,,,Subject requires review
"Chuck Norris, Action Movie Legend And Star Of Walker, Texas Ranger, Dead At 86 - SlashFilm",2026-03-20T14:04:07+00:00,,no,https://www.slashfilm.com/2127866/chuck-norris-walker-texas-ranger-actor-dead-obituary/,,,,Subject requires review
"15 Strongest Harry Potter Characters, Ranked",2026-03-20T15:10:00+00:00,,no,https://www.slashfilm.com/2121031/harry-potter-strongest-characters-ranked/,,,,Subject requires review
Chuck Norris' Dodgeball Cameo Came Together After One Key Move By Ben Stiller,2026-03-20T15:59:46+00:00,,no,https://www.slashfilm.com/2128004/chuck-norris-dodgeball-cameo-ben-stiller-helicopter/,,,,Subject requires review
Chuck Norris Had One Condition To Appear In The Expendables 2 - SlashFilm,2026-03-20T16:43:07+00:00,,no,https://www.slashfilm.com/2128064/chuck-norris-the-expendables-2-appearance-condition/,,,,Subject requires review
Peaky Blinders: The Immortal Man Title Explained By Creator Steven Knight [Exclusive] - SlashFilm,2026-03-20T17:00:00+00:00,,no,https://www.slashfilm.com/2127131/peaky-blinders-the-immortal-man-title-explained-creator-steven-knight/,,,,Subject requires review
"Invincible Season 4, Episode 2 Shows Us Something The Comics Never Did - SlashFilm",2026-03-20T18:00:00+00:00,,no,https://www.slashfilm.com/2127753/invincible-season-4-episode-2-nolan-grayson-childhood-explained/,,,,Subject requires review
Why Project Hail Mary's Most Disturbing Book Moment Was Cut From The Movie [Exclusive],2026-03-20T19:00:00+00:00,,no,https://www.slashfilm.com/2127621/why-project-hail-mary-most-disturbing-book-moment-cut-movie/,,,,Subject requires review
What Space Racer From Invincible Season 4 Looks Like In Real Life - SlashFilm,2026-03-20T20:00:00+00:00,,no,https://www.slashfilm.com/2127079/space-racer-invincible-season-4-look-real-life-actor-winston-duke/,,,,Subject requires review
"Nicholas Brendon, Star Of Buffy The Vampire Slayer And Criminal Minds, Dead At 54 - SlashFilm",2026-03-21T00:50:36+00:00,,no,https://www.slashfilm.com/2128496/nicholas-brendon-buffy-the-vampire-slayer-criminal-minds-star-dead-obituary/,,,,Subject requires review
5 Biggest Changes The Project Hail Mary Movie Makes From The Original Book - SlashFilm,2026-03-21T11:45:00+00:00,,no,https://www.slashfilm.com/2126358/project-hail-mary-movie-book-changes/,,,,Subject requires review
Peaky Blinders Creator Says The Immortal Man Gives Tommy Shelby The Ending He Actually Deserves [Exclusive] - SlashFilm,2026-03-21T12:00:00+00:00,,no,https://www.slashfilm.com/2127198/peaky-blinders-creator-the-immortal-man-ending-tommy-shelby-deserves/,,,,Subject requires review
How Scientifically Accurate Is Ryan Gosling's Project Hail Mary?,2026-03-21T15:00:00+00:00,,no,https://www.slashfilm.com/2127475/ryan-gosling-project-hail-mary-scientific-accuracy/,,,,Subject requires review
Meryl Streep's Project Hail Mary Role Explained,2026-03-21T16:00:00+00:00,,no,https://www.slashfilm.com/2125293/meryl-streep-project-hail-mary-role-explained/,,,,Subject requires review
The Madison Finale Gives Taylor Sheridan Fans The Show They've Been Waiting For,2026-03-21T16:30:00+00:00,,no,https://www.slashfilm.com/2127792/the-madison-finale-show-taylor-sheridan-fans-waited-for/,,,,Subject requires review
One Key Aspect Of Peaky Blinders: The Immortal Man Is Based On A True Story - SlashFilm,2026-03-21T17:00:00+00:00,,no,https://www.slashfilm.com/2127825/peaky-blinders-the-immortal-man-true-story/,,,,Subject requires review
"Project Hail Mary: How Rocky Eats, According To The Original Book - SlashFilm",2026-03-21T19:00:00+00:00,,no,https://www.slashfilm.com/2125321/project-hail-mary-how-rocky-eats-book/,,,,Subject requires review
Why Peaky Blinders: The Immortal Man Kills Off A Main Character Off-Screen [Exclusive] - SlashFilm,2026-03-21T19:20:12+00:00,,no,https://www.slashfilm.com/2122000/peaky-blinders-the-immortal-man-arthur-shelby-death-explained/,,,,Subject requires review
Why Chuck Norris Rejected A Role In Bruce Lee's Final Movie,2026-03-21T20:00:00+00:00,,no,https://www.slashfilm.com/2128210/why-chuck-norris-rejected-role-bruce-lee-final-movie-enter-the-dragon/,,,,Subject requires review
The Madison Episode 4 Finally Reveals Paul Clyburn's Tragic Past,2026-03-21T21:45:00+00:00,,no,https://www.slashfilm.com/2128180/the-madison-episode-4-paul-clyburn-past-explained/,,,,Subject requires review
Hollywood Stars Who Refused Their Oscars,2026-03-21T22:00:00+00:00,,no,https://www.slashfilm.com/2126812/hollywood-stars-refused-oscars/,,,,Subject requires review
What Universa From Invincible Season 4 Looks Like In Real Life - SlashFilm,2026-03-21T22:30:00+00:00,,no,https://www.slashfilm.com/2128783/invincible-season-4-universa-look-real-life-actress-danai-gurira/,,,,Subject requires review
The Madison Finale Addresses A Real-World Problem Caused By Taylor Sheridan,2026-03-21T22:45:00+00:00,,no,https://www.slashfilm.com/2128296/the-madison-finale-real-world-problem-taylor-sheridan-yellowstone/,,,,Subject requires review
Why The Sheriff From Taylor Sheridan's The Madison Looks So Familiar,2026-03-21T23:00:00+00:00,,no,https://www.slashfilm.com/2128187/sheriff-van-davis-taylor-sheridan-the-madison-actor-ben-schnetzer/,,,,Subject requires review
"Chuck Norris' Best Movie, According To Rotten Tomatoes",2026-03-21T23:45:00+00:00,,no,https://www.slashfilm.com/2128335/chuck-norris-best-movie-according-rotten-tomatoes/,,,,Subject requires review
The Madison Episode 4 Continues The Most Annoying Trend Of The Taylor Sheridan Series - SlashFilm,2026-03-22T00:00:00+00:00,,no,https://www.slashfilm.com/2127586/the-madison-episode-4-most-annoying-trend-taylor-sheridan-series/,,,,Subject requires review
Project Hail Mary Author Andy Weir Has One Major Issue With Interstellar - SlashFilm,2026-03-22T00:45:00+00:00,,no,https://www.slashfilm.com/2125990/project-hail-mary-author-andy-weir-major-issue-interstellar/,,,,Subject requires review
Reacher Star Alan Ritchson Starred In A 2018 Zombie Movie That Flew Under Everyone,2026-03-22T11:00:00+00:00,,no,https://www.slashfilm.com/2120469/reacher-star-alan-ritchson-zombie-movie-office-uprising/,,,,Subject requires review
One Peaky Blinders Favorite Is Missing From The Immortal Man (And It,2026-03-22T13:00:00+00:00,,no,https://www.slashfilm.com/2123478/peaky-blinders-the-immortal-man-missing-character-tom-hardy-alfie-solomons/,,,,Subject requires review
"The Unique Way Project Hail Mary's Eridians Sleep, Explained",2026-03-22T15:00:00+00:00,,no,https://www.slashfilm.com/2125669/project-hail-mary-eridian-sleep-explained/,,,,Subject requires review
Hilary Duff Thinks She Knows Who The Dad Was In How I Met Your Father - SlashFilm,2026-03-22T16:20:00+00:00,,no,https://www.slashfilm.com/2127636/hilary-duff-dad-identity-how-i-met-your-father/,,,,Subject requires review
Buffy The Vampire Slayer's Final Season Set Up The Perfect Spin-Off (And It Doesn't Involve Faith),2026-03-22T17:00:00+00:00,,no,https://www.slashfilm.com/2127579/buffy-the-vampire-slayer-final-season-set-up-spin-off-fray/,,,,Subject requires review
Cillian Murphy Could Have Lost His 28 Days Later Role To A Peaky Blinders Co-Star - SlashFilm,2026-03-22T17:45:00+00:00,,no,https://www.slashfilm.com/2124972/cillian-murphy-almost-lost-28-days-later-role-peaky-blinders-co-star-tom-hardy/,,,,Subject requires review
A Gritty Al Pacino Crime Thriller Is One Of Meryl Streep's Favorite Movies,2026-03-22T18:00:00+00:00,,no,https://www.slashfilm.com/2127484/meryl-streep-favorite-movie-al-pacino-crime-thriller-dog-day-afternoon/,,,,Subject requires review
Project Hail Mary: Why Rocky And Grace Can't Be In The Same Space,2026-03-22T19:00:00+00:00,,no,https://www.slashfilm.com/2125069/project-hail-mary-why-rocky-grace-not-same-space/,,,,Subject requires review
Clint Eastwood Didn't Mince Words About Akira Kurosawa's Oscar-Winning Classic,2026-03-22T21:00:00+00:00,,no,https://www.slashfilm.com/2128963/clint-eastwood-harsh-words-akira-kurosawa-oscar-winning-classic-dersu-uzala/,,,,Subject requires review
The Madison Doubles Down On A Major Criticism Of Taylor Sheridan,2026-03-22T22:00:00+00:00,,no,https://www.slashfilm.com/2127593/the-madison-taylor-sheridan-yellowstone-criticism-plot/,,,,Subject requires review
Who Voices Rocky In Ryan Gosling's Project Hail Mary,2026-03-23T00:00:00+00:00,,no,https://www.slashfilm.com/2129455/rocky-voice-actor-ryan-gosling-project-hail-mary-movie-james-ortiz/,,,,Subject requires review
Project Hail Mary's Best Easter Egg References A Steven Spielberg Alien Movie,2026-03-23T00:45:00+00:00,,no,https://www.slashfilm.com/2127230/project-hail-mary-best-easter-egg-steven-spielberg-alien-movie-close-encounters/,,,,Subject requires review
Project Hail Mary Sequel: Will It Happen?,2026-03-23T10:45:00+00:00,,no,https://www.slashfilm.com/2128391/project-hail-mary-sequel-andy-weir-updates/,,,,Subject requires review
Frank Sinatra Had Nothing But Hatred For The Greatest Gangster Story Ever Made - SlashFilm,2026-03-23T13:00:00+00:00,,no,https://www.slashfilm.com/2129482/frank-sinatra-hated-gangster-story-the-godfather/,,,,Subject requires review
Marshals Episode 4 References One Of Yellowstone's Most Heartbreaking Moments,2026-03-23T14:40:37+00:00,,no,https://www.slashfilm.com/2129825/marshals-episode-4-yellowstone-heartbreaking-moment-reference-emmett-walsh/,,,,Subject requires review
The Project Hail Mary LEGO Set Is An Impressive Feat Of Plastic Brick Engineering - SlashFilm,2026-03-23T15:00:00+00:00,,no,https://www.slashfilm.com/2129793/lego-project-hail-mary-set-review/,,,,Subject requires review
10 Best Movies Like Ryan Gosling's Project Hail Mary,2026-03-23T15:10:00+00:00,,no,https://www.slashfilm.com/2129773/best-movies-like-ryan-gosling-project-hail-mary/,,,,Subject requires review
Dutton Ranch Trailer: First Look At Kelly Reilly & Cole Hauser,2026-03-23T15:24:26+00:00,,no,https://www.slashfilm.com/2129905/dutton-ranch-trailer-kelly-reilly-cole-hauser-yellowstone-spin-off-series/,,,,Subject requires review
Moana Trailer Reveals Dwayne Johnson's Live-Action Maui (And Some Really Ugly Visuals),2026-03-23T16:08:12+00:00,,no,https://www.slashfilm.com/2130000/moana-trailer-dwayne-johnson-live-action-maui/,,,,Subject requires review
Harry Potter TV Series Set Videos Reveal Platform 9¾ & The Leaky Cauldron - SlashFilm,2026-03-23T16:41:40+00:00,,no,https://www.slashfilm.com/2130066/harry-potter-tv-series-set-videos-platform-934-leaky-cauldron/,,,,Subject requires review
Send Help Deleted Scene Reveals Rachel McAdams Making A Pivotal Discovery [Exclusive] - SlashFilm,2026-03-23T16:45:00+00:00,,no,https://www.slashfilm.com/2128434/send-help-rachel-mcadams-deleted-scene-exclusive/,,,,Subject requires review
Harry Potter TV Series Features The Live-Action Debut Of A Fan-Favorite Hogwarts Character - SlashFilm,2026-03-23T17:24:06+00:00,,no,https://www.slashfilm.com/2130135/harry-potter-tv-series-live-action-debut-peeves/,,,,Subject requires review
Marshals Episode 4 Finally Reveals More About The Yellowstone Spin-Off,2026-03-23T17:59:15+00:00,,no,https://www.slashfilm.com/2130195/marshals-episode-4-pete-calvin-backstory-yellowstone-spin-off/,,,,Subject requires review
Harry Potter Star Paapa Essiedu Breaks Silence On Snape Casting Backlash - SlashFilm,2026-03-23T18:48:52+00:00,,no,https://www.slashfilm.com/2130276/harry-potter-star-paapa-essiedu-snape-casting-backlash-response/,,,,Subject requires review
How To Watch Nirvanna The Band The Show The Movie At Home - SlashFilm,2026-03-23T19:45:00+00:00,,no,https://www.slashfilm.com/2130244/how-watch-nirvanna-the-band-the-show-the-movie-at-home/,,,,Subject requires review
Paradise Season 2 Episode 7 Builds A Major Twist Using Simpsons-Level Logic - SlashFilm,2026-03-23T20:00:00+00:00,,no,https://www.slashfilm.com/2128173/paradise-season-2-episode-7-lockdown-door-twist-simpsons-logic/,,,,Subject requires review
Sinners Star Michael B. Jordan Allegedly Wants Huge Miami Vice Payday After Oscars Win - SlashFilm,2026-03-23T20:15:15+00:00,,no,https://www.slashfilm.com/2130386/sinners-star-michael-b-jordan-miami-vice-salary-oscars-win/,,,,Subject requires review
5 Reasons Why Ryan Gosling's Project Hail Mary Dominated The Box Office,2026-03-23T21:00:00+00:00,,no,https://www.slashfilm.com/2130248/ryan-gosling-project-hail-mary-movie-box-office-success-reasons/,,,,Subject requires review
Marshals Episode 4: Kayce Dutton Finds A Surrogate John Dutton In Yellowstone Spin-Off - SlashFilm,2026-03-23T22:00:00+00:00,,no,https://www.slashfilm.com/2130388/marshals-episode-4-kayce-dutton-surrogate-john-dutton-yellowstone-spin-off/,,,,Subject requires review
Battlestar Galactica And Transformers Are Linked By One Unique Special Effect - SlashFilm,2026-03-23T22:45:00+00:00,,no,https://www.slashfilm.com/2120729/battlestar-galactica-transformers-link-vocoder-special-effect/,,,,Subject requires review
Is It: Welcome To Derry Season 2 Happening? Producer Provides Update - SlashFilm,2026-03-23T22:47:45+00:00,,no,https://www.slashfilm.com/2130550/it-welcome-to-derry-season-2-update/,,,,Subject requires review
What Does Ready Or Not 2's Box Office Mean For The Future Of The Franchise?,2026-03-23T23:45:00+00:00,,no,https://www.slashfilm.com/2130302/ready-or-not-2-box-office-franchise-future-meaning/,,,,Subject requires review
Project Hail Mary's Most Popular Test Screening Scene Wasn't Originally In The Movie,2026-03-24T10:45:00+00:00,,no,https://www.slashfilm.com/2128279/project-hail-mary-most-popular-test-screening-scene-sandra-huller-singing/,,,,Subject requires review
A Disturbing Yellowstone Storyline Haunts Kayce Dutton In Marshals Episode 4 - SlashFilm,2026-03-24T12:30:00+00:00,,no,https://www.slashfilm.com/2130450/marshals-episode-4-disturbing-yellowstone-storyline-haunts-kayce-dutton/,,,,Subject requires review
The Super Mario Galaxy Movie Will Set A New High Bar At The Box Office For 2026 - SlashFilm,2026-03-24T13:00:00+00:00,,no,https://www.slashfilm.com/2130427/the-super-mario-galaxy-movie-box-office-preview/,,,,Subject requires review
How To Watch Avatar: Fire And Ash At Home,2026-03-24T14:00:00+00:00,,no,https://www.slashfilm.com/2130618/how-watch-avatar-fish-and-ash-home/,,,,Subject requires review
"5 Things We Learned On The Set Of Varanasi, The Action Epic From RRR Director - SlashFilm",2026-03-24T15:00:00+00:00,,no,https://www.slashfilm.com/2130534/varanasi-rrr-director-ss-rajamouli-set-visit-details/,,,,Subject requires review
"Best Picture Oscar Winners Of The 21st Century, Ranked - SlashFilm",2026-03-24T15:10:00+00:00,,no,https://www.slashfilm.com/2129809/oscar-best-picture-winners-21st-century-ranked/,,,,Subject requires review
How To Watch Margot Robbie's Wuthering Heights At Home,2026-03-24T17:00:00+00:00,,no,https://www.slashfilm.com/2131121/how-watch-margot-robbie-wuthering-heights-at-home/,,,,Subject requires review
Roger Ebert Gave This Devastating 2006 Ryan Gosling Drama A Perfect Score - SlashFilm,2026-03-24T17:45:00+00:00,,no,https://www.slashfilm.com/2131149/roger-ebert-perfect-score-ryan-gosling-drama-half-nelson/,,,,Subject requires review
Sam Raimi's Alternate Send Help Ending Explained,2026-03-24T20:00:00+00:00,,no,https://www.slashfilm.com/2131271/sam-raimi-send-help-movie-alternate-ending-explained/,,,,Subject requires review
Chuck Norris' Best Role Was In A Movie Clint Eastwood Passed On,2026-03-24T22:00:00+00:00,,no,https://www.slashfilm.com/2130581/chuck-norris-best-role-clint-eastwood-passed-code-of-silence/,,,,Subject requires review
Yellowstone's Dutton Ranch Spin-Off Could Fix The Biggest Complaint About Marshals,2026-03-24T23:00:00+00:00,,no,https://www.slashfilm.com/2130593/yellowstone-dutton-ranch-spin-off-fix-biggest-complaint-marshals/,,,,Subject requires review
"New Lord Of The Rings Sequel Film Will Reunite The Hobbits, Stephen Colbert To Write Script - SlashFilm",2026-03-25T04:46:51+00:00,,no,https://www.slashfilm.com/2131767/lord-of-the-rings-shadow-of-the-past-sequel-film-stephen-colbert/,,,,Subject requires review
Daredevil: Born Again Season 2 Premiere References An Underrated TV Series - SlashFilm,2026-03-25T15:00:00+00:00,,no,https://www.slashfilm.com/2131393/daredevil-born-again-season-2-premiere-mr-robot-tv-series-reference/,,,,Subject requires review
"All 7 Movies & TV Shows Based On George R.R. Martin's Books, Ranked",2026-03-25T15:10:00+00:00,,no,https://www.slashfilm.com/2131122/movies-tv-shows-based-george-rr-martin-books-ranked/,,,,Subject requires review
I'm A Tolkien Super-Fan. Here's Why I'm Cautiously Optimistic About Stephen Colbert's Lord Of The Rings Movie,2026-03-25T17:00:00+00:00,,no,https://www.slashfilm.com/2132164/tolkien-fan-optimistic-stephen-colbert-lord-of-the-rings-movie/,,,,Subject requires review
Grey's Anatomy Is Losing Two Major Stars After The Season 22 Finale - And It's Amazing News For The Series,2026-03-25T17:37:33+00:00,,no,https://www.slashfilm.com/2132231/greys-anatomy-kevin-mckidd-kim-raver-exit-season-22-finale/,,,,Subject requires review
5 Reasons We're Worried About Stephen Colbert's Lord Of The Rings Movie,2026-03-25T18:23:27+00:00,,no,https://www.slashfilm.com/2132267/stephen-colbert-lord-of-the-rings-movie-reasons-worried/,,,,Subject requires review
IT Director Andy Muschietti Provides An Update On The Long-Rumored IT Supercut [Exclusive] - SlashFilm,2026-03-25T18:26:36+00:00,,no,https://www.slashfilm.com/2132273/it-director-andy-muschietti-supercut-update/,,,,Subject requires review
"Murder, She Wrote Movie Has Found The Perfect Angela Lansbury Replacement - SlashFilm",2026-03-25T18:47:56+00:00,,no,https://www.slashfilm.com/2132297/murder-she-wrote-movie-jessica-fletcher-jamie-lee-curtis-replaces-angela-lansbury/,,,,Subject requires review
Invincible Season 4 Marks The Return Of A Character The Comics Forgot About - SlashFilm,2026-03-25T21:00:00+00:00,,no,https://www.slashfilm.com/2131886/invincible-season-4-forgotten-comic-book-character-return-damien-darkblood/,,,,Subject requires review
"Move Over, Dune Popcorn Bucket: There's An Official Sandworm Bluetooth Speaker Now",2026-03-25T21:01:37+00:00,,no,https://www.slashfilm.com/2132453/dune-popcorn-bucket-new-sandworm-bluetooth-wireless-speaker/,,,,Subject requires review
"Before His Lord Of The Rings Movie, Stephen Colbert Co-Wrote A Comedy Based On A Cult Sitcom - SlashFilm",2026-03-26T00:00:00+00:00,,no,https://www.slashfilm.com/2132377/stephen-colbert-wrote-strangers-with-candy-prequel-before-lord-of-the-rings/,,,,Subject requires review
They Will Kill You Director Reveals The Movie's Best Easter Egg That Will Change The Way You Watch It [Exclusive],2026-03-26T10:45:00+00:00,,no,https://www.slashfilm.com/2132456/they-will-kill-you-movie-best-easter-egg/,,,,Subject requires review
The Super Mario Galaxy Movie Goes Full 'Nintendo Cinematic Universe' With Star Fox Character Reveal,2026-03-26T13:42:48+00:00,,no,https://www.slashfilm.com/2132796/the-super-mario-galaxy-movie-nintendo-cinematic-universe-star-fox-reveal/,,,,Subject requires review
Why Rachel From Something Very Bad Is Going To Happen Looks So Familiar - SlashFilm,2026-03-26T14:00:00+00:00,,no,https://www.slashfilm.com/2132158/rachel-something-very-bad-is-going-to-happen-actress-camila-morrone/,,,,Subject requires review
Peaky Blinders: The Immortal Man Almost Included A Twist Involving Tom Hardy,2026-03-26T16:00:00+00:00,,no,https://www.slashfilm.com/2132882/peaky-blinders-the-immortal-man-cut-tom-hardy-alfie-twist-explained/,,,,Subject requires review
The New Stranger Things: Tales From '85 Trailer Ignites A Wild Fan Theory,2026-03-26T16:33:29+00:00,,no,https://www.slashfilm.com/2132936/stranger-things-tales-from-85-trailer-canceled-telltale-video-game-theory/,,,,Subject requires review
Why Nicky From Something Very Bad Is Going To Happen Looks So Familiar - SlashFilm,2026-03-26T17:00:00+00:00,,no,https://www.slashfilm.com/2132357/nicky-something-very-bad-is-going-to-happen-actor-adam-dimarco/,,,,Subject requires review
The End Of Oak Street Trailer Looks Like A Cloverfield Movie With Dinosaurs - SlashFilm,2026-03-26T17:09:54+00:00,,no,https://www.slashfilm.com/2132982/the-end-of-oak-street-jj-abrams-dinosaur-cloverfield-movie-trailer/,,,,Subject requires review
5 Best Movies Like Send Help,2026-03-26T17:12:32+00:00,,no,https://www.slashfilm.com/2132987/best-movies-like-send-help-2026-rachel-mcadams-dylan-obrien/,,,,Subject requires review
Project Hail Mary Needs To Make This Much Money At The Box Office To Justify A Sequel - SlashFilm,2026-03-26T20:00:00+00:00,,no,https://www.slashfilm.com/2133037/project-hail-mary-box-office-total-for-sequel/,,,,Subject requires review
Comedian's Viral Lion King Joke Has Landed Him In Hot Water With $20 Million Lawsuit,2026-03-26T21:23:47+00:00,,no,https://www.slashfilm.com/2133281/the-lion-king-circle-of-life-singer-comedian-learnmore-jonasi-lawsuit/,,,,Subject requires review
"30 Years Ago, This Kurt Russell Action Movie Made A Ballsy Move That Still Holds Up Today - SlashFilm",2026-03-27T00:45:00+00:00,,no,https://www.slashfilm.com/2127546/kurt-russell-executive-decision-steven-seagal-death-still-holds-up-today/,,,,Subject requires review
Why Mr. Cohen From The Pitt Season 2 Looks So Familiar - SlashFilm,2026-03-27T01:45:00+00:00,,no,https://www.slashfilm.com/2132012/the-pitt-season-2-mr-cohen-actor-dann-florek/,,,,Subject requires review
For All Mankind Season 5's Alternate Timeline Kills The Streaming Era Before It Even Begins,2026-03-27T10:45:00+00:00,,no,https://www.slashfilm.com/2129939/for-all-mankind-season-5-alternate-timeline-different-streaming-era/,,,,Subject requires review
Project Hail Mary's Harry Styles Song Presented A Huge Challenge For The Directors,2026-03-27T11:45:00+00:00,,no,https://www.slashfilm.com/2131662/project-hail-mary-harry-styles-sign-of-the-times-song-explained/,,,,Subject requires review
Why Mike & Nick & Nick & Alice Opens With An Unexpected (And Very Specific) Song [Exclusive Interview] - SlashFilm,2026-03-27T13:00:00+00:00,,no,https://www.slashfilm.com/2126633/mike-and-nick-and-nick-and-alice-movie-writer-director-bendavid-grabinski-interview/,,,,Subject requires review
Why Boris From Something Very Bad Is Going To Happen Looks So Familiar - SlashFilm,2026-03-27T14:00:00+00:00,,no,https://www.slashfilm.com/2130239/boris-cunningham-something-very-bad-is-going-to-happen-actor-ted-levine/,,,,Subject requires review
Project Hail Mary Author Andy Weir Didn't Mince Words About This Isaac Asimov Adaptation,2026-03-27T16:00:00+00:00,,no,https://www.slashfilm.com/2131566/project-hail-mary-andy-weir-thoughts-isaac-asimov-adaptation-i-robot/,,,,Subject requires review
Monarch: Legacy Of Monsters Season 2 Finally Fully Reveals Titan X — Was It Worth The Wait? - SlashFilm,2026-03-27T17:00:00+00:00,,no,https://www.slashfilm.com/2133291/monarch-legacy-of-monsters-season-2-episode-5-titan-x-reveal/,,,,Subject requires review
For All Mankind: How Is Ed Baldwin Still Alive In Season 5? - SlashFilm,2026-03-27T19:00:00+00:00,,no,https://www.slashfilm.com/2133124/for-all-mankind-season-5-how-ed-baldwin-still-alive/,,,,Subject requires review
Marshals Star Luke Grimes And Bruce Willis Crossed Paths In A Bizarre Comedy - SlashFilm,2026-03-27T21:00:00+00:00,,no,https://www.slashfilm.com/2131605/marshals-luke-grimes-bruce-willis-comedy-assassination-of-a-high-school-president/,,,,Subject requires review
"Everyone Is Going To Love Forbidden Fruits In 10 Years, So You Might As Well See It Now - SlashFilm",2026-03-27T21:00:34+00:00,,no,https://www.slashfilm.com/2133991/forbidden-fruits-destined-become-future-cult-classic/,,,,Subject requires review
Project Hail Mary Author Andy Weir Thinks The Movie Improved On His Book In One Key Way - SlashFilm,2026-03-27T21:45:17+00:00,,no,https://www.slashfilm.com/2134012/project-hail-mary-andy-weir-movie-book-improvement/,,,,Subject requires review
Why Victoria From Something Very Bad Is Going To Happen Looks So Familiar - SlashFilm,2026-03-28T00:45:00+00:00,,no,https://www.slashfilm.com/2133388/victoria-cunningham-something-very-bad-is-going-to-happen-actress-jennifer-jason-leigh/,,,,Subject requires review
Giancarlo Esposito Had A Small Role In A Stephen King Flop That,2026-03-28T10:45:00+00:00,,no,https://www.slashfilm.com/2116495/giancarlo-esposito-role-stephen-king-flop-maximum-overdrive/,,,,Subject requires review
Why Jules From Something Very Bad Is Going To Happen Looks So Familiar - SlashFilm,2026-03-28T12:00:00+00:00,,no,https://www.slashfilm.com/2131518/jules-cunningham-something-very-bad-is-going-to-happen-actor-jeff-wilbusch/,,,,Subject requires review
"All 5 Luffy Gears In One Piece, Ranked",2026-03-28T13:00:00+00:00,,no,https://www.slashfilm.com/2132005/one-piece-luffy-gears-ranked-strength/,,,,Subject requires review
Karl Urban's Ambitious Viking Movie Flop Was A Remake Of An Oscar-Nominated Gem,2026-03-28T14:00:00+00:00,,no,https://www.slashfilm.com/2133854/karl-urban-viking-movie-flop-pathfinder-remake/,,,,Subject requires review
A Marshals Creative Thought The First Episode Was Too Good To Air On Network Television - SlashFilm,2026-03-28T15:00:00+00:00,,no,https://www.slashfilm.com/2132403/marshals-greg-yaitanes-pilot-too-good-network-television/,,,,Subject requires review
Parasite's Director Made A Monster Movie Perfect For Monarch Fans,2026-03-28T15:30:00+00:00,,no,https://www.slashfilm.com/2133147/parasite-director-bong-joon-ho-monster-movie-the-host-perfect-monarch-fans/,,,,Subject requires review
Clint Eastwood Started His Acting Career By Causing A Director To Have A Breakdown - SlashFilm,2026-03-28T18:00:00+00:00,,no,https://www.slashfilm.com/2132496/clint-eastwood-started-career-director-jack-arnold-breakdown/,,,,Subject requires review
"Before Young Sherlock, Donal Finn Starred In Fantasy Series That Was Canceled Too Soon - SlashFilm",2026-03-28T19:00:00+00:00,,no,https://www.slashfilm.com/2132563/young-sherlock-donal-finn-canceled-fantasy-series-the-wheel-of-time/,,,,Subject requires review
Who Is Sam Gamgee's Daughter? Elanor's Lord Of The Rings Backstory Explained,2026-03-28T20:00:00+00:00,,no,https://www.slashfilm.com/2133589/sam-gamgee-daughter-elanor-lord-of-the-rings-explained/,,,,Subject requires review
Project Hail Mary Author Andy Weir Has Some Strong Thoughts About Avatar: The Last Airbender - SlashFilm,2026-03-28T20:45:00+00:00,,no,https://www.slashfilm.com/2134070/project-hail-mary-author-andy-weir-positive-thoughts-avatar-the-last-airbender/,,,,Subject requires review
One Battlestar Galactica Cast Member Was Very Unhappy To Be A Cylon - SlashFilm,2026-03-28T22:45:00+00:00,,no,https://www.slashfilm.com/2132607/battlestar-galactica-michael-hogan-unhappy-about-being-a-cylon/,,,,Subject requires review
"25 Years Ago, The First Harry Potter Movie Made A Magical Choice That Still Holds Up Today - SlashFilm",2026-03-28T23:00:00+00:00,,no,https://www.slashfilm.com/2134580/harry-potter-and-the-philosophers-stone-magical-visuals-still-holds-up-today/,,,,Subject requires review
Stephen Amell's Arrow Show Was Directly Inspired By One Classic Superhero Movie,2026-03-28T23:45:00+00:00,,no,https://www.slashfilm.com/2108981/stephen-amell-arrow-inspired-superhero-movie-the-dark-knight/,,,,Subject requires review
Why Ted Wheeler From Stranger Things Looks So Familiar - SlashFilm,2026-03-29T00:00:00+00:00,,no,https://www.slashfilm.com/2129968/ted-wheeler-stranger-things-actor-joe-chrest/,,,,Subject requires review
How The Simpsons Creator Matt Groening Helped Fix The Show's Iconic Theme Song,2026-03-29T00:45:00+00:00,,no,https://www.slashfilm.com/2125764/how-the-simpsons-creator-matt-groening-fixed-show-theme-song/,,,,Subject requires review
Conan O'Brien Was Warned Not To Pitch His Most Famous Simpsons Episode,2026-03-29T10:45:00+00:00,,no,https://www.slashfilm.com/2133669/conan-obrien-warned-not-pitch-the-simpsons-marge-vs-the-monorail/,,,,Subject requires review
"Before Paradise, Teri Rogers-Collins Actor Enuka Okuma Starred In A Popular Police Procedural - SlashFilm",2026-03-29T12:00:00+00:00,,no,https://www.slashfilm.com/2133994/paradise-teri-rogers-collins-enuka-okuma-police-procedural-rookie-blue/,,,,Subject requires review
The New Lord Of The Rings Movies Are Ignoring One Of The Most Exciting Stories In All Of Tolkien - SlashFilm,2026-03-29T13:00:00+00:00,,no,https://www.slashfilm.com/2133621/the-lord-of-the-rings-new-movies-ignoring-tolkien-story-angmar-war/,,,,Subject requires review
"All 9 Predator Movies, Ranked From Worst To Best - SlashFilm",2026-03-29T15:10:00+00:00,,no,https://www.slashfilm.com/2125489/predator-movies-ranked-worst-best/,,,,Subject requires review
This Game Of Thrones Season 8 Scene Is Even Better After A Knight Of The Seven Kingdoms - SlashFilm,2026-03-29T17:00:00+00:00,,no,https://www.slashfilm.com/2133728/game-of-thrones-jaime-knights-brienne-better-a-knight-of-the-seven-kingdoms/,,,,Subject requires review
Millie Bobby Brown Had To Be Convinced To Wear Her Goonies-Inspired Outfit In Stranger Things - SlashFilm,2026-03-29T17:45:00+00:00,,no,https://www.slashfilm.com/2126419/millie-bobby-brown-convinced-goonies-inspired-outfit-stranger-things/,,,,Subject requires review
How Aretha Franklin Really Felt About Making The Blues Brothers - SlashFilm,2026-03-29T18:00:00+00:00,,no,https://www.slashfilm.com/2130378/aretha-franklin-feelings-making-the-blues-brothers/,,,,Subject requires review
What Story Could Stephen Colbert's Lord Of The Rings Movie Cover?,2026-03-29T19:00:00+00:00,,no,https://www.slashfilm.com/2133885/stephen-colbert-lord-of-the-rings-movie-story-explained/,,,,Subject requires review
"15 Best Miniseries Of All Time, Ranked",2026-03-29T19:10:00+00:00,,no,https://www.slashfilm.com/2133162/best-miniseries-all-time-ranked/,,,,Subject requires review
"5 Best Movies Directed By Gus Van Sant, Ranked",2026-03-29T23:00:00+00:00,,no,https://www.slashfilm.com/2118503/best-movies-directed-by-gus-van-sant-ranked/,,,,Subject requires review
This Battlestar Galactica Episode Broke A Major Show Rule (And It Wasn,2026-03-30T00:45:00+00:00,,no,https://www.slashfilm.com/2133739/battlestar-galactica-episode-epiphanies-broke-show-rule-technobabble/,,,,Subject requires review
"I've Seen Every Game Of Thrones Episode, And These Season 5 Storylines Are Where It All Went Wrong",2026-03-30T11:30:00+00:00,,no,https://www.slashfilm.com/2133959/game-of-thrones-season-5-storylines-all-went-wrong/,,,,Subject requires review
5 Famous Actors You Forgot Were In Game Of Thrones - SlashFilm,2026-03-30T13:00:00+00:00,,no,https://www.slashfilm.com/2130616/famous-actors-forgot-appeared-game-of-thrones/,,,,Subject requires review
Every Character In The Simpsons Has Four Fingers — Except One - SlashFilm,2026-03-30T13:01:52+00:00,,no,https://www.slashfilm.com/2122458/the-simpsons-character-four-fingers-god/,,,,Subject requires review
Marshals Episode 5 Briefly Acknowledges A Random Yellowstone Season 1 Storyline - SlashFilm,2026-03-30T15:00:00+00:00,,no,https://www.slashfilm.com/2135413/marshals-episode-5-yellowstone-season-1-storyline-reference/,,,,Subject requires review
"15 Best TV Shows Of The 2000s, Ranked",2026-03-30T15:10:00+00:00,,no,https://www.slashfilm.com/2130329/best-tv-shows-2000s-ranked/,,,,Subject requires review
Clint Eastwood Once Named His Three Favorite Hollywood Classics From The,2026-03-30T15:30:00+00:00,,no,https://www.slashfilm.com/2130911/clint-eastwood-favorite-40s-hollywood-classics/,,,,Subject requires review
How To Watch Neve Campbell's Scream 7 At Home,2026-03-30T16:34:59+00:00,,no,https://www.slashfilm.com/2135674/how-watch-neve-campbell-scream-7-home/,,,,Subject requires review
The Paradise Season 2 Finale Pokes Fun At Real-Life Conspiracies - SlashFilm,2026-03-30T17:45:00+00:00,,no,https://www.slashfilm.com/2135752/paradise-season-2-finale-real-life-conspiracies/,,,,Subject requires review
Marshals Episode 5 Hints At The Return Of A Controversial Yellowstone Character - SlashFilm,2026-03-30T18:27:03+00:00,,no,https://www.slashfilm.com/2135855/marshals-episode-5-yellowstone-controversial-character-return-travis-wheatley/,,,,Subject requires review
Project Hail Mary Is Already The Biggest Hollywood Movie Of 2026 At The Box Office - SlashFilm,2026-03-30T18:45:00+00:00,,no,https://www.slashfilm.com/2135650/project-hail-mary-biggest-hollywood-movie-2026-box-office/,,,,Subject requires review
"All 10 Quentin Tarantino Movies, Ranked",2026-03-30T19:10:00+00:00,,no,https://www.slashfilm.com/2133164/quentin-tarantino-movies-ranked-2/,,,,Subject requires review
Paradise Season 2 Kills Off The Show's Most Complex Character,2026-03-30T19:45:00+00:00,,no,https://www.slashfilm.com/2135670/paradise-season-2-finale-sinatra-death-explained/,,,,Subject requires review
The Paradise Season 2 Finale Gives Xavier A New Mission To Save The World - SlashFilm,2026-03-30T21:00:00+00:00,,no,https://www.slashfilm.com/2135708/paradise-season-2-finale-xavier-new-mission-alex/,,,,Subject requires review
Daniel Radcliffe And Woody Harrelson Teamed Up For A Bizarre Comedy We Need To Talk About - SlashFilm,2026-03-30T21:20:00+00:00,,no,https://www.slashfilm.com/2121930/daniel-radcliffe-woody-harrelson-comedy-lost-in-london/,,,,Subject requires review
Summer 2026 Features A Bizarre Dinosaur Movie Showdown - And Jurassic Park Isn,2026-03-30T22:00:00+00:00,,no,https://www.slashfilm.com/2135849/summer-2026-dinoaur-movie-showdown-no-jurassic-park/,,,,Subject requires review
All 3 David Fincher And Brad Pitt Movies Ranked,2026-03-30T22:45:00+00:00,,no,https://www.slashfilm.com/2122535/david-fincher-and-brad-pitt-movies-ranked/,,,,Subject requires review
The Drama Review: Zendaya And Robert Pattinson Shine In This Uncomfortable Dramedy - SlashFilm,2026-03-31T10:00:00+00:00,,no,https://www.slashfilm.com/2135266/the-drama-movie-review-zendaya-robert-pattinson/,,,,Subject requires review
The Billy Bob Thornton Movie That Changed Stephen King's Life,2026-03-31T10:45:00+00:00,,no,https://www.slashfilm.com/2131335/billy-bob-thornton-movie-changed-stephen-king-life-sling-blade/,,,,Subject requires review
Harry Styles' Forgotten Sitcom Was Canceled Before It Could Live Up To Its Potential,2026-03-31T13:00:00+00:00,,no,https://www.slashfilm.com/2131446/harry-styles-forgotten-sitcom-happy-together-canceled/,,,,Subject requires review
The Masters Of The Universe Trailer Reveals Jared Leto's Terrible Skeletor Voice,2026-03-31T13:13:05+00:00,,no,https://www.slashfilm.com/2136488/masters-of-the-universe-trailer-2026-jared-leto-skeletor-voice/,,,,Subject requires review
Landman's Demi Moore Missed Out On One Of The Biggest Blockbusters Of All Time,2026-03-31T15:00:00+00:00,,no,https://www.slashfilm.com/2121957/landman-demi-moore-missed-out-big-blockbuster-top-gun/,,,,Subject requires review
"15 Best Slow-Burn TV Shows Of All Time, Ranked",2026-03-31T15:10:00+00:00,,no,https://www.slashfilm.com/2122053/best-slow-burn-tv-shows-all-time-ranked/,,,,Subject requires review
A24's Backrooms Trailer Brings The Creepy Viral Phenomenon To Terrifying Life,2026-03-31T16:00:00+00:00,,no,https://www.slashfilm.com/2136491/backrooms-a24-movie-trailer/,,,,Subject requires review
Supergirl Trailer: Milly Alcock Goes Full John Wick On James Gunn,2026-03-31T16:07:15+00:00,,no,https://www.slashfilm.com/2136725/milly-alcock-supergirl-movie-trailer-james-gunn-dc-universe/,,,,Subject requires review
The Supergirl Movie Adapts One Of The DC Hero's Best Stories - But Screws Up One Major Aspect,2026-03-31T16:30:00+00:00,,no,https://www.slashfilm.com/2136053/supergirl-movie-adapts-dc-hero-best-story-screws-up-major-aspect-krem-design/,,,,Subject requires review
The Supergirl Trailer Gives Kara Zor-El A Role We Rarely See For Movie Women - SlashFilm,2026-03-31T16:45:00+00:00,,no,https://www.slashfilm.com/2136097/supergirl-trailer-kara-zor-el-rare-role-movie-women/,,,,Subject requires review
5 Awful TV Shows With 0% Rotten Tomatoes Scores,2026-03-31T17:00:00+00:00,,no,https://www.slashfilm.com/2127288/awful-tv-shows-0-rotten-tomatoes-score/,,,,Subject requires review
How To Watch Maggie Gyllenhaal's The Bride! At Home,2026-03-31T17:09:11+00:00,,no,https://www.slashfilm.com/2136835/how-watch-maggie-gyllenhaal-the-bride-movie-home/,,,,Subject requires review
Tulsa King: Armand's Fate Explained,2026-03-31T17:45:00+00:00,,no,https://www.slashfilm.com/2136811/tulsa-king-armand-fate-explained/,,,,Subject requires review
Humphrey Bogart Absolutely Hated Making One Of His Weirdest Movies - SlashFilm,2026-03-31T18:00:00+00:00,,no,https://www.slashfilm.com/2131047/humphrey-bogart-hated-making-the-return-of-doctor-x/,,,,Subject requires review
Marshals Report Explains Why Monica Dutton Was Killed Off After Yellowstone - SlashFilm,2026-03-31T18:56:44+00:00,,no,https://www.slashfilm.com/2137017/marshals-monica-dutton-death-explained-yellowstone-report/,,,,Subject requires review
"The Super Mario Galaxy Movie Review: Cute, Flashy, And Mostly Empty - SlashFilm",2026-03-31T19:00:00+00:00,,no,https://www.slashfilm.com/2136661/the-super-mario-galaxy-movie-2026-review/,,,,Subject requires review
Does The Super Mario Galaxy Movie Have A Post-Credits Scene? A Spoiler-Free Guide - SlashFilm,2026-03-31T19:05:00+00:00,,no,https://www.slashfilm.com/2136871/the-super-mario-galaxy-movie-post-credits-scene-guide/,,,,Subject requires review
"15 Biggest Movies And TV Shows Of 2025, According To Wikipedia Searches - SlashFilm",2026-03-31T19:10:00+00:00,,no,https://www.slashfilm.com/2133165/biggest-movies-tv-shows-2025-wikipedia-searches/,,,,Subject requires review
How Battlestar Galactica's Katee Sackhoff Felt About Starbuck's 'Death',2026-03-31T21:00:00+00:00,,no,https://www.slashfilm.com/2118945/battlestar-galactica-katee-sackhoff-starbuck-death-feelings/,,,,Subject requires review
Timothy Olyphant's Justified Shares A Universe With A Beloved George Clooney Movie,2026-03-31T22:00:00+00:00,,no,https://www.slashfilm.com/2090938/timothy-olyphant-justified-same-universe-george-clooney-out-of-sight/,,,,Subject requires review
"The Most Difficult Project Hail Mary Scene To Film, According To The Directors - SlashFilm",2026-04-01T00:45:00+00:00,,no,https://www.slashfilm.com/2136965/project-hail-mary-most-difficult-scene-film-directors/,,,,Subject requires review
Daredevil: Born Again Season 2 Episode 2 Finally Explains Wilson Fisk,2026-04-01T02:00:00+00:00,,no,https://www.slashfilm.com/2129758/daredevil-season-2-episode-2-wilson-fisk-plan-explained/,,,,Subject requires review
Daredevil: Born Again Season 2 Fixes The Show's Most Underused Character,2026-04-01T02:30:00+00:00,,no,https://www.slashfilm.com/2135058/daredevil-born-again-season-2-fix-underused-character-kirsten-mcduffie/,,,,Subject requires review
Invincible Season 4 Makes A Major (And Welcome) Change From The Comics - SlashFilm,2026-04-01T10:45:00+00:00,,no,https://www.slashfilm.com/2135457/invincible-season-4-change-comics-tech-jacket/,,,,Subject requires review
"The Super Mario Galaxy Post-Credits Scenes, Explained - SlashFilm",2026-04-01T13:00:00+00:00,,no,https://www.slashfilm.com/2137016/the-super-mario-galaxy-movie-post-credits-scenes-explained/,,,,Subject requires review
A Super Mario Bros. Star Declared The '90s Movie 'The Worst Thing I Ever Did',2026-04-01T16:00:00+00:00,,no,https://www.slashfilm.com/2137229/super-mario-bros-star-bob-hoskins-90s-movie-worst-thing-ever-did/,,,,Subject requires review
Invincible Season 4 Delivers Justice For The Walking Dead's Most Vile Murder,2026-04-01T21:00:00+00:00,,no,https://www.slashfilm.com/2135070/invincible-season-4-justice-the-walking-dead-negan-murder-glenn/,,,,Subject requires review
What Tech Jacket From Invincible Season 4 Looks Like In Real Life - SlashFilm,2026-04-02T00:00:00+00:00,,no,https://www.slashfilm.com/2134479/tech-jacket-invincible-season-4-look-real-life-actress-zoey-deutch/,,,,Subject requires review
The 1993 Super Mario Bros. Movie Star Who Got The Directors Blacklisted In Hollywood - SlashFilm,2026-04-02T00:45:00+00:00,,no,https://www.slashfilm.com/2138003/super-mario-bros-star-dennis-hopper-directors-blacklisted-hollywood/,,,,Subject requires review
Robert Pattinson's Forgotten 2014 Satirical Comedy Is A Box Office Flop Worth Revisiting,2026-04-02T10:45:00+00:00,,no,https://www.slashfilm.com/2127404/robert-pattinson-2014-box-office-flop-comedy-maps-to-the-stars-worth-revisit/,,,,Subject requires review
Here's What Oona Chaplin And Stephen Lang Want To See In Avatar 4 [Exclusive],2026-04-02T12:00:00+00:00,,no,https://www.slashfilm.com/2138163/oona-chaplin-stephen-lang-avatar-4-hopes-interview/,,,,Subject requires review
"Here's How The Avatar Movies Are Actually Made, According To The Filmmakers",2026-04-02T14:00:00+00:00,,no,https://www.slashfilm.com/2138370/how-avatar-movies-actually-made-filmmakers/,,,,Subject requires review
15 Most Rewatchable TV Shows Of All Time,2026-04-02T15:10:00+00:00,,no,https://www.slashfilm.com/2133171/most-rewatchable-tv-shows-all-time/,,,,Subject requires review
How To Watch Georgina Campbell's Psycho Killer At Home,2026-04-02T16:00:00+00:00,,no,https://www.slashfilm.com/2138500/how-watch-georgina-campbell-psycho-killer-at-home/,,,,Subject requires review
The Last Of Us Season 3 Set Photos Reveal Kaitlyn Dever's Abby With Lev,2026-04-02T16:50:03+00:00,,no,https://www.slashfilm.com/2138579/the-last-of-us-season-3-set-photos-kaitlyn-dever-abby-lev/,,,,Subject requires review
Chris Hemsworth's 2026 Crime Thriller Flop With An A-List Cast Is Finding Fans On Streaming,2026-04-02T17:00:00+00:00,,no,https://www.slashfilm.com/2138535/chris-hemsworth-2026-crime-thriller-flop-crime-101-streaming-prime-video/,,,,Subject requires review
The Pitt Loses A Fan-Favorite Cast Member Ahead Of Season 3 - SlashFilm,2026-04-02T18:36:26+00:00,,no,https://www.slashfilm.com/2138706/supriya-ganesh-dr-samira-mohan-the-pitt-season-3-exit/,,,,Subject requires review
Hacks Star Hannah Einbinder Did Not Hold Back About AI (And It,2026-04-02T22:00:00+00:00,,no,https://www.slashfilm.com/2138871/hacks-hannah-einbinder-harsh-words-ai/,,,,Subject requires review
Super Mario Bros. Director Thinks One Cut Scene Would Have Saved The Maligned,2026-04-02T23:00:00+00:00,,no,https://www.slashfilm.com/2137368/super-mario-bros-director-cut-ending-save-90s-movie/,,,,Subject requires review
Chuck Norris Didn't Have Much Love For This '80s Action Movie With Steve James,2026-04-03T11:45:00+00:00,,no,https://www.slashfilm.com/2133518/chuck-norris-thoughts-80s-action-movie-hero-and-the-terror/,,,,Subject requires review
Monarch: Legacy Of Monsters Season 2 Finally Resolves A Season 1 Mystery - SlashFilm,2026-04-03T13:00:00+00:00,,no,https://www.slashfilm.com/2138040/monarch-legacy-of-monsters-season-2-mystery-answer-hiroshi/,,,,Subject requires review
Why Nintendo Fans Shouldn't Expect A Super Smash Bros. Movie After Super Mario Galaxy,2026-04-03T13:20:40+00:00,,no,https://www.slashfilm.com/2139116/nintendo-not-making-super-smash-bros-movie-after-super-mario-galaxy/,,,,Subject requires review
The Simpsons Writing Staff Were Given A Special Privilege No Other TV Show Had - SlashFilm,2026-04-03T14:00:00+00:00,,no,https://www.slashfilm.com/2133594/the-simpsons-writing-staff-special-privilege-no-notes/,,,,Subject requires review
The Hunt For Gollum Movie Officially Recasting One Major Lord Of The Rings Character - SlashFilm,2026-04-03T14:09:36+00:00,,no,https://www.slashfilm.com/2139164/the-hunt-for-gollum-lord-of-the-rings-character-recasting-aragorn-andy-serkis/,,,,Subject requires review
For All Mankind Season 5 Offers A Prestige TV Reunion No One Saw Coming - SlashFilm,2026-04-03T15:00:00+00:00,,no,https://www.slashfilm.com/2138510/for-all-mankind-season-5-the-killing-reunion-joel-kinnaman-mireille-enos/,,,,Subject requires review
Ben Stiller Wishes More People Would Watch His Dramatic Biopic With Owen Wilson - SlashFilm,2026-04-03T16:00:00+00:00,,no,https://www.slashfilm.com/2096907/ben-stiller-wants-people-watch-biopic-owen-wilson-permanent-midnight/,,,,Subject requires review
Resident Evil Test Screening Reactions Have Us Hyped For Zach Cregger,2026-04-03T17:10:15+00:00,,no,https://www.slashfilm.com/2139315/resident-evil-zach-cregger-2026-movie-test-screening-reactions/,,,,Subject requires review
This Awesome '80s Action Thriller Was Based On A Scrapped Akira Kurosawa Script,2026-04-03T19:00:00+00:00,,no,https://www.slashfilm.com/2133015/runaway-train-80s-action-thriller-akira-kurosawa/,,,,Subject requires review
Project Hail Mary's Screenwriter Thought The Ryan Gosling Movie Was A Nightmare To Adapt,2026-04-04T10:45:00+00:00,,no,https://www.slashfilm.com/2138947/project-hail-mary-screenwriter-drew-goddard-ryan-gosling-movie-nightmare-adapt/,,,,Subject requires review
The Only Simpsons Episode That Upset Series Creator Matt Groening,2026-04-04T11:45:00+00:00,,no,https://www.slashfilm.com/2139078/the-simpsons-episode-homers-barbershop-quartet-upset-creator-matt-groening-father/,,,,Subject requires review
Twin Peaks Creator David Lynch Had A Very Unique Way Of Conducting Auditions - SlashFilm,2026-04-04T13:00:00+00:00,,no,https://www.slashfilm.com/2107738/twin-peaks-david-lynch-unique-way-auditions/,,,,Subject requires review
4 Producers Tell Us The Single Biggest Challenge Of Making Movies Today - SlashFilm,2026-04-04T15:00:00+00:00,,no,https://www.slashfilm.com/2137280/producers-biggest-challenge-making-movies/,,,,Subject requires review
Battlestar Galactica Inspired Two Crucial Alien Races In The Mass Effect Video Games - SlashFilm,2026-04-04T16:30:00+00:00,,no,https://www.slashfilm.com/2133509/battlestar-galactica-mass-effect-inspiration-aliens-quarians-geth/,,,,Subject requires review
Tom Hanks Was Rejected From The 1993 Super Mario Bros. Movie For A Sad Reason - SlashFilm,2026-04-04T17:30:00+00:00,,no,https://www.slashfilm.com/2139292/tom-hanks-rejected-1993-super-marios-bros-movie-box-office-flops/,,,,Subject requires review
How To Read The Bridgerton Books In Order,2026-04-04T18:00:00+00:00,,no,https://www.slashfilm.com/2135096/bridgerton-books-in-order/,,,,Subject requires review
I've Been A Transformers Fan For 30 Years. Here's How The Franchise Can Be Saved,2026-04-04T18:30:00+00:00,,no,https://www.slashfilm.com/2137293/how-save-transformers-franchise-longtime-fan-perspective/,,,,Subject requires review
Jennifer Grey's 'Career-Ending' Surgery Was A Plot Point In Her Short-Lived '90s Sitcom,2026-04-04T19:00:00+00:00,,no,https://www.slashfilm.com/2126526/jennifer-grey-career-ending-nose-job-plot-point-sitcom-its-like-you-know/,,,,Subject requires review
Jake Gyllenhaal Regrets Starring In This Disney Fantasy Movie That Never Got A Sequel - SlashFilm,2026-04-04T20:00:00+00:00,,no,https://www.slashfilm.com/2099882/jake-gyllenhaal-regrets-disney-fantasy-movie-prince-of-persia/,,,,Subject requires review
The For All Mankind Season 5 Mars Set Details That Most Fans Won,2026-04-04T20:45:00+00:00,,no,https://www.slashfilm.com/2139947/for-all-mankind-season-5-mars-mission-control-set-details/,,,,Subject requires review
5 Forgotten '80s Fantasy Movies That Still Hold Up Today,2026-04-04T21:45:00+00:00,,no,https://www.slashfilm.com/2135447/forgotten-80s-fantasy-movies-still-hold-up/,,,,Subject requires review
"Before A Fistful Of Dollars, Clint Eastwood Wasn't A Fan Of Sergio Leone's Work",2026-04-04T22:00:00+00:00,,no,https://www.slashfilm.com/2139382/clint-eastwood-not-fan-segio-leone-before-fistful-of-dollars/,,,,Subject requires review
Danny McBride Hated Filming One Particularly Uncomfortable Eastbound And Down Scene - SlashFilm,2026-04-05T00:00:00+00:00,,no,https://www.slashfilm.com/2131177/danny-mcbride-hated-filming-uncomfortable-eastbound-and-down-scene/,,,,Subject requires review
"15 Best Action Movies Of The '90s, Ranked",2026-04-05T15:10:00+00:00,,no,https://www.slashfilm.com/2136666/best-action-movies-90s-ranked/,,,,Subject requires review
Grimm Reboot Movie: Everything We Know So Far,2026-04-05T17:00:00+00:00,,no,https://www.slashfilm.com/2122563/grimm-reboot-movie-details/,,,,Subject requires review
"5 Best Hamlet Movies Of All Time, Ranked",2026-04-05T18:45:00+00:00,,no,https://www.slashfilm.com/2122167/best-hamlet-movies-ranked/,,,,Subject requires review
"20 Best Streaming TV Shows Of All Time, Ranked",2026-04-05T19:10:00+00:00,,no,https://www.slashfilm.com/2136884/best-streaming-tv-shows-ranked/,,,,Subject requires review
The Dazed And Confused Character You Likely Forgot Yellowstone,2026-04-06T00:00:00+00:00,,no,https://www.slashfilm.com/2136214/yellowstone-star-cole-hauser-dazed-and-confused-character/,,,,Subject requires review
Stephen King And Clive Barker Got A Creepy (But Hilarious) Movie Adaptation You Forgot About - SlashFilm,2026-04-06T00:45:00+00:00,,no,https://www.slashfilm.com/2135897/stephen-king-clive-barker-adaptation-quicksilver-highway/,,,,Subject requires review
5 Reasons Why The Super Mario Galaxy Movie Ruled The Box Office - SlashFilm,2026-04-06T12:00:00+00:00,,no,https://www.slashfilm.com/2140625/the-super-mario-galaxy-movie-box-office-success-reasons/,,,,Subject requires review
How The Boys Star Jensen Ackles Really Feels About Fans Who Love Soldier Boy [Exclusive] - SlashFilm,2026-04-06T13:00:00+00:00,,no,https://www.slashfilm.com/2137901/the-boys-star-jensen-ackles-soldier-boy-fans-feelings/,,,,Subject requires review
Daredevil: Born Again Season 3 Set Photos Show Luke Cage & Iron Fist In Defenders Reunion - SlashFilm,2026-04-06T14:10:17+00:00,,no,https://www.slashfilm.com/2140964/daredevil-born-again-season-3-set-photos-luke-cage-iron-fist-defenders/,,,,Subject requires review
15 Most Rewatchable Movies Of All Time,2026-04-06T15:10:00+00:00,,no,https://www.slashfilm.com/2136886/most-rewatchable-movies-all-time/,,,,Subject requires review
Marshals Episode 6 Shares A Key Detail About Monica Dutton's Death,2026-04-06T15:30:00+00:00,,no,https://www.slashfilm.com/2141036/marshals-episode-6-monica-dutton-death-detail/,,,,Subject requires review
The Boys Season 5 Review: The Best Superhero Show On TV Goes Out On Top - SlashFilm,2026-04-06T16:00:00+00:00,,no,https://www.slashfilm.com/2140979/the-boys-season-5-review/,,,,Subject requires review
How To Watch Artemis II's Historic Lunar Flyby Live At Home,2026-04-06T16:43:16+00:00,,no,https://www.slashfilm.com/2141236/how-watch-artemis-2-lunar-flyby-live-home/,,,,Subject requires review
"15 Best Musicians-Turned-Actors, Ranked",2026-04-06T19:10:00+00:00,,no,https://www.slashfilm.com/2136889/best-musicians-turned-actors-ranked/,,,,Subject requires review
One Piece Manga Reveals Imu's Face And Powers After 8 Years,2026-04-06T19:45:00+00:00,,no,https://www.slashfilm.com/2141363/one-piece-chapter-1179-manga-imu-face-powers-reveal/,,,,Subject requires review
"25 Years Ago, Hollywood Released A Misunderstood Cult Comedy That People Still Need To Watch - SlashFilm",2026-04-06T21:00:00+00:00,,no,https://www.slashfilm.com/2141582/josie-and-the-pussycats-misunderstood-cult-comedy/,,,,Subject requires review
Dune 3 IMAX 70MM Tickets Are Being Resold With An Unhinged Price Hike - SlashFilm,2026-04-06T21:58:26+00:00,,no,https://www.slashfilm.com/2141644/dune-3-imax-70mm-tickets-reselling-price-hike/,,,,Subject requires review
Why American Psycho's Director Was Initially Fired From The Christian Bale Movie,2026-04-06T22:45:00+00:00,,no,https://www.slashfilm.com/2110901/why-american-psycho-director-mary-harron-fired-christian-bale-movie/,,,,Subject requires review
How Landman Star Sam Elliott Was Convinced To Star In Ang Lee,2026-04-06T23:45:00+00:00,,no,https://www.slashfilm.com/2133068/how-sam-elliott-convinced-2003-hulk-movie/,,,,Subject requires review
One Of Billy Bob Thornton's Best Movies Became An Even Better TV Show,2026-04-07T11:45:00+00:00,,no,https://www.slashfilm.com/2122582/billy-bob-thornton-best-movie-better-tv-show-friday-night-lights/,,,,Subject requires review
Marshals Episode 6 Recalls One Of Monica Dutton's Best Yellowstone Storylines,2026-04-07T12:00:00+00:00,,no,https://www.slashfilm.com/2141485/marshals-episode-6-monica-dutton-best-yellowstone-storylines/,,,,Subject requires review
The Boys Season 5 Was Written Before The 2024 Election: 'Things Are Not Going Great' [Exclusive],2026-04-07T13:00:00+00:00,,no,https://www.slashfilm.com/2140599/the-boys-season-5-written-before-2024-election/,,,,Subject requires review
Viggo Mortensen Missing In The Lord Of The Rings: The Hunt For Gollum Has Me Nervous - SlashFilm,2026-04-07T14:00:00+00:00,,no,https://www.slashfilm.com/2142092/viggo-mortensen-missing-the-lord-of-the-rings-the-hunt-for-gollum-nervous-feelings/,,,,Subject requires review
10 Famous Actors You Forgot Appeared On Key & Peele - SlashFilm,2026-04-07T15:10:00+00:00,,no,https://www.slashfilm.com/2137238/key-and-peele-famous-actors-appearances/,,,,Subject requires review
"The Initial Marshals Pitch Sounded Like A 'Terrible' Idea, Said Star Luke Grimes",2026-04-07T16:00:00+00:00,,no,https://www.slashfilm.com/2138146/first-marshals-pitch-terrible-idea-star-luke-grimes/,,,,Subject requires review
Top Gun Maverick's Tony Scott Tribute Explained,2026-04-07T16:45:00+00:00,,no,https://www.slashfilm.com/2133709/top-gun-maverick-tony-scott-tribute-explained/,,,,Subject requires review
Marshals Episode 6 Borrows One Of The Best Storylines In TV History - SlashFilm,2026-04-07T17:00:00+00:00,,no,https://www.slashfilm.com/2142150/marshals-episode-6-best-storylines-tv-history-true-detective/,,,,Subject requires review
"Many The Pitt Fans Are Proving That Yes, It's Possible To Be Bad At Watching A TV Show",2026-04-07T18:45:00+00:00,,no,https://www.slashfilm.com/2142399/the-pitt-fans-proving-bad-watching-tv-shows/,,,,Subject requires review
Jennifer Grey's First Major Television Role Is Impossible To Watch Anywhere,2026-04-07T19:00:00+00:00,,no,https://www.slashfilm.com/2138933/jennifer-grey-first-major-tv-show-impossible-to-watch/,,,,Subject requires review
"12 Most Controversial Movies Of The 21st Century, Ranked - SlashFilm",2026-04-07T19:10:00+00:00,,no,https://www.slashfilm.com/2137828/most-controversial-movies-21st-century-ranked/,,,,Subject requires review
The Drama: Fans Think They've Found The Real Villain In Zendaya's Divisive Comedy,2026-04-07T22:00:00+00:00,,no,https://www.slashfilm.com/2142704/the-drama-social-media-users-arguing-real-villain-zendaya-movie/,,,,Subject requires review
Marshals Is Fighting Against A Dark Yellowstone Trend It Started In The First Place - SlashFilm,2026-04-07T23:00:00+00:00,,no,https://www.slashfilm.com/2141634/marshals-dark-yellowstone-trend-monica-dutton/,,,,Subject requires review
"Transformers Has Revealed Megatron's Master, And It's Not Who You Expected",2026-04-08T10:45:00+00:00,,no,https://www.slashfilm.com/2140163/transformers-megatron-master-megatronus-the-fallen/,,,,Subject requires review
Homelander's Worst Secret Is Finally Out In The Boys Season 5 Premiere,2026-04-08T13:00:00+00:00,,no,https://www.slashfilm.com/2140479/homelander-worst-secret-flight-37-the-boys-season-5-premiere/,,,,Subject requires review
Why The New Faces Of Death Is Not Really A Remake [Exclusive] - SlashFilm,2026-04-08T14:00:00+00:00,,no,https://www.slashfilm.com/2138549/why-faces-of-death-2026-movie-not-remake/,,,,Subject requires review
New Jurassic Park LEGO Sets Bring An Iconic Vehicle And Classic Fossil To Shelves - SlashFilm,2026-04-08T14:57:47+00:00,,no,https://www.slashfilm.com/2143153/new-jurassic-park-lego-sets-jeep-wrangler-triceratops-fossil/,,,,Subject requires review
The Boys Season 5 Has Killed A Major Player – The Actor Tells Us All About It [Exclusive] - SlashFilm,2026-04-08T16:00:00+00:00,,no,https://www.slashfilm.com/2140657/jessie-t-usher-a-train-the-boys-season-5-death-interview/,,,,Subject requires review
"Daredevil: Born Again Season 2, Episode 4 Finally Makes This Season Worth Watching - SlashFilm",2026-04-08T17:00:00+00:00,,no,https://www.slashfilm.com/2143163/daredevil-born-again-season-2-episode-4-makes-season-worth-watching/,,,,Subject requires review
"First Euphoria Season 3 Reactions Are Mostly Negative, But Critics Agree On One Thing - SlashFilm",2026-04-08T17:48:53+00:00,,no,https://www.slashfilm.com/2143364/euphoria-season-3-first-reactions/,,,,Subject requires review
Did Invincible Season 4 Really Just Kill Off [SPOILER]? - SlashFilm,2026-04-08T19:00:00+00:00,,no,https://www.slashfilm.com/2140967/conquest-dead-invincible-season-4-fate-explained/,,,,Subject requires review
Invincible Season 4's Lobster Scene Secretly Sets Up Oliver Grayson's Future,2026-04-08T21:00:00+00:00,,no,https://www.slashfilm.com/2143014/invincible-season-4-lobster-scene-oliver-grayson-future-setup-haluma/,,,,Subject requires review
The Boys Season 5 Premiere Makes A Big Change To Kimiko - SlashFilm,2026-04-08T22:45:00+00:00,,no,https://www.slashfilm.com/2138617/the-boys-season-5-premiere-kimiko-speech/,,,,Subject requires review
A New Project Hail Mary Story From Author Andy Weir Is Coming (But There,2026-04-09T00:00:00+00:00,,no,https://www.slashfilm.com/2143296/project-hail-mary-journey-among-the-stars-video-game-andy-weir/,,,,Subject requires review
The Boys Season 5 Finally Delivers Justice To One Of Its Worst Characters - SlashFilm,2026-04-09T13:00:00+00:00,,no,https://www.slashfilm.com/2140817/the-boys-season-5-butcher-father-death-john-noble/,,,,Subject requires review
Mutiny Trailer: Jason Statham Isn't Taking Any Ship From These Dudes,2026-04-09T15:08:58+00:00,,no,https://www.slashfilm.com/2144036/mutiny-jason-statham-action-thriller-trailer/,,,,Subject requires review
"10 Best Fourth Movies In A Franchise, Ranked",2026-04-09T15:10:00+00:00,,no,https://www.slashfilm.com/2138772/best-fourth-movies-franchise-ranked/,,,,Subject requires review
How The Boys Season 5's Grotesque Love Sausage Fight Scene Was Filmed [Exclusive],2026-04-09T16:00:00+00:00,,no,https://www.slashfilm.com/2143960/how-the-boys-season-5-love-sausage-fight-scene-filmed/,,,,Subject requires review
The Punisher: One Last Kill Trailer Brings Frank Castle Out Of Hiding To Shoot Everyone - SlashFilm,2026-04-09T16:16:00+00:00,,no,https://www.slashfilm.com/2144106/punisher-one-last-kill-trailer/,,,,Subject requires review
The Boys Season 5 Parodies DC's Teen Titans With A Takedown Of Influencer Culture,2026-04-09T17:00:00+00:00,,no,https://www.slashfilm.com/2142145/the-boys-season-5-dc-teen-titans-parody-influencer-culture/,,,,Subject requires review
"Elisabeth Moss' Game-Changing Cameos In The Testaments, Explained",2026-04-09T19:00:00+00:00,,no,https://www.slashfilm.com/2143495/elisabeth-moss-cameo-the-testaments-explained/,,,,Subject requires review
Why The Boys Season 5 Is So Different For Sister Sage [Exclusive] - SlashFilm,2026-04-09T20:00:00+00:00,,no,https://www.slashfilm.com/2143505/why-the-boys-season-5-different-sister-sage/,,,,Subject requires review
"The Boys Season 5, Episode 2 Reveals What Ashley's Powers Are",2026-04-09T22:00:00+00:00,,no,https://www.slashfilm.com/2142207/the-boys-season-5-ashley-powers-explained/,,,,Subject requires review
The Pitt Season 2 Confirms What's Really Going On With Dr. Al-Hashimi,2026-04-10T02:00:00+00:00,,no,https://www.slashfilm.com/2144395/the-pitt-season-2-episode-14-dr-al-hashimi-secret-explained/,,,,Subject requires review
"Yes, The Boys Cast And Creators Know All About Your Homelander Memes - SlashFilm",2026-04-10T10:45:00+00:00,,no,https://www.slashfilm.com/2144349/the-boys-cast-creators-homelander-memes-response/,,,,Subject requires review
For All Mankind Season 5 Just Gave Its Best Character A Perfect Send-Off - SlashFilm,2026-04-10T11:45:00+00:00,,no,https://www.slashfilm.com/2144208/for-all-mankind-season-5-ed-baldwin-death-explained/,,,,Subject requires review
First Reactions To Lee Cronin's The Mummy Have Critics United,2026-04-10T15:00:00+00:00,,no,https://www.slashfilm.com/2144725/lee-cronin-the-mummy-movie-reactions/,,,,Subject requires review
"10 Strongest Characters In The Lord Of The Rings Franchise, Ranked - SlashFilm",2026-04-10T15:10:00+00:00,,no,https://www.slashfilm.com/2141170/lord-of-the-rings-franchise-strongest-characters-ranked/,,,,Subject requires review
Why Oh-Father From The Boys Season 5 Looks So Familiar - SlashFilm,2026-04-10T16:00:00+00:00,,no,https://www.slashfilm.com/2144020/the-boys-season-5-oh-father-actor-daveed-diggs/,,,,Subject requires review
Monarch: Legacy Of Monsters Season 2 Just Flipped The Script With A Genre-Jumping Twist - SlashFilm,2026-04-10T17:00:00+00:00,,no,https://www.slashfilm.com/2144066/monarch-legacy-of-monsters-season-2-time-travel-twist-explained/,,,,Subject requires review
The Watcher Easter Egg You Missed In Daredevil: Born Again Season 2 - SlashFilm,2026-04-10T19:00:00+00:00,,no,https://www.slashfilm.com/2144756/the-watcher-daredevil-born-again-season-2-easter-egg/,,,,Subject requires review
The Pitt Fans Will Love This Intense Medical Action Movie That Shouldn,2026-04-10T23:59:44+00:00,,no,https://www.slashfilm.com/2145316/the-pitt-fans-will-love-action-flop-ambulance/,,,,Subject requires review
How Fight Club Author Chuck Palahniuk Felt About The Brad Pitt Movie - SlashFilm,2026-04-11T00:45:00+00:00,,no,https://www.slashfilm.com/2142806/fight-club-author-chuck-palahniuk-feelings-brad-pitt-movie/,,,,Subject requires review
For All Mankind's Co-Creators Know How Audiences Will React To The Season 5 Finale,2026-04-11T11:45:00+00:00,,no,https://www.slashfilm.com/2144645/for-all-mankind-creators-audience-season-5-finale-reaction/,,,,Subject requires review
How To Read The Jack Reacher Books In Order,2026-04-11T13:00:00+00:00,,no,https://www.slashfilm.com/2133516/jack-reacher-books-in-order/,,,,Subject requires review
Kiefer Sutherland's Ambitious Spy Thriller Series On Paramount+ Should Have Never Been Canceled,2026-04-11T14:00:00+00:00,,no,https://www.slashfilm.com/2144970/kiefer-sutherland-paramount-plus-spy-thriller-series-rabbit-hole-canceled/,,,,Subject requires review
The Loch Ness Monster Is Part Of Godzilla And King Kong's Canon — Here's How It Works,2026-04-11T15:00:00+00:00,,no,https://www.slashfilm.com/2144705/loch-ness-monster-godzilla-king-kong-modern-canon-explained/,,,,Subject requires review
Why Project Hail Mary's First Trailer Spoiled The Ryan Gosling Movie's Biggest Surprise,2026-04-11T16:00:00+00:00,,no,https://www.slashfilm.com/2142790/why-project-hail-mary-first-trailer-spoiled-rocky-introduction/,,,,Subject requires review
Ashley From The Boys Isn't In The Comics — Here's How Colby Minifie Feels About That [Exclusive],2026-04-11T18:00:00+00:00,,no,https://www.slashfilm.com/2141181/the-boys-star-colby-minifie-ashley-not-comics/,,,,Subject requires review
10 Best Stephen King Movies According To IMDb,2026-04-11T19:10:00+00:00,,no,https://www.slashfilm.com/2141171/best-stephen-king-movies-according-imdb/,,,,Subject requires review
The Simpsons Created Poochie In Response To A Fox Executive's Completely Ludicrous Note,2026-04-11T23:00:00+00:00,,no,https://www.slashfilm.com/2138086/the-simpsons-poochie-response-ludicrous-fox-exec-note/,,,,Subject requires review
The Boys Season 5 Premiere Gives One Doomed Character A Death Worthy Of Anime - SlashFilm,2026-04-11T23:45:00+00:00,,no,https://www.slashfilm.com/2144403/the-boys-season-5-premiere-a-train-anime-death-explained/,,,,Subject requires review
This Live-Action One Piece Star's Father Is A Massive Martial Arts Movie Legend,2026-04-12T10:45:00+00:00,,no,https://www.slashfilm.com/2137569/one-piece-live-action-star-mackenyu-father-sonny-chiba-martial-arts-movie-legend/,,,,Subject requires review
Why Movies And TV Shows Are So Dark Now – Hollywood Professionals Tell All [Exclusive] - SlashFilm,2026-04-12T11:00:00+00:00,,no,https://www.slashfilm.com/2142030/why-movies-tv-shows-dark-now/,,,,Subject requires review
Stargate SG-1's Co-Creator Scolded Richard Dean Anderson During An Early Table Read,2026-04-12T14:00:00+00:00,,no,https://www.slashfilm.com/2145213/stargate-sg1-co-creator-brad-wright-scolded-richard-dean-anderson-table-read/,,,,Subject requires review
"15 Best Superhero Movies Of All Time, According To IMDB - SlashFilm",2026-04-12T15:10:00+00:00,,no,https://www.slashfilm.com/2141173/best-superhero-movies-according-imdb/,,,,Subject requires review
Chris Pratt Made A Bold Move During His Moneyball Audition With Brad Pitt - SlashFilm,2026-04-12T16:20:00+00:00,,no,https://www.slashfilm.com/2121410/chris-pratt-moneyball-audition-kicked-out-brad-pitt/,,,,Subject requires review
Hulk Star Lou Ferrigno Was Bluntly Negative About Lynda Carter,2026-04-12T17:00:00+00:00,,no,https://www.slashfilm.com/2142633/hulk-star-lou-ferrigno-negative-review-lynda-carter-wonder-woman/,,,,Subject requires review
Matt Groening's Simple Response To Fans Who Say The Simpsons Was Better In The '90s,2026-04-12T17:45:00+00:00,,no,https://www.slashfilm.com/2142652/matt-groening-response-fans-say-the-simpsons-better-90s/,,,,Subject requires review
This Ambitious J.J. Abrams Produced Time Travel Series Was Canceled Before It Reached Its Full Potential - SlashFilm,2026-04-12T18:00:00+00:00,,no,https://www.slashfilm.com/2129487/jj-abrams-canceled-time-travel-series-alcatraz/,,,,Subject requires review
Pluribus Creator Vince Gilligan's Comedy Procedural Was Canceled Way Too Soon,2026-04-12T18:45:00+00:00,,no,https://www.slashfilm.com/2124456/pluribus-creator-vince-gilligan-comedy-procedural-battle-creek-canceled/,,,,Subject requires review
15 Biggest Plot Holes In The Harry Potter Franchise - SlashFilm,2026-04-12T19:10:00+00:00,,no,https://www.slashfilm.com/2141175/harry-potter-franchise-plot-holes/,,,,Subject requires review
Clint Eastwood Pulled No Punches About One Of The Greatest War Movies Ever Made - SlashFilm,2026-04-12T20:20:00+00:00,,no,https://www.slashfilm.com/2142987/clint-eastwood-harsh-feelings-war-movie-the-deer-hunter/,,,,Subject requires review
Harry Potter: Sirius Black's Family Tree Explained,2026-04-12T21:00:00+00:00,,no,https://www.slashfilm.com/2122396/harry-potter-sirius-black-family-tree-explained/,,,,Subject requires review
The Twilight Zone Writers Had One Censorship Rule That Only Creator Rod Serling Ignored - SlashFilm,2026-04-12T22:00:00+00:00,,no,https://www.slashfilm.com/2143048/the-twilight-zone-writers-one-rule-rod-serling-ignored/,,,,Subject requires review
Jason Segel Sneakily Puppeteered Multiple Characters While Making His Muppets Movie [Exclusive] - SlashFilm,2026-04-12T23:00:00+00:00,,no,https://www.slashfilm.com/2142434/jason-sequel-puppeteered-muppets-movie-characters/,,,,Subject requires review
Euphoria's Downfall Can Be Traced Back To One Moment,2026-04-13T00:45:00+00:00,,no,https://www.slashfilm.com/2144564/euphoria-series-downfall-moment/,,,,Subject requires review
Euphoria Season 3: Where All The Main Characters End Up After The Time Jump - SlashFilm,2026-04-13T02:00:00+00:00,,no,https://www.slashfilm.com/2145308/euphoria-3-what-happened-main-characters-time-jump/,,,,Subject requires review
Why Alamo From Euphoria Season 3 Looks So Familiar - SlashFilm,2026-04-13T03:00:00+00:00,,no,https://www.slashfilm.com/2145752/euphoria-season-3-alamo-actor-adewale-akinnuoye-agbaje/,,,,Subject requires review
"Eli Roth's Bizarre Euphoria Season 3 Cameo, Explained",2026-04-13T10:45:00+00:00,,no,https://www.slashfilm.com/2146148/eli-roth-euphoria-season-3-cameo-explained/,,,,Subject requires review
The Hunger Games: Sunrise On The Reaping Trailer Makes The Odds Twice As Brutal - SlashFilm,2026-04-13T13:08:04+00:00,,no,https://www.slashfilm.com/2146494/hunger-games-sunrise-on-the-reaping-trailer-2026/,,,,Subject requires review
Avatar: Footage From Paramount's Aang Movie Leaks Online,2026-04-13T13:54:44+00:00,,no,https://www.slashfilm.com/2146541/avatar-aang-the-last-airbender-paramount-movie-footage-leak/,,,,Subject requires review
"15 Most Watched Movies On Letterboxd, Ranked",2026-04-13T15:10:00+00:00,,no,https://www.slashfilm.com/2142547/most-watched-movies-letterboxd-ranked-viewers/,,,,Subject requires review
Supriya Ganesh's The Pitt Exit Explained By Noah Wyle And Creator R. Scott Gemmill,2026-04-13T15:30:00+00:00,,no,https://www.slashfilm.com/2146583/supriya-ganesh-the-pitt-exit-explained-noah-wyle-show-creator/,,,,Subject requires review
Euphoria Season 3's Kevin Turen Tribute Explained,2026-04-13T16:45:00+00:00,,no,https://www.slashfilm.com/2146598/euphoria-season-3-kevin-turen-tribute-explained/,,,,Subject requires review
Marshals Episode 7 Shows How John Dutton's Yellowstone Death Still Haunts Kayce,2026-04-13T19:45:00+00:00,,no,https://www.slashfilm.com/2147025/marshals-episode-7-john-dutton-yellowstone-death-haunt-kayce/,,,,Subject requires review
Euphoria Season 3 Premiere: Fezco's Fate Explained After Angus Cloud's Death,2026-04-13T20:00:00+00:00,,no,https://www.slashfilm.com/2146943/euphoria-season-3-premiere-fezco-fate-explained-angus-cloud-death/,,,,Subject requires review
Marshals Episode 7 Highlights One Of John Dutton's Biggest Failures On Yellowstone,2026-04-13T21:00:00+00:00,,no,https://www.slashfilm.com/2147086/marshals-episode-7-highlight-john-dutton-yellowstone-failure-profit/,,,,Subject requires review
Stranger Things: What Happened To Paul Reiser's Dr. Owens?,2026-04-13T23:00:00+00:00,,no,https://www.slashfilm.com/2144242/stranger-things-what-happened-dr-owens/,,,,Subject requires review
Here's What Noah Wyle Brings To The Pitt As A Director [Exclusive],2026-04-14T12:00:00+00:00,,no,https://www.slashfilm.com/2146979/noah-wyle-the-pitt-director-role-explained/,,,,Subject requires review
"Mother Mary Review: Anne Hathaway And Michaela Coel Lead A Confounding, Emotionally Distant Misfire - SlashFilm",2026-04-14T13:00:00+00:00,,no,https://www.slashfilm.com/2147646/mother-mary-2026-movie-review/,,,,Subject requires review
The Pitt Season 2: Why Robby's Friend Duke Looks So Familiar,2026-04-14T17:00:00+00:00,,no,https://www.slashfilm.com/2144907/the-pitt-season-2-robby-friend-duke-actor-jeff-kober/,,,,Subject requires review
The Boys Universe Finally Has An Official (And Ironic) Name - SlashFilm,2026-04-14T17:44:24+00:00,,no,https://www.slashfilm.com/2148102/the-boys-universe-official-name-vought/,,,,Subject requires review
What Chuck Norris Really Thought About Jared Padalecki's Walker Reboot,2026-04-14T18:45:00+00:00,,no,https://www.slashfilm.com/2147480/chuck-norris-thoughts-jared-padalecki-walker-reboot/,,,,Subject requires review
The Original Planet Of The Apes Movie Was Almost Directed By A Comedy Legend - SlashFilm,2026-04-14T20:00:00+00:00,,no,https://www.slashfilm.com/2145098/planet-of-the-apes-1968-almost-directed-comedy-legend-blake-edwards/,,,,Subject requires review
First Godzilla Minus Zero Trailer Brings The Iconic Kaiju To New York City Again - SlashFilm,2026-04-14T23:03:36+00:00,,no,https://www.slashfilm.com/2148498/godzilla-minus-zero-trailer-2026/,,,,Subject requires review
The Lord Of The Rings: The Hunt For Gollum Has Finally Cast Its Young Aragorn - SlashFilm,2026-04-15T01:01:08+00:00,,no,https://www.slashfilm.com/2148568/the-lord-of-the-rings-the-hunt-for-gollum-young-aragorn-jamie-dornan/,,,,Subject requires review
This Daredevil: Born Again Season 2 Subplot Mirrors One Of The Best Sopranos Episodes - SlashFilm,2026-04-15T14:00:00+00:00,,no,https://www.slashfilm.com/2146841/daredevil-born-again-season-2-subplot-buck-daniel-sopranos-episode-long-term-parking/,,,,Subject requires review
10 Best Action Movies Nobody Talks About Anymore - SlashFilm,2026-04-15T15:10:00+00:00,,no,https://www.slashfilm.com/2144932/best-action-movies-nobody-talks-about-anymore/,,,,Subject requires review
V-One Explained: Why Homelander Wants The Original Supe Formula On The Boys - SlashFilm,2026-04-15T16:00:00+00:00,,no,https://www.slashfilm.com/2144259/v-one-explained-why-homelander-wants-original-supe-formula-the-boys/,,,,Subject requires review
The Boys Season 5 Revealed Who Homelander Was Punching In The Trailer - SlashFilm,2026-04-15T17:00:00+00:00,,no,https://www.slashfilm.com/2147282/the-boys-season-5-who-homelander-punching-trailer-ryan/,,,,Subject requires review
The Boys Season 5 Brings Back A Long-Dead Season 1 Character - SlashFilm,2026-04-15T19:00:00+00:00,,no,https://www.slashfilm.com/2147854/the-boys-season-5-dead-character-return-madelyn-stillwell/,,,,Subject requires review
Who Plays Translucent's Son Maverick On The Boys And Gen V?,2026-04-15T22:45:00+00:00,,no,https://www.slashfilm.com/2148569/translucent-son-maverick-the-boys-gen-v-actor-nicholas-hamilton/,,,,Subject requires review
An Invincible Season 4 Cameo Resurrects A Storied Transformers Rivalry - SlashFilm,2026-04-16T00:00:00+00:00,,no,https://www.slashfilm.com/2148636/invincible-season-4-cameo-frank-welker-megatron-voice-actor-transformers/,,,,Subject requires review
Godzilla Minus Zero Is Doing Something The MonsterVerse Hasn,2026-04-16T00:45:00+00:00,,no,https://www.slashfilm.com/2149339/godzilla-minus-zero-new-york-city-attack-not-done-monsterverse/,,,,Subject requires review
Focker In-Law Trailer Hilariously Pits Ben Stiller Against Ariana Grande - SlashFilm,2026-04-16T01:47:23+00:00,,no,https://www.slashfilm.com/2149531/focker-in-law-trailer/,,,,Subject requires review
The Pitt's Most Hated Character Is A Hilarious Medical Easter Egg,2026-04-16T10:45:00+00:00,,no,https://www.slashfilm.com/2147257/the-pitt-hated-character-james-ogilvie-medical-easter-egg-ogilvie-syndrome/,,,,Subject requires review
Lee Cronin's The Mummy Review: A Surprisingly Stylish And Gory Freakshow (But Not Really A Mummy Movie),2026-04-16T13:00:00+00:00,,no,https://www.slashfilm.com/2149698/lee-cronin-the-mummy-movie-review/,,,,Subject requires review
Street Fighter Trailer: This Extremely Fun Sneak Peek Understands The Assignment - SlashFilm,2026-04-16T13:14:59+00:00,,no,https://www.slashfilm.com/2149718/street-fighter-2026-movie-trailer/,,,,Subject requires review
Masters Of The Universe Isn't Afraid Of He-Man's Meme Status [CinemaCon 2026],2026-04-16T14:00:00+00:00,,no,https://www.slashfilm.com/2149740/masters-of-the-universe-movie-not-afraid-he-man-meme-status-2026-cinemacon/,,,,Subject requires review
6 Canceled Battlestar Galactica Reboots That Never Happened - SlashFilm,2026-04-16T15:10:00+00:00,,no,https://www.slashfilm.com/2145020/battlestar-galactica-canceled-reboots/,,,,Subject requires review
Beef Season 2 Feels Like A Remake Of An Oscar-Winning Movie - SlashFilm,2026-04-16T16:00:00+00:00,,no,https://www.slashfilm.com/2149217/beef-season-2-remake-oscar-winning-movie-remake/,,,,Subject requires review
Does Beef Season 2 Take Place In The Same Universe As Season 1? - SlashFilm,2026-04-16T17:00:00+00:00,,no,https://www.slashfilm.com/2148759/beef-season-2-same-universe-season-1/,,,,Subject requires review
Does Lee Cronin's The Mummy Have A Post-Credits Scene? A Spoiler-Free Guide,2026-04-16T18:25:35+00:00,,no,https://www.slashfilm.com/2150085/lee-cronin-the-mummy-movie-post-credits-scene-guide/,,,,Subject requires review
Why Thragg Is The Strongest Viltrumite On Invincible - SlashFilm,2026-04-16T22:00:00+00:00,,no,https://www.slashfilm.com/2150235/why-thragg-strongest-viltrumite-invincible/,,,,Subject requires review
How Old Is Aragorn In The Hunt For Gollum? The Lord Of The Rings Recasting Explained - SlashFilm,2026-04-16T23:00:00+00:00,,no,https://www.slashfilm.com/2149378/aragorn-age-the-hunt-for-gollum-lord-of-the-rings-recasting-explained/,,,,Subject requires review
What Happened To Whitaker's ID Badge On The Pitt Season 2,2026-04-17T01:30:00+00:00,,no,https://www.slashfilm.com/2149967/the-pitt-season-2-what-happened-whitaker-id-badge/,,,,Subject requires review
The Pitt Season 2 Finale Post-Credits Scene Explained - SlashFilm,2026-04-17T02:00:00+00:00,,no,https://www.slashfilm.com/2149118/the-pitt-season-2-finale-post-credits-scene-explained/,,,,Subject requires review
The Pitt Season 2 Finale: How Dr. Al-Hashimi's Reveal Affects Robby's Future,2026-04-17T10:45:00+00:00,,no,https://www.slashfilm.com/2147835/the-pitt-season-2-finale-dr-al-hashimi-reveal-robby-future/,,,,Subject requires review
The Pitt's Director Of Photography Reveals The Secrets Of Shooting The Addictive Medical Drama [Exclusive Interview],2026-04-17T11:45:00+00:00,,no,https://www.slashfilm.com/2147173/the-pitt-cinematographer-johanna-coelho-interview-secrets/,,,,Subject requires review
Why Lee Cronin's The Mummy Is Getting Strong Reactions And Prompting Damage Control,2026-04-17T12:23:28+00:00,,no,https://www.slashfilm.com/2150476/lee-cronin-the-mummy-movie-strong-reactions-damage-control/,,,,Subject requires review
Dr. Al-Hashimi's The Pitt Season 2 Secret Is Personal For Some Viewers — Including Me,2026-04-17T13:00:00+00:00,,no,https://www.slashfilm.com/2147903/dr-al-hashimi-the-pitt-season-2-secret-personal-viewers/,,,,Subject requires review
Why Christopher Meloni's Law & Order: Organized Crime Was Canceled After 5 Seasons,2026-04-17T13:47:43+00:00,,no,https://www.slashfilm.com/2150530/why-christopher-meloni-law-and-order-organized-crime-canceled/,,,,Subject requires review
"10 Worst Movie Remakes Of All Time, Ranked",2026-04-17T15:10:00+00:00,,no,https://www.slashfilm.com/2145142/worst-movie-remakes-ranked/,,,,Subject requires review
Billy Zane's Failed '90s Superhero Movie Is Getting A TV Remake,2026-04-17T16:00:00+00:00,,no,https://www.slashfilm.com/2150639/billy-zane-90s-superhero-movie-the-phantom-tv-series-remake/,,,,Subject requires review
Landman Star Jacob Lofland Headlined A Post-Apocalyptic Drama With A White Lotus Star - SlashFilm,2026-04-17T17:00:00+00:00,,no,https://www.slashfilm.com/2150006/landman-jacob-lofland-the-white-lotus-patrick-schwarzenegger-go-north/,,,,Subject requires review
Disney's New IMAX Competitor Infinity Vision Raises Some Serious Questions,2026-04-17T19:00:00+00:00,,no,https://www.slashfilm.com/2150816/disney-imax-competitor-infinity-vision-questions/,,,,Subject requires review
Project Hail Mary Won't Be Streaming At Home Anytime Soon (And The Reason Is Solid),2026-04-17T21:00:00+00:00,,no,https://www.slashfilm.com/2150923/project-hail-mary-not-streaming-home-soon-reason/,,,,Subject requires review
It's 2026 And I Just Watched Brendan Fraser's The Mummy For The First Time – These Are My Honest Thoughts,2026-04-17T21:27:12+00:00,,no,https://www.slashfilm.com/2150155/brendan-fraser-the-mummy-1999-honest-thoughts/,,,,Subject requires review
Michael Could Set A New High Bar For Music Biopics At The Box Office - SlashFilm,2026-04-17T23:18:30+00:00,,no,https://www.slashfilm.com/2151072/michael-music-biopic-box-office-preview/,,,,Subject requires review
"5 Reasons Why The Pitt Works So Well, According To Noah Wyle - SlashFilm",2026-04-18T00:45:00+00:00,,no,https://www.slashfilm.com/2150731/noah-wyle-the-pitt-success-reasons/,,,,Subject requires review
Beef Season 2 Episode 4 Takes On The U.S. Medical System In A Dark Mirror Of The Pitt - SlashFilm,2026-04-18T02:10:04+00:00,,no,https://www.slashfilm.com/2151120/beef-season-2-episode-4-us-medical-system-the-pitt-dark-mirror/,,,,Subject requires review
Monarch: Legacy Of Monsters Reworks A Key Idea From 1998's Failed Godzilla Reboot,2026-04-18T11:45:00+00:00,,no,https://www.slashfilm.com/2150229/monarch-legacy-of-monsters-season-2-idea-1998-godzilla-reboot-egg/,,,,Subject requires review
Roger Ebert And Other Critics Thought Robert Redford Was Miscast As This Iconic Literary Character - SlashFilm,2026-04-18T13:00:00+00:00,,no,https://www.slashfilm.com/2146668/roger-ebert-critics-robert-redford-miscast-the-great-gatsby/,,,,Subject requires review
"10 Best Models-Turned-Actors, Ranked",2026-04-18T15:10:00+00:00,,no,https://www.slashfilm.com/2146959/best-models-turned-actors-ranked/,,,,Subject requires review
The Pitt Season 2's Most Challenging Scene To Shoot Isn't The One You Think [Exclusive],2026-04-18T16:00:00+00:00,,no,https://www.slashfilm.com/2149950/the-pitt-season-2-most-challenging-scene-shoot/,,,,Subject requires review
Stephen King Says This Gritty Crime Show Changed TV - And He,2026-04-18T18:30:00+00:00,,no,https://www.slashfilm.com/2147169/stephen-king-gritty-crime-show-changed-tv-the-shield/,,,,Subject requires review
How Much Would It Cost To Build The Ship From Project Hail Mary? - SlashFilm,2026-04-18T20:00:00+00:00,,no,https://www.slashfilm.com/2150238/how-much-cost-build-ship-project-hail-mary/,,,,Subject requires review
Karl Urban's Forgotten Dinosaur Movie Was Completely Ripped Apart By Critics,2026-04-18T21:45:00+00:00,,no,https://www.slashfilm.com/2149403/karl-urban-dinosaur-movie-walking-with-dinosaurs/,,,,Subject requires review
What The Minions Voice Actors Look Like In Real Life - SlashFilm,2026-04-18T22:00:00+00:00,,no,https://www.slashfilm.com/2135098/the-minions-voice-actors-look-real-life/,,,,Subject requires review
The Final Snyderverse Project (For Now) Is A Sequel You've Probably Never Even Heard Of,2026-04-19T10:45:00+00:00,,no,https://www.slashfilm.com/2117082/final-snyderverse-project-the-flash-escape-the-midnight-circus/,,,,Subject requires review
We Asked A Real-Life Doctor: How Realistic Is The Pitt? - SlashFilm,2026-04-19T11:00:00+00:00,,no,https://www.slashfilm.com/2149147/real-life-doctor-how-realistic-the-pitt/,,,,Subject requires review
5 Forgotten '90s Action Movies That Still Hold Up Today,2026-04-19T15:30:00+00:00,,no,https://www.slashfilm.com/2151539/forgotten-90s-action-movies-still-hold-up-today/,,,,Subject requires review
A Game Of Thrones Co-Creator Wrote One Of Ryan Gosling's Most Underappreciated Movies,2026-04-19T16:00:00+00:00,,no,https://www.slashfilm.com/2148214/ryan-gosling-movie-stay-written-game-of-thrones-co-creator-david-benioff/,,,,Subject requires review
The Pitt Season 2's Extreme Realism Explains Why Some Fans Feel Disappointed,2026-04-19T17:00:00+00:00,,no,https://www.slashfilm.com/2150970/the-pitt-season-2-extreme-realism-fan-disappointment-explained/,,,,Subject requires review
The Jurassic World Character You Had No Idea Glen Powell Played - SlashFilm,2026-04-19T18:00:00+00:00,,no,https://www.slashfilm.com/2146764/glen-powell-jurassic-world-camp-cretaceous-character-dave/,,,,Subject requires review
"20 Years Ago, Bruce Willis Starred In An Action Thriller From A Legendary Superhero Movie Director - SlashFilm",2026-04-19T18:45:00+00:00,,no,https://www.slashfilm.com/2148160/bruce-willis-action-thriller-16-blocks-superhero-movie-director-richard-donner/,,,,Subject requires review
"10 Best Workplace Comedy TV Shows Of All Time, Ranked - SlashFilm",2026-04-19T19:10:00+00:00,,no,https://www.slashfilm.com/2148405/best-workplace-comedy-tv-shows-ranked/,,,,Subject requires review
Chuck Norris Once Compared His Movies To John Wayne's - And He Wasn't Completely Wrong,2026-04-19T20:20:00+00:00,,no,https://www.slashfilm.com/2149257/chuck-norris-john-wayne-comparison/,,,,Subject requires review
This Forgotten Charlie Sheen Flop Is Shockingly Similar To The Fast And The Furious - SlashFilm,2026-04-19T21:00:00+00:00,,no,https://www.slashfilm.com/2144026/charlie-sheen-flop-no-mans-land-similar-the-fast-and-the-furious/,,,,Subject requires review
How Daredevil: Born Again Cleverly Uses Color To Give Clues About The Show,2026-04-20T00:45:00+00:00,,no,https://www.slashfilm.com/2151854/how-daredevil-born-again-color-clues-shows-story/,,,,Subject requires review
A24's Elden Ring Movie Has One Of The Best Casts Ever For A Video Game Adaptation,2026-04-20T13:45:37+00:00,,no,https://www.slashfilm.com/2152332/elden-ring-a24-movie-cast/,,,,Subject requires review
Conjuring Director Michael Chaves Pivots To Dark Fantasy With 2026,2026-04-20T15:00:00+00:00,,no,https://www.slashfilm.com/2151974/the-conjuring-director-michael-chaves-dark-fantasy-comic-book-corpse-knight-interview/,,,,Subject requires review
"10 Best Movies Of All Time, According To Roger Ebert - SlashFilm",2026-04-20T15:10:00+00:00,,no,https://www.slashfilm.com/2149857/best-movies-according-roger-ebert/,,,,Subject requires review
Marshals Episode 8 Finally Delivers What The Yellowstone Spin-Off Has Been Missing - SlashFilm,2026-04-20T15:30:00+00:00,,no,https://www.slashfilm.com/2152502/marshals-episode-8-fix-yellowstone-spin-off-problem-villain/,,,,Subject requires review
What Does The Box Office For Lee Cronin's The Mummy Mean For The Future Of The Franchise?,2026-04-20T16:45:00+00:00,,no,https://www.slashfilm.com/2152590/lee-cronin-the-mummy-box-office-franchise-future-explained/,,,,Subject requires review
Arnold Schwarzenegger Helped Save One Of The Terminator Franchise,2026-04-20T17:45:00+00:00,,no,https://www.slashfilm.com/2150190/arnold-schwarzenegger-saved-terminator-3-best-action-scene/,,,,Subject requires review
What Does The Super Mario Galaxy Movie's Box Office Mean For The Future Of The Franchise?,2026-04-20T18:45:00+00:00,,no,https://www.slashfilm.com/2152751/the-super-mario-galaxy-box-office-franchise-future-explained/,,,,Subject requires review
"Why Lee Cronin's The Mummy Has All Those Split Diopter Shots, As Explained By The Director [Exclusive]",2026-04-20T21:00:00+00:00,,no,https://www.slashfilm.com/2152851/lee-cronin-the-mummy-split-diopter-shots-explained/,,,,Subject requires review
Marshals Episode 8 Proves Kayce Dutton Is The Most Tortured Man In The Yellowstone Universe - SlashFilm,2026-04-20T21:20:00+00:00,,no,https://www.slashfilm.com/2152986/marshals-episode-8-kayce-dutton-yellowstone-most-tortured-man/,,,,Subject requires review
The Pitt Night Shift Spin-Off Chances Addressed By Noah Wyle And Showrunner - SlashFilm,2026-04-20T22:00:00+00:00,,no,https://www.slashfilm.com/2152948/the-pitt-night-shift-spin-off-chances-noah-wyle-showrunner/,,,,Subject requires review
The Pitt Season 2's Most Intense Moment Feels Like A Secret ER Sequel,2026-04-20T23:45:00+00:00,,no,https://www.slashfilm.com/2153008/the-pitt-season-2-most-intense-moment-secret-er-sequel/,,,,Subject requires review
Lee Cronin's The Mummy Ending Doesn't Work For One Reason,2026-04-21T00:00:00+00:00,,no,https://www.slashfilm.com/2152901/lee-cronin-the-mummy-movie-not-work-reason/,,,,Subject requires review
Marshals: Who Plays Kayce's Former SEAL Teammate Garrett?,2026-04-21T00:45:00+00:00,,no,https://www.slashfilm.com/2152928/marshals-kayce-former-seal-teammate-garrett-actor-riley-green/,,,,Subject requires review
We Asked A Real-Life Personal Trainer: Which Superhero's Powers Offer The Best Workout?,2026-04-21T11:45:00+00:00,,no,https://www.slashfilm.com/2148881/real-life-trainer-best-superhero-powers-workout/,,,,Subject requires review
The Pitt Season 2's Mohan Storyline Has A Yellowjackets Problem,2026-04-21T12:00:00+00:00,,no,https://www.slashfilm.com/2153122/the-pitt-season-2-mohan-storyline-yellowjackets-problem/,,,,Subject requires review
Michael Review: A Predictably Overly-Sanitized Biopic Of The King Of Pop - SlashFilm,2026-04-21T13:00:00+00:00,,no,https://www.slashfilm.com/2152198/michael-2026-movie-review/,,,,Subject requires review
Clayface: First Look At DC Studios Movie Shows Tom Rhys Harries As Matt Hagen - SlashFilm,2026-04-21T14:22:11+00:00,,no,https://www.slashfilm.com/2153514/clayface-dc-studios-movie-tom-rhys-harries-matt-hagen-first-look/,,,,Subject requires review
"15 Best Teen Movies Ever Made, Ranked",2026-04-21T15:10:00+00:00,,no,https://www.slashfilm.com/2149384/best-teen-movies-ranked/,,,,Subject requires review
New Masters Of The Universe: Genesis Comic Book Will Reveal The Origins Of Skeletor And History Of Eternia [Exclusive] - SlashFilm,2026-04-21T16:00:00+00:00,,no,https://www.slashfilm.com/2153404/masters-of-the-universe-genesis-comic-exclusive/,,,,Subject requires review
Why Sydney Sweeney's The Devil Wears Prada 2 Cameo Was Removed,2026-04-21T16:30:00+00:00,,no,https://www.slashfilm.com/2153608/why-sydney-sweeney-cameo-the-devil-wears-prada-2-removed/,,,,Subject requires review
The Pitt Season 2 Finale Ratings Prove The Show Is Bigger Than Ever (Despite Criticism) - SlashFilm,2026-04-21T17:29:58+00:00,,no,https://www.slashfilm.com/2153760/the-pitt-season-2-finale-ratings-show-growth-criticism/,,,,Subject requires review
This Rick Moranis Cult Classic Comedy Was Accidentally Based On A Shakespeare Play - SlashFilm,2026-04-21T18:00:00+00:00,,no,https://www.slashfilm.com/2142382/rick-moranis-cult-classic-strange-brew-shakespeare-adpatation-hamlet/,,,,Subject requires review
Marshals Star Luke Grimes' Favorite Yellowstone Scene Makes Total Sense,2026-04-21T18:45:00+00:00,,no,https://www.slashfilm.com/2137330/marshals-star-luke-grimes-favorite-yellowstone-scene-first-shot/,,,,Subject requires review
The Pitt Star You Likely Forgot Was In Christopher Nolan's Tenet,2026-04-21T19:00:00+00:00,,no,https://www.slashfilm.com/2153856/the-pitt-fiona-dourif-christopher-nolan-tenet/,,,,Subject requires review
"10 Worst TV Show Finales Of All Time, Ranked",2026-04-21T19:10:00+00:00,,no,https://www.slashfilm.com/2149880/worst-tv-show-finales-ranked/,,,,Subject requires review
Ali Larter Probably Wants Us To Forget This Bizarre Musical She Made Before Landman - SlashFilm,2026-04-21T20:00:00+00:00,,no,https://www.slashfilm.com/2151095/landman-ali-larter-star-bollywood-hollywood-musical-marigold/,,,,Subject requires review
Andy Weir's Most Underrated Adaptation Is Streaming For Free On YouTube,2026-04-21T21:00:00+00:00,,no,https://www.slashfilm.com/2151111/andy-weir-adaptation-the-egg-streaming-youtube-free/,,,,Subject requires review
Clint Eastwood Wishes More People Had Seen His Underrated World War II Movie - SlashFilm,2026-04-21T22:00:00+00:00,,no,https://www.slashfilm.com/2152336/clint-eastwood-wishes-people-seen-war-movie-letters-from-iwo-jima/,,,,Subject requires review
Fox Claimed Bones Wasn't A Big Hit To Avoid Properly Paying Its Creator And Stars,2026-04-22T00:45:00+00:00,,no,https://www.slashfilm.com/2124648/fox-claimed-bones-not-big-hit-avoid-paying-creator-star-emily-deschanel-david-boreanaz/,,,,Subject requires review
Daredevil: Born Again Season 2 Makes A Major Change To Jessica Jones - SlashFilm,2026-04-22T02:00:00+00:00,,no,https://www.slashfilm.com/2153588/daredevil-born-again-season-2-jessica-jones-change-luke-cage-daughter/,,,,Subject requires review
First Coyote Vs Acme Trailer Has The Looney Tunes Rage Against Their Corporate Machine - SlashFilm,2026-04-22T13:03:00+00:00,,no,https://www.slashfilm.com/2154432/coyote-vs-acme-trailer/,,,,Subject requires review
The Boys Season 5 Has Revealed Homelander's Final Plan,2026-04-22T16:00:00+00:00,,no,https://www.slashfilm.com/2152070/the-boys-season-5-homelander-final-plan-explained/,,,,Subject requires review
"First Elden Ring A24 Movie Set Photos Reveal Kit Connor, Queen Marika - SlashFilm",2026-04-22T18:41:09+00:00,,no,https://www.slashfilm.com/2154812/elden-ring-a24-movie-set-photos-kit-connor-queen-marika/,,,,Subject requires review
Why Starlight's Dad In The Boys Season 5 Looks So Familiar,2026-04-22T21:00:00+00:00,,no,https://www.slashfilm.com/2152633/the-boys-season-5-starlight-dad-actor-tim-daly/,,,,Subject requires review
The Boys Season 5 Finally Addresses The Annie Shapeshifter Plot Controversy - SlashFilm,2026-04-23T00:45:00+00:00,,no,https://www.slashfilm.com/2152822/the-boys-season-5-annie-shapeshifter-plot-controversy-reference/,,,,Subject requires review
Why Tales From '85's Nikki Baxter Isn't Mentioned In Stranger Things,2026-04-23T10:45:00+00:00,,no,https://www.slashfilm.com/2154906/tales-from-85-nikki-baxter-strange-things-absence-explained/,,,,Subject requires review
Lord Of The Rings: What Happened To Every Major Character After Return Of The King - SlashFilm,2026-04-23T15:10:00+00:00,,no,https://www.slashfilm.com/2152430/lord-of-the-rings-what-happened-characters-after-return-of-the-king/,,,,Subject requires review
James Gunn Confirms When Clayface Takes Place On The DCU Timeline - SlashFilm,2026-04-23T19:08:10+00:00,,no,https://www.slashfilm.com/2155708/james-gunn-explains-clayface-dcu-timeline/,,,,Subject requires review
Daredevil: Born Again - Does Jessica Jones And Luke Cage's Daughter Have Superpowers?,2026-04-23T20:00:00+00:00,,no,https://www.slashfilm.com/2154970/daredevil-born-again-jessica-jones-luke-cage-daughter-superpowers-explained/,,,,Subject requires review
Stranger Things: Tales From '85 Is Exactly What Fans Need After The Final Season,2026-04-24T00:45:00+00:00,,no,https://www.slashfilm.com/2155788/stranger-things-tales-from-85-what-fans-need-after-final-season/,,,,Subject requires review
Mother Mary Director David Lowery Is Happy That You Argue About His Movies [Exclusive Interview] - SlashFilm,2026-04-24T10:45:00+00:00,,no,https://www.slashfilm.com/2155642/mother-mary-director-david-lowery-interview/,,,,Subject requires review
The Boys Season 5's Latest Episode Is Being Called 'Filler' – Here's Why Fans Are Wrong,2026-04-24T11:45:00+00:00,,no,https://www.slashfilm.com/2155900/the-boys-season-5-episode-4-called-filler-fans-wrong/,,,,Subject requires review
Rush Hour 4 In Trouble Amid Salary Disputes With Chris Tucker And Jackie Chan - SlashFilm,2026-04-24T14:10:46+00:00,,no,https://www.slashfilm.com/2156231/rush-hour-4-trouble-salary-disputes-chris-tucker-jackie-chan/,,,,Subject requires review
Monarch Season 2 Just Explained Godzilla's Role Among The Titans In The MonsterVerse,2026-04-24T16:00:00+00:00,,no,https://www.slashfilm.com/2156021/monarch-season-2-godzilla-role-titans-monsterverse/,,,,Subject requires review
Yellowstone Spin-Off Dutton Ranch Fires Showrunner After Behind-The-Scenes Issues (Report) - SlashFilm,2026-04-24T16:20:19+00:00,,no,https://www.slashfilm.com/2156376/yellowstone-spin-off-dutton-ranch-showrunner-chad-feehan-firing-explained/,,,,Subject requires review
Call Of Duty's Biggest Video Game Rival Is Also Getting A Movie (With A Perfect Director),2026-04-24T18:32:12+00:00,,no,https://www.slashfilm.com/2156527/call-of-duty-rival-battlefield-movie-adaptation-christopher-mcquarrie-michael-b-jordan/,,,,Subject requires review
For All Mankind Season 5 Brings Back The Show's Biggest Villain,2026-04-24T19:00:00+00:00,,no,https://www.slashfilm.com/2156267/for-all-mankind-season-5-show-biggest-villain-return-irina-morozova/,,,,Subject requires review
The Peacock Streaming Service Has Lost A Staggering Amount Of Money - SlashFilm,2026-04-24T21:00:00+00:00,,no,https://www.slashfilm.com/2156508/peacock-streaming-service-lost-money/,,,,Subject requires review
Where Is Michael Jackson's Chimpanzee Bubbles Today?,2026-04-24T23:35:06+00:00,,no,https://www.slashfilm.com/2156756/where-michael-jackson-chimpanzee-bubbles-today/,,,,Subject requires review
The Pitt Star Noah Wyle Has Debunked A Dr. Robby Fan Theory Ahead Of Season 3 - SlashFilm,2026-04-25T11:45:00+00:00,,no,https://www.slashfilm.com/2153868/the-pitt-noah-wyle-debunk-fan-theory-season-3-dr-robby-baby/,,,,Subject requires review
How To Watch The Strangers Movies In Order,2026-04-25T15:30:00+00:00,,no,https://www.slashfilm.com/2152424/the-strangers-movies-in-order/,,,,Subject requires review
Roger Ebert Called This Star-Studded '90s Disaster One Of The Worst Movies Ever Made,2026-04-25T16:00:00+00:00,,no,https://www.slashfilm.com/2155835/roger-ebert-worst-movie-ever-north-review/,,,,Subject requires review
'80s Superstar Molly Ringwald Got Her Start On This Classic Sitcom Spin-Off,2026-04-25T17:00:00+00:00,,no,https://www.slashfilm.com/2143096/80s-superstar-molly-ringwald-career-start-sitcom-facts-of-life/,,,,Subject requires review
Over Your Dead Body's Lonely Island Easter Egg Was A Total Improv Accident [Exclusive],2026-04-25T18:00:00+00:00,,no,https://www.slashfilm.com/2156731/over-your-dead-body-lovely-island-easter-egg/,,,,Subject requires review
How Arrival Author Ted Chiang Feels About Denis Villeneuve's Movie Adaptation,2026-04-25T19:00:00+00:00,,no,https://www.slashfilm.com/2150283/arrival-author-ted-chiang-feelings-denis-villeneuve-adaptation/,,,,Subject requires review
Sam Elliott's Most Difficult Production Was A War Movie That Left Him In Tears,2026-04-25T20:00:00+00:00,,no,https://www.slashfilm.com/2135541/sam-elliott-difficult-production-war-movie-we-were-soldiers/,,,,Subject requires review
One Of Dune's Best Scenes Avoided Using The Movie's Massive Special Effects Budget,2026-04-25T20:45:00+00:00,,no,https://www.slashfilm.com/2152924/one-of-dune-best-scenes-no-special-effects-budget/,,,,Subject requires review
New Spider-Noir Trailer Weaves A Web Of Monstrous Mystery For Nicolas Cage To Investigate - SlashFilm,2026-04-26T00:47:22+00:00,,no,https://www.slashfilm.com/2157245/nicolas-cage-spider-noir-series-trailer/,,,,Subject requires review
We Asked A Real-Life Marathon Runner: Does Tom Cruise Have Good Running Form In His Movies? - SlashFilm,2026-04-26T11:00:00+00:00,,no,https://www.slashfilm.com/2155985/real-life-marathon-runner-tom-cruise-running-form-movies-explained/,,,,Subject requires review
Martin Scorsese Hated Making The Only Movie That Earned Him A Best Director Oscar - SlashFilm,2026-04-26T13:00:00+00:00,,no,https://www.slashfilm.com/2153086/martin-scorsese-hated-making-oscar-winning-the-departed/,,,,Subject requires review
Harry Potter: What Happened To Every Major Character After The Deathly Hallows - SlashFilm,2026-04-26T15:10:00+00:00,,no,https://www.slashfilm.com/2156385/harry-potter-what-happened-characters-after-deathly-hallows/,,,,Subject requires review
A Game Of Thrones Dragon Is Named After One Of George R.R. Martin,2026-04-26T15:30:00+00:00,,no,https://www.slashfilm.com/2144265/game-of-thrones-dragon-george-rr-martin-favorite-fantasy-movie-dragonslayer/,,,,Subject requires review
A Teenage Mutant Ninja Turtles Studio Exec Thought The First Movie Was Too Dark For Kids - SlashFilm,2026-04-26T16:00:00+00:00,,no,https://www.slashfilm.com/2156513/teenage-mutant-ninja-turtles-studio-exec-movie-too-dark-for-kids/,,,,Subject requires review
Bruce Willis' Forgotten 2003 Action Thriller Also Featured Yellowstone's Cole Hauser,2026-04-26T17:00:00+00:00,,no,https://www.slashfilm.com/2153715/bruce-willis-yellowstone-cole-hauser-action-thriller-tears-of-the-sun/,,,,Subject requires review
KISS' Primetime TV Debut Was On A Bizarre Halloween Show Starring The Wizard Of Oz's Wicked Witch,2026-04-26T18:00:00+00:00,,no,https://www.slashfilm.com/2143035/kiss-primetime-tv-debut-halloween-special-wizard-of-oz-wicked-witch/,,,,Subject requires review
The Fast And The Furious' Original Title Was Scrapped Because Of A Popular Anime,2026-04-26T18:45:00+00:00,,no,https://www.slashfilm.com/2153923/the-fast-and-the-furious-title-change-anime-speed-racer/,,,,Subject requires review
Chuck Norris Played Himself In This Awful Karate Kid-Style Movie - SlashFilm,2026-04-26T21:00:00+00:00,,no,https://www.slashfilm.com/2154527/chuck-norris-played-himself-karate-kid-style-movie-sidekicks/,,,,Subject requires review
Euphoria Gets Its Own Version Of Game Of Thrones' Red Wedding In Season 3,2026-04-27T02:30:00+00:00,,no,https://www.slashfilm.com/2156670/euphoria-season-3-game-of-thrones-red-wedding/,,,,Subject requires review
The Best Quentin Tarantino Movie Never Made Was Cut From His Magnum Opus - SlashFilm,2026-04-27T13:00:00+00:00,,no,https://www.slashfilm.com/2155652/best-quentin-tarantino-movie-never-made-killer-crow-inglourious-basterds/,,,,Subject requires review
Jackass: Best And Last Trailer Brings 25 Years Of Insane Stunts To An End - SlashFilm,2026-04-27T13:33:45+00:00,,no,https://www.slashfilm.com/2157980/jackass-best-and-last-trailer/,,,,Subject requires review
5 Reasons Why Michael Ruled The Box Office,2026-04-27T18:45:00+00:00,,no,https://www.slashfilm.com/2158372/michael-2026-movie-box-office-success-reasons/,,,,Subject requires review
Marshals Episode 9 Resolves A Yellowstone Rivalry We Never Knew About - SlashFilm,2026-04-27T18:52:21+00:00,,no,https://www.slashfilm.com/2158486/marshals-episode-9-resolves-yellowstone-rivalry-kayce-dutton-randall-clegg/,,,,Subject requires review
"10 Best Godzilla Movies Of All Time, Ranked",2026-04-27T19:10:00+00:00,,no,https://www.slashfilm.com/2158093/best-godzilla-movies-ranked/,,,,Subject requires review
The Boys Star Erin Moriarty Knows How Fans Will React To The Show,2026-04-27T19:45:00+00:00,,no,https://www.slashfilm.com/2158224/the-boys-erin-moriarty-audience-series-finale-reaction/,,,,Subject requires review
Marshals Teased A New Love Triangle For Kayce And It's Exactly What The Yellowstone Show Needs,2026-04-27T20:00:00+00:00,,no,https://www.slashfilm.com/2158545/marshals-kayce-dutton-love-triangle-andrea-dolly-what-yellowstone-show-needs/,,,,Subject requires review
Marshals Creator Clarifies Taylor Sheridan's Actual Involvement In Yellowstone Spin-Off Series,2026-04-27T21:00:00+00:00,,no,https://www.slashfilm.com/2158625/marshals-creator-taylor-sheridan-involvement-yellowstone-spin-off-series/,,,,Subject requires review
James Gunn Reveals Why DC Has Canceled The Authority Movie (For Now) - SlashFilm,2026-04-27T22:00:00+00:00,,no,https://www.slashfilm.com/2158574/james-gunn-dc-canceled-the-authority-movie/,,,,Subject requires review
Euphoria Fans Are Not Holding Back On Hans Zimmer's Season 3 Score,2026-04-27T23:03:12+00:00,,no,https://www.slashfilm.com/2158766/hans-zimmer-euphoria-season-3-score-fan-reactions/,,,,Subject requires review
The Pitt Season 2's Disappointing Character Exit Wasn't Originally Planned,2026-04-27T23:45:00+00:00,,no,https://www.slashfilm.com/2156004/the-pitt-dr-mohan-exit-not-planned/,,,,Subject requires review
Why Tom Cruise Was Kicked Off Of The Original Mortal Kombat's Set,2026-04-28T14:00:00+00:00,,no,https://www.slashfilm.com/2154798/why-tom-cruise-kicked-off-original-mortal-kombat-set/,,,,Subject requires review
First Mortal Kombat 2 Reactions Have Critics United - SlashFilm,2026-04-28T15:00:00+00:00,,no,https://www.slashfilm.com/2159177/mortal-kombat-2-first-reactions/,,,,Subject requires review
Why Tangled 2 Was Canceled By Disney,2026-04-28T17:00:00+00:00,,no,https://www.slashfilm.com/2159378/why-tangled-2-canceled-disney/,,,,Subject requires review
How George R.R. Martin Feels About A24 Making The Elden Ring Movie - SlashFilm,2026-04-28T17:45:00+00:00,,no,https://www.slashfilm.com/2156631/george-rr-martin-feelings-a24-making-elden-ring-movie/,,,,Subject requires review
Daredevil: Born Again Season 2 Suffers A Major Viewership Drop - SlashFilm,2026-04-28T18:45:00+00:00,,no,https://www.slashfilm.com/2159545/daredevil-born-again-season-2-viewership-drop/,,,,Subject requires review
"10 Best Anime Shows Of All Time, According To IMDb - SlashFilm",2026-04-28T19:10:00+00:00,,no,https://www.slashfilm.com/2158505/best-anime-shows-according-imdb/,,,,Subject requires review
The Call Of Duty's Movie Director Had Harsh Words For Those Who Play Video Games,2026-04-29T00:45:00+00:00,,no,https://www.slashfilm.com/2159454/call-of-duty-movie-director-peter-berg-harsh-words-video-game-players/,,,,Subject requires review
Jackass: Best And Last Will Break A Huge Tradition For The Beloved Comedy Franchise - SlashFilm,2026-04-29T10:45:00+00:00,,no,https://www.slashfilm.com/2159514/jack-ass-best-and-last-breaking-franchise-tradition-no-sequel/,,,,Subject requires review
"15 Best Action Movies Of The '70s, Ranked",2026-04-29T15:10:00+00:00,,no,https://www.slashfilm.com/2158447/best-70s-action-movies-ranked/,,,,Subject requires review
"The Devil Wears Prada 2 Review: A Chic, Charming Sequel, But Nothing Groundbreaking - SlashFilm",2026-04-29T16:00:00+00:00,,no,https://www.slashfilm.com/2160133/the-devil-wears-prada-2-movie-review/,,,,Subject requires review
"The Boys Season 5, Episode 5 Kills Off A Major Member Of The Seven - SlashFilm",2026-04-29T17:00:00+00:00,,no,https://www.slashfilm.com/2157603/the-boys-season-5-firecracker-death-explained/,,,,Subject requires review
The Boys Season 5's Supernatural Reunion Episode Includes Major Hollywood Cameos,2026-04-29T19:00:00+00:00,,no,https://www.slashfilm.com/2157632/the-boys-season-5-supernatural-reunion-episode-hollywood-cameos/,,,,Subject requires review
Anthony Mackie's Desert Warrior Is One Of The Biggest Box Office Flops Ever,2026-04-29T21:00:00+00:00,,no,https://www.slashfilm.com/2160537/anthony-mackie-desert-warrior-one-of-biggest-box-office-flops-ever/,,,,Subject requires review
The Boys Season 5 Easter Egg Continues Soldier Boy's Captain America Parody,2026-04-29T22:45:00+00:00,,no,https://www.slashfilm.com/2157670/the-boys-season-5-easter-egg-soldier-boy-captain-america-parody/,,,,Subject requires review
What Does Michael's Box Office Mean For A Possible Sequel?,2026-04-30T00:45:00+00:00,,no,https://www.slashfilm.com/2158778/michael-2026-movie-box-office-sequel-meaning/,,,,Subject requires review
The Boys Season 5 Reveals Sister Sage's True Goal - And It's Not Helping Homelander,2026-04-30T10:45:00+00:00,,no,https://www.slashfilm.com/2159344/the-boys-season-5-sister-sage-goal-explained/,,,,Subject requires review
It's 2026 And I Just Watched Denzel Washington's Man On Fire For The First Time – These Are My Honest Thoughts,2026-04-30T13:00:00+00:00,,no,https://www.slashfilm.com/2157982/denzel-washington-man-on-fire-2004-honest-thoughts/,,,,Subject requires review
Resident Evil Trailer: Weapons Director Zach Cregger Drops A Chilling First Look - SlashFilm,2026-04-30T13:08:51+00:00,,no,https://www.slashfilm.com/2161056/resident-evil-trailer-weapons-director-zach-cregger/,,,,Subject requires review
"15 Best Disney Sidekicks Of All Time, Ranked",2026-04-30T15:10:00+00:00,,no,https://www.slashfilm.com/2158475/best-disney-movie-sidekicks-ranked/,,,,Subject requires review
Michael's Box Office Success Proves Audiences Only Want One Thing From Biopics,2026-04-30T16:00:00+00:00,,no,https://www.slashfilm.com/2160378/michael-box-office-success-proof-audiences-want-one-thing-biopics/,,,,Subject requires review
How To Watch Ready Or Not 2: Here I Come At Home - SlashFilm,2026-04-30T16:15:53+00:00,,no,https://www.slashfilm.com/2161267/how-watch-ready-or-not-2-at-home/,,,,Subject requires review
David Zaslav's Warner Bros. Discovery Pay Package Skyrocketed In 2025,2026-04-30T16:17:00+00:00,,no,https://www.slashfilm.com/2161269/david-zaslav-2025-warner-bros-discovery-pay-package/,,,,Subject requires review
Daredevil: Born Again Season 2's Shocking Death Originally Had A Happier Ending,2026-04-30T17:00:00+00:00,,no,https://www.slashfilm.com/2160601/daredevil-born-again-season-2-daniel-blake-death-happier-ending/,,,,Subject requires review
Zach Cregger's Resident Evil Understands The True Appeal Of The Best Games In The Series,2026-04-30T20:00:00+00:00,,no,https://www.slashfilm.com/2161427/zach-cregger-resident-evil-movie-trailer-understanding-true-appeal-games/,,,,Subject requires review
Does The Devil Wears Prada 2 Have A Post-Credits Scene? A Spoiler-Free Guide - SlashFilm,2026-04-30T22:00:00+00:00,,no,https://www.slashfilm.com/2159220/the-devil-wears-prada-2-post-credits-scene-guide/,,,,Subject requires review
It's 2026 And I Just Watched The Devil Wears Prada For The First Time – These Are My Honest Thoughts,2026-05-01T10:45:00+00:00,,no,https://www.slashfilm.com/2158534/the-devil-wears-prada-2006-honest-thoughts/,,,,Subject requires review
Hokum's Director Keeps Returning To The Same Freaky Idea – And It Keeps Working,2026-05-01T15:00:00+00:00,,no,https://www.slashfilm.com/2161614/hokum-director-same-creepy-idea-keeps-working/,,,,Subject requires review
"10 Best Movie Spin-Offs Of All Time, Ranked",2026-05-01T15:10:00+00:00,,no,https://www.slashfilm.com/2159340/best-movie-spin-offs-ranked/,,,,Subject requires review
Mortal Kombat II Is The Biggest Box Office Wild Card Of 2026 - SlashFilm,2026-05-01T17:00:00+00:00,,no,https://www.slashfilm.com/2160772/mortal-kombat-2-box-office-preview/,,,,Subject requires review
The Monarch: Legacy Of Monsters Season 2 Finale May Have Teased A Familiar Titan,2026-05-01T19:00:00+00:00,,no,https://www.slashfilm.com/2162127/monarch-legacy-of-monster-season-2-finale-titan-return-tease-rodan/,,,,Subject requires review
"The Devil Wears Prada 2's Massive Pop Star Cameo, Explained",2026-05-01T21:00:00+00:00,,no,https://www.slashfilm.com/2160620/lady-gaga-the-devil-wears-prada-2-cameo-explained/,,,,Subject requires review
What The Boys Showrunner Eric Kripke Really Thinks About The Gen V Cancelation - SlashFilm,2026-05-02T10:45:00+00:00,,no,https://www.slashfilm.com/2160644/the-boys-showrunner-eric-kripke-thinks-gen-v-cancelation/,,,,Subject requires review
The Devil Wears Prada 2 Proves That Legacy Sequels Must Stop - SlashFilm,2026-05-02T11:45:00+00:00,,no,https://www.slashfilm.com/2160812/the-devil-wears-prada-2-proof-legacy-sequels-stop/,,,,Subject requires review
The Pitt Cut A Major Season 2 Finale Scene That Reveals A Ton About Dr. Al-Hashimi - SlashFilm,2026-05-02T13:00:00+00:00,,no,https://www.slashfilm.com/2160750/the-pitt-season-2-finale-deleted-scene-dr-al-hashimi/,,,,Subject requires review
Jon Hamm Thinks He Knows What Happened To Don Draper After Mad Men,2026-05-02T16:00:00+00:00,,no,https://www.slashfilm.com/2160709/jon-hamm-what-happened-don-draper-after-mad-men-finale/,,,,Subject requires review
Project Hail Mary's Sandra Hüller Starred In A Near-Perfect Murder Mystery Movie,2026-05-02T16:30:00+00:00,,no,https://www.slashfilm.com/2158489/project-hail-mary-sandra-huller-murder-mystery-movie-anatomy-of-a-fall/,,,,Subject requires review
I've Been Reading The Narnia Books For 25 Years. Here's What The Movies Get Wrong,2026-05-02T19:00:00+00:00,,no,https://www.slashfilm.com/2158730/chronicles-narnia-books-what-movies-get-wrong/,,,,Subject requires review
How Viggo Mortensen Feels About Aragorn Being Recast In The Lord Of The Rings: The Hunt For Gollum - SlashFilm,2026-05-02T20:00:00+00:00,,no,https://www.slashfilm.com/2161578/viggo-mortensen-feelings-aragorn-recast-the-lord-of-the-rings-the-hunt-for-gollum/,,,,Subject requires review
How Is [SPOILER] Alive In Monarch: Legacy Of Monsters? A Kaiju Classic Has The Answer - SlashFilm,2026-05-02T23:00:00+00:00,,no,https://www.slashfilm.com/2162375/how-rodan-alive-monarch-legacy-of-monsters-season-2-apple-tv/,,,,Subject requires review
5 Forgotten '90s Miniseries That Still Hold Up Today,2026-05-03T00:00:00+00:00,,no,https://www.slashfilm.com/2153516/forgotten-90s-miniseries-still-hold-up/,,,,Subject requires review
Meryl Streep Nearly Drowned Making This Intense '90s Thriller With Kevin Bacon,2026-05-03T11:00:00+00:00,,no,https://www.slashfilm.com/2161655/meryl-streep-nearly-drowned-90s-thriller-kevin-bacon-the-river-wild/,,,,Subject requires review
5 Sam Elliott Movies & TV Shows Landman Fans Need To Watch - SlashFilm,2026-05-03T14:00:00+00:00,,no,https://www.slashfilm.com/2156415/sam-elliott-movies-tv-shows-landman-fans-need-watch/,,,,Subject requires review
Hokum Is The Spiritual Remake Of A Terrifying Twilight Zone Episode - SlashFilm,2026-05-03T15:00:00+00:00,,no,https://www.slashfilm.com/2162812/hokum-spiritual-remake-twilight-zone-episode-the-howling-man/,,,,Subject requires review
"10 Best Alternate History TV Shows, Ranked",2026-05-03T15:10:00+00:00,,no,https://www.slashfilm.com/2160375/best-alternate-history-shows-ranked/,,,,Subject requires review
Roger Ebert Gave A Near-Perfect Score To The Last Movie He Ever Reviewed - SlashFilm,2026-05-03T18:00:00+00:00,,no,https://www.slashfilm.com/2158805/roger-ebert-last-movie-review-near-perfect-score-to-the-wonder/,,,,Subject requires review
Margaret Atwood Didn't Hold Back Her Thoughts On The '90s Handmaid's Tale Adaptation,2026-05-03T19:00:00+00:00,,no,https://www.slashfilm.com/2155995/margaret-atwood-thoughts-90s-the-handmaids-tale-adaptation/,,,,Subject requires review
The Boys Actor Chace Crawford Starred In A Forgotten Drama Perfect For Landman Fans - SlashFilm,2026-05-03T20:20:00+00:00,,no,https://www.slashfilm.com/2159835/the-boys-actor-chace-crawford-landman-style-drama-blood-and-oil/,,,,Subject requires review
"Harry Potter: Severus Snape's Relationship With Lily Potter, Explained",2026-05-03T22:00:00+00:00,,no,https://www.slashfilm.com/2161086/harry-potter-severus-snape-lily-potter-relationship-explained/,,,,Subject requires review
The Boys Season 5 Has Fans All Saying The Same Thing (And They,2026-05-04T11:30:00+00:00,,no,https://www.slashfilm.com/2161896/the-boys-season-5-fans-saying-same-thing-reactions/,,,,Subject requires review
It Took David Lynch 50 Years To Never Make His Weirdest Masterpiece - SlashFilm,2026-05-04T13:00:00+00:00,,no,https://www.slashfilm.com/2158457/david-lynch-ronnie-rocket-unmade-movie-explained/,,,,Subject requires review
"Marshals Episode 10 Channels Classic Yellowstone With A Wild, Over-The-Top Plot - SlashFilm",2026-05-04T14:00:00+00:00,,no,https://www.slashfilm.com/2163652/marshals-episode-10-classic-yellowstone-plot/,,,,Subject requires review
10 Best Crime Movies Nobody Talks About Anymore,2026-05-04T15:10:00+00:00,,no,https://www.slashfilm.com/2160485/best-crime-movies-nobody-talks-about-anymore/,,,,Subject requires review
Steven Spielberg's Acting Advice To Josh O'Connor Was Too Good To Be True,2026-05-04T16:00:00+00:00,,no,https://www.slashfilm.com/2160797/steven-spielberg-disclosure-day-josh-oconnor-hilarious-acting-advice/,,,,Subject requires review
Marshals Episode 10 Introduces A Dark Yellowstone Twist That Changes Everything For Kayce Dutton - SlashFilm,2026-05-04T18:45:00+00:00,,no,https://www.slashfilm.com/2164065/marshals-episode-10-dark-yellowstone-twist-kayce-dutton-neil-ranch-hand/,,,,Subject requires review
Where To Stream Malcolm In The Middle (Including The 2026 Revival) - SlashFilm,2026-05-04T21:20:00+00:00,,no,https://www.slashfilm.com/2164249/where-stream-malcolm-in-the-middle-revival/,,,,Subject requires review
5 Reasons Why The Devil Wears Prada 2 Ruled The Box Office - SlashFilm,2026-05-04T23:00:00+00:00,,no,https://www.slashfilm.com/2164285/the-devil-wears-prada-2-box-office-success-reasons/,,,,Subject requires review
Landman Season 3 Release Gets Positive Update From Director - SlashFilm,2026-05-05T00:45:00+00:00,,no,https://www.slashfilm.com/2164343/landman-season-3-release-update-director/,,,,Subject requires review
The Odyssey Trailer: Matt Damon Fights Monsters To Get Back Home In Christopher Nolan,2026-05-05T10:57:47+00:00,,no,https://www.slashfilm.com/2164732/the-odyssey-trailer-matt-damon-christopher-nolan/,,,,Subject requires review
Robert De Niro And Matt Damon Teamed Up For This Slow Burn '60s-Set Spy Thriller,2026-05-05T12:00:00+00:00,,no,https://www.slashfilm.com/2161341/robert-de-niro-matt-damon-60s-spy-thriller-the-good-shepherd/,,,,Subject requires review
Tony Trailer: A24's Anthony Bourdain Biopic Actually Looks...Good?,2026-05-05T13:05:03+00:00,,no,https://www.slashfilm.com/2164836/tony-trailer-a24-anthony-bourdain-biopic/,,,,Subject requires review
I've Been Reading Daredevil Comics For 15 Years - Here's What Born Again Gets Right (And Wrong),2026-05-05T14:00:00+00:00,,no,https://www.slashfilm.com/2163334/what-daredevil-born-again-tv-show-gets-right-wrong-comics/,,,,Subject requires review
The Drama: How To Watch Robert Pattinson & Zendaya's A24 Movie At Home,2026-05-05T14:20:16+00:00,,no,https://www.slashfilm.com/2164940/how-watch-the-drama-home-robert-pattinson-zendaya-a24-movie/,,,,Subject requires review
Kevin Bacon Wishes His '80s Comedy From A Beloved Director Hadn't Flopped,2026-05-05T15:00:00+00:00,,no,https://www.slashfilm.com/2161448/kevin-bacon-john-hughes-80s-comedy-flop-shes-having-a-baby/,,,,Subject requires review
10 Most Rewatchable Movies Of The '80s,2026-05-05T15:10:00+00:00,,no,https://www.slashfilm.com/2162287/most-rewatchable-movies-80s/,,,,Subject requires review
Dropout CEO Sam Reich Takes Us Inside Game Changer: Home Edition [Exclusive] - SlashFilm,2026-05-05T16:15:00+00:00,,no,https://www.slashfilm.com/2164326/dropout-ceo-sam-reich-game-changer-home-edition-interview/,,,,Subject requires review
The Boys' Antony Starr Once Played A Biblical Superhero On A Hit Action TV Series,2026-05-05T17:00:00+00:00,,no,https://www.slashfilm.com/2161617/the-boys-antony-starr-biblical-hero-david-xena-warrior-princess/,,,,Subject requires review
How 28 Years Later: The Bone Temple's Director Feels About It Flopping At The Box Office,2026-05-05T17:45:00+00:00,,no,https://www.slashfilm.com/2165257/28-years-later-the-bone-temple-director-nia-dacosta-box-office-flop-feelings/,,,,Subject requires review
Christopher Nolan's The Odyssey Trailer Has One Major Issue (And It's Really Bugging Us),2026-05-05T21:00:00+00:00,,no,https://www.slashfilm.com/2165541/christopher-nolan-the-odyssey-trailer-issue-dialogue/,,,,Subject requires review
Tom Hiddleston's Scrapped Daredevil: Born Again Role Explained By Charlie Cox,2026-05-05T22:00:00+00:00,,no,https://www.slashfilm.com/2165559/tom-hiddleston-scrapped-daredevil-born-again-role-explained-charlie-cox/,,,,Subject requires review
William Shatner Played Himself In This Eddie Murphy Comedy That Critics Tore To Shreds - SlashFilm,2026-05-05T23:00:00+00:00,,no,https://www.slashfilm.com/2161455/william-shatner-eddie-murphy-comedy-showtime/,,,,Subject requires review
Daredevil: Born Again Season 2 Finale Ending Explained: How It Sets Up Season 3 - SlashFilm,2026-05-06T02:15:00+00:00,,no,https://www.slashfilm.com/2165352/daredevil-born-again-season-2-finale-ending-explained/,,,,Subject requires review
Daredevil: Born Again Season 2's Most Controversial Choice Demands A Closer Look,2026-05-06T02:30:00+00:00,,no,https://www.slashfilm.com/2165504/daredevil-born-again-season-2-finale-most-controversial-choice/,,,,Subject requires review
What's The Song At The End Of The Daredevil: Born Again Season 2 Finale?,2026-05-06T13:00:00+00:00,,no,https://www.slashfilm.com/2164147/daredevil-born-again-season-2-finale-ending-song-radiohead-pyramid-song/,,,,Subject requires review
"Ted Turner, Media Mogul Behind CNN, TCM, And Cartoon Network, Dead At 87 - SlashFilm",2026-05-06T15:01:01+00:00,,no,https://www.slashfilm.com/2166074/ted-turner-cnn-tcm-cartoon-network-creator-dead-obituary/,,,,Subject requires review
Mortal Kombat II Review: A (Mostly) Flawless Victory For Video Game And Martial-Arts Fans - SlashFilm,2026-05-06T16:00:00+00:00,,no,https://www.slashfilm.com/2165056/mortal-kombat-2-movie-review/,,,,Subject requires review
The Boys Season 5: [Spoiler] Actor Explains How They Really Feel About Being Killed Off [Exclusive] - SlashFilm,2026-05-06T17:00:00+00:00,,no,https://www.slashfilm.com/2166027/nathan-mitchell-black-noir-the-boys-season-5-death-interview/,,,,Subject requires review
Does Mortal Kombat 2 Have A Post-Credits Scene? A Spoiler-Free Guide - SlashFilm,2026-05-06T17:27:33+00:00,,no,https://www.slashfilm.com/2166272/mortal-kombat-2-post-credits-scene-guide/,,,,Subject requires review
The Boys Season 5 Includes A Surprise Return From A Season 3 Guest Star - SlashFilm,2026-05-06T18:00:00+00:00,,no,https://www.slashfilm.com/2165599/paul-reiser-the-boys-season-5-return-explained/,,,,Subject requires review
"The Boys Season 5, Episode 6 Delivers A Major Turning Point For The Deep - SlashFilm",2026-05-06T19:00:00+00:00,,no,https://www.slashfilm.com/2164977/the-boys-season-5-episode-6-the-deep-turning-point-black-noir-death/,,,,Subject requires review
The Boys Season 5 Sets Up The Vought Rising Spin-Off With A Soldier Boy Twist - SlashFilm,2026-05-06T20:00:00+00:00,,no,https://www.slashfilm.com/2165936/the-boys-season-5-setup-vought-rising-prequel-spin-off-soldier-boy-twist/,,,,Subject requires review
The Boys Has A Deleted Scene That Explains One Of Season 5's Strangest Mysteries [Exclusive],2026-05-06T22:00:00+00:00,,no,https://www.slashfilm.com/2166119/the-boys-season-5-deleted-scene-black-noir-not-speaking-mystery-explained/,,,,Subject requires review
Depicting Daredevil's Sensory Vision In Born Again Was Even Bolder Than It Looks [Exclusive],2026-05-06T22:45:00+00:00,,no,https://www.slashfilm.com/2163985/daredevil-born-again-sensory-vision-explained-cinematographer-interview/,,,,Subject requires review
Daredevil: Born Again Season 2's Sopranos References Go Deeper Than You Think [Exclusive],2026-05-07T13:00:00+00:00,,no,https://www.slashfilm.com/2165010/daredevil-born-again-season-2-sopranos-references-explained/,,,,Subject requires review
Hocus Pocus 3 Can Make Up For The Second Movie's Biggest Mistake,2026-05-07T16:00:00+00:00,,no,https://www.slashfilm.com/2166521/hocus-pocus-3-second-movie-biggest-mistake-disney-plus-release/,,,,Subject requires review
We Asked A Real Life Lawyer: Is Daredevil's Matt Murdock A Good Lawyer?,2026-05-07T17:00:00+00:00,,no,https://www.slashfilm.com/2162909/daredevil-matt-murdock-good-lawyer/,,,,Subject requires review
The Boys Creator Eric Kripke Fires Back At Season 5 Filler Episodes Complaints - SlashFilm,2026-05-07T19:00:00+00:00,,no,https://www.slashfilm.com/2167070/the-boys-creator-eric-kripke-season-5-filler-episode-complaints-response/,,,,Subject requires review
The Boys Season 5 Targets AMC And Nicole Kidman With A Hilarious Parody - SlashFilm,2026-05-07T20:00:00+00:00,,no,https://www.slashfilm.com/2167232/the-boys-season-5-amc-nicole-kidman-parody-firecracker/,,,,Subject requires review
Two Players On Survivor 50 Repeated History (In A Bad Way) - SlashFilm,2026-05-07T20:10:38+00:00,,no,https://www.slashfilm.com/2167390/survivor-50-players-repeated-history-ozzy-emily-flippen/,,,,Subject requires review
Andy Serkis' New Movie Based On A Classic Book Flopped At The Box Office,2026-05-07T22:00:00+00:00,,no,https://www.slashfilm.com/2164487/andy-serkis-movie-based-comic-book-animal-farm-box-office-flop/,,,,Subject requires review
Video Game Fans May Have Noticed Mortal Kombat II's Best Cameo,2026-05-07T23:00:00+00:00,,no,https://www.slashfilm.com/2167258/mortal-kombat-2-best-cameo-ed-boon/,,,,Subject requires review
Survivor 50: Why Fans Are Coming For Jeff Probst After Episode 11 - SlashFilm,2026-05-08T00:45:00+00:00,,no,https://www.slashfilm.com/2167479/survivor-50-jeff-probst-fans-hate-episode-11-explained/,,,,Subject requires review
How Mortal Kombat II Sets Up A Third Movie In The Franchise - SlashFilm,2026-05-08T10:45:00+00:00,,no,https://www.slashfilm.com/2167034/mortal-kombat-2-setup-third-movie-franchise/,,,,Subject requires review
"The Sheep Detectives' Craig Mazin Wrote The Script A Decade Ago, And MGM Rescued It [Exclusive Interview]",2026-05-08T13:00:00+00:00,,no,https://www.slashfilm.com/2160209/the-sheep-detectives-writer-craig-mazin-exclusive-interview/,,,,Subject requires review
First Reactions To A24's Backrooms Movie Have Critics United,2026-05-08T13:29:43+00:00,,no,https://www.slashfilm.com/2167754/backrooms-a24-movie-first-reactions/,,,,Subject requires review
It's 2026 And I Just Watched 1995's Mortal Kombat For The First Time – These Are My Honest Thoughts,2026-05-08T14:00:00+00:00,,no,https://www.slashfilm.com/2167696/mortal-kombat-1995-honest-thoughts/,,,,Subject requires review
Why Mortal Kombat II's Quan Chi Looks So Familiar,2026-05-08T15:00:00+00:00,,no,https://www.slashfilm.com/2167208/mortal-kombat-2-quan-chi-actor-damon-herriman/,,,,Subject requires review
10 Best '60s Movies Nobody Talks About Anymore,2026-05-08T15:10:00+00:00,,no,https://www.slashfilm.com/2165170/best-60s-movies-nobody-talks-about-today/,,,,Subject requires review
The Sheep Detective's Cleverest Detail Is Hidden In Plain Sight [Exclusive],2026-05-08T16:00:00+00:00,,no,https://www.slashfilm.com/2162341/the-sheep-detectives-clever-details-director-kyle-balda-interview/,,,,Subject requires review
Mortal Kombat 2 Producer Rages At Critics Following Negative Reviews - SlashFilm,2026-05-08T16:36:15+00:00,,no,https://www.slashfilm.com/2167963/mortal-kombat-2-producer-todd-garner-rage-critics-negative-reviews/,,,,Subject requires review
Mortal Kombat II Director Reveals How They Made Johnny Cage's In-Universe Movie [Exclusive Interview],2026-05-08T17:00:00+00:00,,no,https://www.slashfilm.com/2167805/mortal-kombat-2-director-simon-mcquoid-interview-johnny-cage-in-universe-movie/,,,,Subject requires review
"Despite The Trailers, Johnny Cage Isn't The Main Character In Mortal Kombat II",2026-05-08T21:00:00+00:00,,no,https://www.slashfilm.com/2168257/mortal-kombat-2-main-character-not-johnny-cage-kitana/,,,,Subject requires review
One Of The Best Neo-Noir Crime Thrillers Of The 21st Century Is Streaming On Paramount Plus - SlashFilm,2026-05-09T00:45:00+00:00,,no,https://www.slashfilm.com/2163907/best-neo-noir-crime-thriller-21st-century-memories-of-murder-streaming-paramount-plus/,,,,Subject requires review
Nicolas Cage's Underseen 2002 War Movie Was Directed By A Living Action Legend,2026-05-09T11:45:00+00:00,,no,https://www.slashfilm.com/2162271/nicolas-cage-2002-war-movie-windtalkers-directed-john-woo/,,,,Subject requires review
Rick And Morty Creator Dan Harmon Has A Galaxy Brained Take On Canon You Have To Read To Believe - SlashFilm,2026-05-09T13:00:00+00:00,,no,https://www.slashfilm.com/2165572/rick-and-morty-creator-dan-harmon-canon-take-explained/,,,,Subject requires review
5 Forgotten Superhero Movies That Still Hold Up Today - SlashFilm,2026-05-09T14:00:00+00:00,,no,https://www.slashfilm.com/2167990/forgotten-superhero-movies-still-hold-up-today/,,,,Subject requires review
"The Best Moment In Mortal Kombat II Is A Stephen King Joke (Yes, Really) - SlashFilm",2026-05-09T15:00:00+00:00,,no,https://www.slashfilm.com/2168382/mortal-kombat-2-best-momen-stephen-king-joke-pennywise/,,,,Subject requires review
Project Hail Mary Author Andy Weir Named His Two Favorite Scenes In The Movie - SlashFilm,2026-05-09T18:00:00+00:00,,no,https://www.slashfilm.com/2166661/project-hail-mary-author-andy-weir-favorite-scenes-movie/,,,,Subject requires review
Sonya Blade's Best Mortal Kombat II Moment Was A Last-Minute Addition [Exclusive],2026-05-09T19:00:00+00:00,,no,https://www.slashfilm.com/2168274/sonya-blade-best-mortal-kombat-2-moment-last-minute-addition/,,,,Subject requires review
David Duchovny Nearly Passed On The X-Files For A Worrying Reason - SlashFilm,2026-05-09T20:00:00+00:00,,no,https://www.slashfilm.com/2132609/david-duchovny-almost-passed-the-x-files-fox-reputation/,,,,Subject requires review
How To Watch The Lord Of The Rings Movies At Home - SlashFilm,2026-05-09T21:45:00+00:00,,no,https://www.slashfilm.com/2168353/how-watch-lord-of-the-rings-movies-home-streaming/,,,,Subject requires review
Alfie Allen's Creepy Paramount+ Psychological Thriller Is One Of 2026's Best Shows,2026-05-10T00:00:00+00:00,,no,https://www.slashfilm.com/2166384/alfie-allen-paramount-plus-best-2026-shows-girl-taken/,,,,Subject requires review
Mortal Kombat Studio Execs Had A Wild Casting Idea Involving Danny Glover - SlashFilm,2026-05-10T12:00:00+00:00,,no,https://www.slashfilm.com/2152796/mortal-kombat-studio-execs-wanted-danny-glover-raiden/,,,,Subject requires review
Mortal Kombat II Has A Lord Of The Rings Easter Egg That Makes Perfect Sense - SlashFilm,2026-05-10T16:00:00+00:00,,no,https://www.slashfilm.com/2168283/mortal-kombat-2-lord-of-the-rings-easter-egg/,,,,Subject requires review
Steven Spielberg's Favorite Tom Hardy Performance Is Also The Actor's Most Underrated,2026-05-10T16:20:00+00:00,,no,https://www.slashfilm.com/2161245/steven-spielberg-favorite-tom-hardy-performance-peaky-blinders/,,,,Subject requires review
James Cameron Threatened To Quit Aliens Over Sigourney Weaver,2026-05-10T18:00:00+00:00,,no,https://www.slashfilm.com/2162002/james-cameron-almost-quit-aliens-sigourney-weaver-contract/,,,,Subject requires review
Mortal Kombat II Star Karl Urban Explains Johnny Cage's Silliest Fighting Move (And Its Hilarious Origin) [Exclusive],2026-05-10T18:45:00+00:00,,no,https://www.slashfilm.com/2168539/mortal-kombat-2-star-karl-urban-johnny-cage-silliest-fighting-movie-explained/,,,,Subject requires review
An Arnold Schwarzenegger '90s Flop Bought Ad Space On The Space Shuttle's Exterior,2026-05-10T19:00:00+00:00,,no,https://www.slashfilm.com/2141244/arnold-schwarzenegger-90s-flop-last-action-hero-advertise-space-shuttle/,,,,Subject requires review
American Psycho's Filmmakers Had Two Rules For The Movie - And Broke One Of Them,2026-05-10T20:20:00+00:00,,no,https://www.slashfilm.com/2158219/american-psycho-filmmakers-two-rules-broke-one/,,,,Subject requires review
Chris Hemsworth's Genre-Defining Racing Movie Is A Must-Watch On Paramount Plus,2026-05-10T22:00:00+00:00,,no,https://www.slashfilm.com/2165171/chris-hemsworth-racing-movie-rush-streaming-paramount-plus/,,,,Subject requires review
How To Watch The Hobbit Movies At Home,2026-05-11T00:00:00+00:00,,no,https://www.slashfilm.com/2168364/how-watch-the-hobbit-movies-home-streaming/,,,,Subject requires review
Celebrity Deaths 2026: All The Actors Who Died This Year - SlashFilm,2026-05-11T00:59:02+00:00,,no,https://www.slashfilm.com/2169253/celebrity-deaths-2026-actors-dead/,,,,Subject requires review
16 Best Movies Of 2026 (So Far),2026-05-11T13:00:00+00:00,,no,https://www.slashfilm.com/2168144/best-movies-2026/,,,,Subject requires review
"15 Best '80s Sitcoms, Ranked",2026-05-11T15:10:00+00:00,,no,https://www.slashfilm.com/2167391/best-sitcoms-80s-ranked/,,,,Subject requires review
Ryan Gosling Bombed His Audition For A Beloved 2000s TV Drama - SlashFilm,2026-05-11T15:30:00+00:00,,no,https://www.slashfilm.com/2161237/ryan-gosling-bombed-audition-gilmore-girls/,,,,Subject requires review
"Peacock Developing Fast & Furious TV Series, With Vin Diesel Executive Producing - SlashFilm",2026-05-11T16:40:37+00:00,,no,https://www.slashfilm.com/2169818/fast-and-furious-tv-series-peacock-vin-diesel-executive-producer/,,,,Subject requires review
Yellowstone's Darkest Dutton Secret Is Revealed In Marshals Episode 11,2026-05-11T17:06:55+00:00,,no,https://www.slashfilm.com/2169890/yellowstone-darkest-dutton-secret-marshals-episode-11-train-station/,,,,Subject requires review
What Mortal Kombat 2's Box Office Means For The Future Of The Franchise,2026-05-11T17:45:00+00:00,,no,https://www.slashfilm.com/2169842/mortal-kombat-2-box-office-franchise-future-meaning/,,,,Subject requires review
How Author Freida McFadden Feels About Sydney Sweeney's The Housemaid Adaptation,2026-05-11T19:45:00+00:00,,no,https://www.slashfilm.com/2168292/freida-mcfadden-feelings-sydney-sweeney-the-housemaid-movie-adaptation/,,,,Subject requires review
Mortal Kombat 2's Most Shocking Death Was In Direct Response To Fans,2026-05-11T20:00:00+00:00,,no,https://www.slashfilm.com/2169914/mortal-kombat-2-cole-young-death-explained-writer/,,,,Subject requires review
Sydney Sweeney's 'Godzilla' Scene Has Euphoria Fans All Saying The Same Thing,2026-05-11T20:13:19+00:00,,no,https://www.slashfilm.com/2170183/sydney-sweeney-godzilla-euphoria-scene-fans-saying-same-thing/,,,,Subject requires review
The Boys Creator Responds To One Huge Concern About Spin-Off Series Vought Rising - SlashFilm,2026-05-11T21:00:00+00:00,,no,https://www.slashfilm.com/2170230/the-boys-creator-response-vought-rising-spin-off-series-concern-stormfront/,,,,Subject requires review
How Old Were The Golden Girls Cast Members In Season 1? - SlashFilm,2026-05-11T22:00:00+00:00,,no,https://www.slashfilm.com/2166673/golden-girls-cast-members-season-1-ages/,,,,Subject requires review
Why Misery Director Rob Reiner Cut The Gore From The Stephen King Novel - SlashFilm,2026-05-12T00:45:00+00:00,,no,https://www.slashfilm.com/2159879/why-misery-director-rob-reiner-cut-gore-stephen-king-novel/,,,,Subject requires review
How To Watch Ryan Gosling's Project Hail Mary At Home,2026-05-12T11:13:59+00:00,,no,https://www.slashfilm.com/2170571/how-watch-ryan-gosling-project-hail-mary-home/,,,,Subject requires review
Why The Simpsons Probably Won't Have A Planet Of The Apes-Style Episode Again,2026-05-12T11:45:00+00:00,,no,https://www.slashfilm.com/2156586/why-the-simpsons-wont-have-planet-of-the-apes-episode-again/,,,,Subject requires review
29 Best TV Shows Of 2026 (So Far),2026-05-12T12:00:00+00:00,,no,https://www.slashfilm.com/2168223/best-tv-shows-2026/,,,,Subject requires review
Lupita Nyong'o Confirmed To Play The Odyssey's Helen Of Troy (With A Twist),2026-05-12T13:06:58+00:00,,no,https://www.slashfilm.com/2170671/lupita-nyongo-the-odyssey-helen-of-troy-confirmation-twist/,,,,Subject requires review
Roger Ebert Despised Keanu Reeves' Cult DC Movie That Still Needs A Sequel,2026-05-12T14:00:00+00:00,,no,https://www.slashfilm.com/2160197/roger-ebert-hated-keanu-reeves-dc-movie-constantine/,,,,Subject requires review
How To Watch Lee Cronin's The Mummy At Home,2026-05-12T15:54:09+00:00,,no,https://www.slashfilm.com/2170911/how-watch-lee-cronins-the-mummy-home/,,,,Subject requires review
"LEGO Reveals A Massive, Expensive Lord Of The Rings Set For Minas Tirith - SlashFilm",2026-05-12T16:00:00+00:00,,no,https://www.slashfilm.com/2170866/lego-lord-of-the-rings-minas-tirith-set-price-photos/,,,,Subject requires review
Don Cheadle's Vietnam War Movie With 100% On Rotten Tomatoes Is Now Streaming On Paramount+,2026-05-12T16:30:00+00:00,,no,https://www.slashfilm.com/2170268/don-cheadle-vietnam-war-movie-hamburger-hill-100-rotten-tomatoes-streaming-paramount-plus/,,,,Subject requires review
Clint Eastwood Felt Actors Of His Era Made One Fatal Mistake - SlashFilm,2026-05-12T17:45:00+00:00,,no,https://www.slashfilm.com/2161129/clint-eastwood-actors-made-mistake-copying-other-performers/,,,,Subject requires review
Jack Nicholson Co-Wrote This Freaky '60s Cult Musical Movie,2026-05-12T18:00:00+00:00,,no,https://www.slashfilm.com/2164534/jack-nicholson-co-writer-60s-cult-musical-movie-head/,,,,Subject requires review
Ewan McGregor's Big Break Came In This Rarely Discussed '90s Mystery Thriller,2026-05-12T18:45:00+00:00,,no,https://www.slashfilm.com/2161305/ewan-mcgregor-big-break-90s-mystery-thriller-shallow-grave/,,,,Subject requires review
Christopher Nolan's The Odyssey Has A Very Cool Interstellar Connection Most Fans Won't Notice,2026-05-12T19:00:00+00:00,,no,https://www.slashfilm.com/2171191/christopher-nolan-the-odyssey-interstellar-connection-bill-irwin-cyclops/,,,,Subject requires review
The One Forgotten Stephen King Story That Most Desperately Needs To Be A Movie - SlashFilm,2026-05-12T20:05:04+00:00,,no,https://www.slashfilm.com/2171310/stephen-king-story-needs-movie-the-girl-who-loved-tom-gordon/,,,,Subject requires review
Francis Ford Coppola Had A Good Reason For Not Wanting To Make The Godfather - SlashFilm,2026-05-12T21:00:00+00:00,,no,https://www.slashfilm.com/2156692/francis-ford-coppola-reason-not-make-the-godfather/,,,,Subject requires review
Project Hail Mary Author Andy Weir Worked On One Of The Biggest Video Game Franchises Ever - SlashFilm,2026-05-12T22:00:00+00:00,,no,https://www.slashfilm.com/2167246/project-hail-mary-author-andy-weir-work-video-game-warcraft/,,,,Subject requires review
Why Andre From The Punisher: One Last Kill Looks So Familiar - SlashFilm,2026-05-13T10:45:00+00:00,,no,https://www.slashfilm.com/2171421/the-punisher-one-last-kill-actor-andre-royo-previous-movies-tv-shows/,,,,Subject requires review
Wildwood Teaser Trailer: Laika's New Stop-Motion Adventure Is Going To Make You Cry,2026-05-13T12:30:00+00:00,,no,https://www.slashfilm.com/2171778/wildwood-trailer-laika/,,,,Subject requires review
Is God Is Review: A Bracing Blend Of Greek Tragedy With Afropunk Grindhouse Wrath - SlashFilm,2026-05-13T12:52:05+00:00,,no,https://www.slashfilm.com/2171831/is-god-is-movie-review/,,,,Subject requires review
The Boys Season 5 Episode 7 Marks The Titular Team's First Major Death,2026-05-13T16:00:00+00:00,,no,https://www.slashfilm.com/2168774/the-boys-season-5-episode-7-frenchie-death-explained/,,,,Subject requires review
A Brief History Of Peter Jackson Not Making That Tintin Sequel He Keeps Promising - SlashFilm,2026-05-13T17:35:24+00:00,,no,https://www.slashfilm.com/2172210/peter-jackson-tintin-sequel-promises-history/,,,,Subject requires review
"Stuart Fails To Save The Universe Trailer: This Big Bang Theory Spin-Off Looks ... Good, Actually - SlashFilm",2026-05-13T18:14:57+00:00,,no,https://www.slashfilm.com/2172248/stuart-fails-to-save-the-universe-trailer-big-bang-theory-spin-off-look-good/,,,,Subject requires review
Why Peter Jackson Isn't Directing The Lord Of The Rings: The Hunt For Gollum,2026-05-13T18:39:29+00:00,,no,https://www.slashfilm.com/2172274/why-peter-jackson-not-directing-the-lord-of-the-rings-the-hunt-for-gollum/,,,,Subject requires review
The Boys Season 5's Gen V Crossover Explained - How It Sets Up The Series Finale,2026-05-13T19:00:00+00:00,,no,https://www.slashfilm.com/2170353/the-boys-season-5-episode-7-gen-v-crossover-explained-finale-setup/,,,,Subject requires review
The Boys Season 5 Mocks Yellowstone Creator Taylor Sheridan's TV Empire,2026-05-13T21:00:00+00:00,,no,https://www.slashfilm.com/2170829/the-boys-season-5-yellowstone-creator-taylor-sheridan-joke/,,,,Subject requires review
The Boys Season 5: Why The Deep's Shark Friend Xander Sounds So Familiar,2026-05-13T22:45:00+00:00,,no,https://www.slashfilm.com/2170234/the-boys-season-5-the-deep-shark-friend-xander-actor-samuel-l-jackson/,,,,Subject requires review
The Boys Season 5 Homages A Supernatural Star Who Didn't Get A Guest Appearance,2026-05-14T00:45:00+00:00,,no,https://www.slashfilm.com/2170612/the-boys-season-5-homage-supernatural-star-baby/,,,,Subject requires review
Fast And Furious 11 Screenwriter Hopes The Upcoming Sequel Will Be Most Similar To This Other Fast Film [Exclusive] - SlashFilm,2026-05-14T12:00:00+00:00,,no,https://www.slashfilm.com/2172573/fast-and-furious-11-screenwriter-hope-sequel-similar-first-movie/,,,,Subject requires review
How To Watch The Super Mario Galaxy Movie At Home - SlashFilm,2026-05-14T12:28:05+00:00,,no,https://www.slashfilm.com/2172750/how-watch-super-mario-galaxy-movie-home/,,,,Subject requires review
"10 Best Historical TV Shows, According To IMDb",2026-05-14T15:10:00+00:00,,no,https://www.slashfilm.com/2169908/best-historical-tv-shows-according-imdb/,,,,Subject requires review
What The Devil Wears Prada 2's Box Office Means For The Future Of The Franchise,2026-05-14T16:00:00+00:00,,no,https://www.slashfilm.com/2172092/the-devil-wears-prada-2-box-office-franchise-future-meaning/,,,,Subject requires review
Survivor 50 Fans Are In Mourning After A Fan-Favorite Player,2026-05-14T18:05:51+00:00,,no,https://www.slashfilm.com/2173109/survivor-50-fans-mourning-player-elimination-cirie-fields/,,,,Subject requires review
Dutton Ranch Reactions: Is Taylor Sheridan's Yellowstone Spin-Off Worth Watching?,2026-05-14T19:00:00+00:00,,no,https://www.slashfilm.com/2173040/dutton-ranch-taylor-sheridan-yellowstone-spin-off-reactions/,,,,Subject requires review
Why Dutton Ranch's Director Wasn't Afraid To Change Beth And Rip's Happy Yellowstone Ending [Exclusive],2026-05-14T22:00:00+00:00,,no,https://www.slashfilm.com/2172282/why-dutton-ranch-director-not-afraid-change-beth-rip-yellowstone-ending/,,,,Subject requires review
11 Best Comedies Of 2026 (So Far),2026-05-15T13:00:00+00:00,,no,https://www.slashfilm.com/2168093/best-comedies-2026/,,,,Subject requires review
Dutton Ranch Episode 1 Reveals The Explosive Reason Why Beth And Rip Moved To Texas - SlashFilm,2026-05-15T15:00:00+00:00,,no,https://www.slashfilm.com/2172786/dutton-ranch-episode-1-why-beth-rip-moved-texas/,,,,Subject requires review
"15 Best Satire Movies Of All Time, Ranked",2026-05-15T15:10:00+00:00,,no,https://www.slashfilm.com/2170008/best-satire-movies-ranked/,,,,Subject requires review
Dutton Ranch Fixes The Main Issues Yellowstone Fans Have With Marshals - SlashFilm,2026-05-15T16:00:00+00:00,,no,https://www.slashfilm.com/2173230/dutton-ranch-fix-main-issues-yellowstone-fans-marshals/,,,,Subject requires review
How Obsession's Director Feels About Cut Scenes To Avoid NC-17 Rating [Exclusive],2026-05-15T19:00:00+00:00,,no,https://www.slashfilm.com/2172591/obsession-director-cut-scenes-avoid-nc-17-rating-feelings/,,,,Subject requires review
Dutton Ranch Brings Back A Familiar Yellowstone Storyline - SlashFilm,2026-05-15T21:00:00+00:00,,no,https://www.slashfilm.com/2173161/dutton-ranch-return-yellowstone-storyline-step-siblings/,,,,Subject requires review
How Obsession Found The Perfect Actress For Nikki [Exclusive] - SlashFilm,2026-05-15T23:00:00+00:00,,no,https://www.slashfilm.com/2173439/how-obsession-movie-found-perfect-actress-nikki/,,,,Subject requires review
8 Best Action Movies Of 2026 (So Far),2026-05-16T10:45:00+00:00,,no,https://www.slashfilm.com/2168182/best-action-movies-2026/,,,,Subject requires review
The Boys Season 5 Finally Gives An Explanation For The Mother,2026-05-16T11:45:00+00:00,,no,https://www.slashfilm.com/2171849/the-boys-season-5-mothers-milk-nickname-explained/,,,,Subject requires review
Yellowstone Spin-Off Dutton Ranch Flips One Of Beth Dutton's Biggest Trends,2026-05-16T13:00:00+00:00,,no,https://www.slashfilm.com/2172805/yellowstone-spin-off-dutton-ranch-beth-dutton-trend/,,,,Subject requires review
How Kevin McKidd Really Feels About Owen Hunt's Grey's Anatomy Ending,2026-05-16T15:00:00+00:00,,no,https://www.slashfilm.com/2172427/kevin-mckidd-owen-hunt-greys-anatomy-ending-feelings/,,,,Subject requires review
The Boys' Forgotten Short Film Gave Karl Urban's Butcher The Spotlight,2026-05-16T16:00:00+00:00,,no,https://www.slashfilm.com/2172158/the-boys-forgotten-short-film-spotlight-karl-urban-butcher/,,,,Subject requires review
Rip Wheeler Keeps A Yellowstone Tradition Alive In Dutton Ranch Episode 2 - SlashFilm,2026-05-16T16:30:00+00:00,,no,https://www.slashfilm.com/2172829/dutton-ranch-episode-2-rip-wheeler-yellowstone-tradition/,,,,Subject requires review
A Key Dutton Ranch Episode 2 Scene Was Extremely Tricky To Shoot [Exclusive] - SlashFilm,2026-05-16T18:00:00+00:00,,no,https://www.slashfilm.com/2173681/dutton-ranch-episode-2-scene-tricky-shoot/,,,,Subject requires review
For All Mankind Season 5 Forms An Unexpected Alliance That Changes Everything - SlashFilm,2026-05-16T19:00:00+00:00,,no,https://www.slashfilm.com/2173746/for-all-mankind-season-5-alliance-changes-everything-irina-morozova-martian-rebels/,,,,Subject requires review
Why Dustin Hoffman Turned Down The Lead In One Of Martin Scorsese,2026-05-16T23:00:00+00:00,,no,https://www.slashfilm.com/2170059/why-dustin-hoffman-turned-down-lead-martin-scorsese-taxi-driver/,,,,Subject requires review
Yellowstone Spin-Off Dutton Ranch Is Already Succeeding Where Marshals Failed - SlashFilm,2026-05-17T10:45:00+00:00,,no,https://www.slashfilm.com/2172867/yellowstone-spin-off-dutton-ranch-success-where-marshals-failed/,,,,Subject requires review
We Asked Four Animators: What's The Hardest Thing To Draw?,2026-05-17T12:00:00+00:00,,no,https://www.slashfilm.com/2171277/animators-hardest-thing-draw/,,,,Subject requires review
How To Watch Markiplier's Iron Lung At Home,2026-05-17T14:22:35+00:00,,no,https://www.slashfilm.com/2174838/how-watch-iron-lung-markiplier-at-home/,,,,Subject requires review
Dutton Ranch Episode 2 Reveals The Replacement For Yellowstone,2026-05-17T16:20:00+00:00,,no,https://www.slashfilm.com/2173654/dutton-ranch-episode-2-yellowstone-train-station-replacement/,,,,Subject requires review
Edward James Olmos Would Have Left Battlestar Galactica Over One Condition - SlashFilm,2026-05-17T17:00:00+00:00,,no,https://www.slashfilm.com/2149804/edward-james-olmos-almost-left-battlestar-galactica-condition-no-aliens/,,,,Subject requires review
Why The Elves Leave Middle-Earth In The Lord Of The Rings - SlashFilm,2026-05-17T18:00:00+00:00,,no,https://www.slashfilm.com/2171273/why-elves-leave-middle-earth-the-lord-of-the-rings/,,,,Subject requires review
Bugonia Ending Explained: What Yorgos Lanthimos Was Saying With That Conclusion - SlashFilm,2026-05-17T18:45:00+00:00,,no,https://www.slashfilm.com/2158708/bugonia-2025-movie-ending-explained/,,,,Subject requires review
James Cameron Enlisted A Legendary Alien Star To Help Him Pitch The Terminator To Investors - SlashFilm,2026-05-17T21:00:00+00:00,,no,https://www.slashfilm.com/2170938/james-cameron-enlisted-alien-star-lance-henriksen-pitch-the-terminator/,,,,Subject requires review
One Of Clint Eastwood's Best Movies Was Also One Of The First To Release A Trailer Online,2026-05-18T10:45:00+00:00,,no,https://www.slashfilm.com/2170718/clint-eastwood-best-movies-in-the-line-of-fire-first-release-trailer-online/,,,,Subject requires review
Stanley Kubrick's Napoleon May Truly Be The Greatest Movie Never Made,2026-05-18T11:30:00+00:00,,no,https://www.slashfilm.com/2173818/stanley-kubrick-napoleon-greatest-movie-never-made/,,,,Subject requires review
"Before Yellowstone, Cole Hauser Had A Small Role In Ben Affleck",2026-05-18T15:00:00+00:00,,no,https://www.slashfilm.com/2171365/yellowstone-cole-hauser-ben-affleck-best-90s-movie-good-will-hunting/,,,,Subject requires review
Who Voices Sauron In The Lord Of The Rings And The Hobbit Movies - SlashFilm,2026-05-18T15:30:00+00:00,,no,https://www.slashfilm.com/2171510/sauron-the-lord-of-the-rings-the-hobbit-movies-voice-actors/,,,,Subject requires review
5 Things We Learned About Masters Of The Universe From Director Travis Knight - SlashFilm,2026-05-18T16:00:00+00:00,,no,https://www.slashfilm.com/2175372/masters-of-the-universe-movie-director-travis-knight-details/,,,,Subject requires review
The Bear's Downfall Can Be Tracked Back To One Moment,2026-05-18T16:45:00+00:00,,no,https://www.slashfilm.com/2174160/the-bear-downfall-moment/,,,,Subject requires review
Dune's Awesome Ornithopters Created 'A Huge Problem' For Masters Of The Universe [Set Visit],2026-05-18T17:45:00+00:00,,no,https://www.slashfilm.com/2175389/dune-ornithopters-masters-of-the-universe-problem/,,,,Subject requires review
He-Man's Costume Got One Major Change For Masters Of The Universe [Set Visit],2026-05-18T18:45:00+00:00,,no,https://www.slashfilm.com/2175459/he-man-costume-change-masters-of-the-universe-underwear/,,,,Subject requires review
"Here's What Gen V Season 3 Would've Been About, According To The Boys Creator Eric Kripke",2026-05-18T19:45:00+00:00,,no,https://www.slashfilm.com/2175695/gen-v-season-3-plans-explained-the-boys-creator-eric-kripke/,,,,Subject requires review
Marshals Episode 12 Gives Kayce Something Yellowstone Fans Have Waited Years To See - SlashFilm,2026-05-18T20:00:00+00:00,,no,https://www.slashfilm.com/2175848/marshals-episode-12-kayce-yellowstone-fans-waited-years-see/,,,,Subject requires review
Obsession's Music Store Was Featured In A Beloved '90s Movie,2026-05-18T21:20:00+00:00,,no,https://www.slashfilm.com/2175989/obsession-movie-music-store-90s-waynes-world/,,,,Subject requires review
Survivor Star Parvati Shallow Knows Exactly Why The New Era Isn,2026-05-18T22:00:00+00:00,,no,https://www.slashfilm.com/2172344/survivor-star-parvati-shallow-why-new-era-not-working/,,,,Subject requires review
Why The Twilight Zone's Most Depressing Episode Still Divides Fans,2026-05-18T23:45:00+00:00,,no,https://www.slashfilm.com/2164340/why-the-twilight-zone-time-enough-at-last-divides-fans/,,,,Subject requires review
One Masters Of The Universe Character Transformation Took 8 Hours Of Makeup [Set Visit] - SlashFilm,2026-05-19T00:45:00+00:00,,no,https://www.slashfilm.com/2175992/masters-of-the-universe-character-transformation-8-hours-makeup-goat-man/,,,,Subject requires review
5 Forgotten '80s War Movies That Still Hold Up Today,2026-05-19T10:45:00+00:00,,no,https://www.slashfilm.com/2175664/forgotten-80s-war-movies-still-hold-up-today/,,,,Subject requires review
The Devil Wears Prada 2's Box Office Shows How Far Superhero Movies Have Fallen,2026-05-19T11:45:00+00:00,,no,https://www.slashfilm.com/2175943/the-devil-wears-prada-2-box-office-superhero-movies-downfall/,,,,Subject requires review
Roger Ebert Loved This Harrison Ford Action Comedy That Other Critics Hated - SlashFilm,2026-05-19T12:00:00+00:00,,no,https://www.slashfilm.com/2169549/roger-ebert-loved-harrison-ford-action-comedy-hollywood-homicide-critics-hated/,,,,Subject requires review
"I Love Boosters Review: A Delirious, Overwhelming, And Hilarious Satire - SlashFilm",2026-05-19T12:25:20+00:00,,no,https://www.slashfilm.com/2176349/i-love-boosters-movie-review/,,,,Subject requires review
This Masters Of The Universe Vehicle Was A Toy Nightmare For Mattel [Set Visit] - SlashFilm,2026-05-19T14:00:00+00:00,,no,https://www.slashfilm.com/2176436/masters-of-the-universe-vehicle-toy-nightmare-mattel-roton/,,,,Subject requires review
First Masters Of The Universe Movie Reactions Have Critics Saying The Same Thing - SlashFilm,2026-05-19T14:47:34+00:00,,no,https://www.slashfilm.com/2176521/masters-of-the-universe-movie-reactions-critics-saying-same-thing/,,,,Subject requires review
Henry Cavill And Jake Gyllenhaal's New Action Movie Bombed At The Box Office,2026-05-19T15:00:00+00:00,,no,https://www.slashfilm.com/2176022/henry-cavill-jake-gyllenhaal-action-movie-box-office-bomb-in-the-grey/,,,,Subject requires review
"15 Best Martial Arts Movies Of All Time, Ranked",2026-05-19T15:10:00+00:00,,no,https://www.slashfilm.com/2172418/best-martial-arts-movies-ranked/,,,,Subject requires review
Dutton Ranch's Kevin Costner Tribute Explained By Yellowstone Star Cole Hauser,2026-05-19T16:00:00+00:00,,no,https://www.slashfilm.com/2176530/dutton-ranch-kevin-costner-tribute-explained-yellowstone-cole-hauser/,,,,Subject requires review
The Battlestar Galactica Character You Didn't Know Was Played By A Chimpanzee,2026-05-19T16:30:00+00:00,,no,https://www.slashfilm.com/2162082/battlestar-galactica-muffit-the-daggit-played-chimpanzee/,,,,Subject requires review
"Charlie Chaplin Almost Played Napoleon, With The Least Likely Screenwriter Imaginable - SlashFilm",2026-05-19T17:00:00+00:00,,no,https://www.slashfilm.com/2176041/charlie-chaplin-napoleon-movie-winston-churchill/,,,,Subject requires review
Devil May Cry Season 2's James Van Der Beek Tribute Explained,2026-05-19T17:45:00+00:00,,no,https://www.slashfilm.com/2176724/devil-may-cry-season-2-james-van-der-beek-tribute-explained/,,,,Subject requires review
Samuel L. Jackson's The Boys Cameo Explained By Creator Eric Kripke,2026-05-19T18:00:00+00:00,,no,https://www.slashfilm.com/2176845/samuel-l-jackson-cameo-the-boys-explained-creator-eric-kripke/,,,,Subject requires review
A Rule Named After Clint Eastwood Prevented Him From A Director,2026-05-19T19:00:00+00:00,,no,https://www.slashfilm.com/2173590/clint-eastwood-rule-prevented-director-credit-movie-tightrope/,,,,Subject requires review
Jacob Lofland Was Drawn Towards Landman For A Deeply Emotional Reason - SlashFilm,2026-05-19T20:00:00+00:00,,no,https://www.slashfilm.com/2170405/jacob-lofland-emotional-themes-landman/,,,,Subject requires review
The Controversy Over Christopher Nolan's The Odyssey Is Just Manufactured Hot Air,2026-05-19T20:00:00+00:00,,no,https://www.slashfilm.com/2176999/christopher-nolan-the-odyssey-controversy-manufactured-hot-air/,,,,Subject requires review
Harry Potter: Severus Snape's Childhood Explained,2026-05-19T22:00:00+00:00,,no,https://www.slashfilm.com/2161163/harry-potter-severus-snape-childhood-explained/,,,,Subject requires review
Passenger Director Is Ready To Make Scary Stories To Tell In The Dark 2 — But There,2026-05-20T13:00:00+00:00,,no,https://www.slashfilm.com/2176062/passenger-director-scary-stories-to-tell-in-the-dark-2-update/,,,,Subject requires review
"10 Best Cher Movies, Ranked",2026-05-20T15:10:00+00:00,,no,https://www.slashfilm.com/2173156/cher-best-movies-ranked/,,,,Subject requires review
"All 7 Seasons Of The Boys & Gen V, Ranked",2026-05-20T16:00:00+00:00,,no,https://www.slashfilm.com/2175463/the-boys-gen-v-seasons-ranked/,,,,Subject requires review
Every Major The Boys Series Finale Death Explained - SlashFilm,2026-05-20T17:00:00+00:00,,no,https://www.slashfilm.com/2177564/the-boys-series-finale-deaths-explained/,,,,Subject requires review
The Boys Series Finale Leaves A Major Question About Vought Rising - SlashFilm,2026-05-20T19:00:00+00:00,,no,https://www.slashfilm.com/2177350/the-boys-series-finale-vought-rising-question-soldier-boy/,,,,Subject requires review
Euphoria Actress Nika King Reacts To Having Just One Line In Season 3 Episode - SlashFilm,2026-05-20T20:31:21+00:00,,no,https://www.slashfilm.com/2178149/nika-king-euphoria-season-3-episode-one-line-reaction-rue-mother/,,,,Subject requires review
How Dune Author Brian Herbert Feels About The Timothée Chalamet Movies - SlashFilm,2026-05-21T10:45:00+00:00,,no,https://www.slashfilm.com/2178095/dune-author-brian-herbert-feelings-timothee-chalamet-movies/,,,,Subject requires review
"The Rick And Morty Movie Is Happening, And Producers Tease What Fans Can Expect - SlashFilm",2026-05-21T12:00:00+00:00,,no,https://www.slashfilm.com/2178206/rick-and-morty-movie-producers-tease-interview/,,,,Subject requires review
"10 Worst TV Show Revivals Of All Time, Ranked",2026-05-21T15:10:00+00:00,,no,https://www.slashfilm.com/2173087/worst-tv-show-revivals-ranked/,,,,Subject requires review
The Boys Series Finale Almost Featured A Cameo From A Fan-Favorite Hero - SlashFilm,2026-05-21T15:54:04+00:00,,no,https://www.slashfilm.com/2178585/the-boys-series-finale-queen-maeve-scrapped-cameo/,,,,Subject requires review
The Original Jackass Episodes Are Finally Back On Paramount+ In Their Proper Form - SlashFilm,2026-05-21T16:38:21+00:00,,no,https://www.slashfilm.com/2178679/original-jackass-episodes-streaming-paramount-plus/,,,,Subject requires review
The Boys: The Biggest Differences Between The Show And Comic Book Ending - SlashFilm,2026-05-21T17:00:00+00:00,,no,https://www.slashfilm.com/2178620/the-boys-series-finale-comic-book-ending-differences/,,,,Subject requires review
The Boys Season 3 Deleted Scene Would Have Changed A Major Soldier Boy Moment - SlashFilm,2026-05-21T19:00:00+00:00,,no,https://www.slashfilm.com/2177247/the-boys-season-3-deleted-scene-soldier-boy-crimson-countess-death/,,,,Subject requires review
Jeff Probst's Survivor 50 Finale Spoiler Has Fans Losing Their Minds,2026-05-21T19:23:58+00:00,,no,https://www.slashfilm.com/2178885/jeff-probst-survivor-season-50-finale-spoiler/,,,,Subject requires review
The Boys Fans All Have The Same Complaint About The Deep After The Finale (And They,2026-05-21T20:00:00+00:00,,no,https://www.slashfilm.com/2178920/the-boys-fans-same-complaint-the-deep-underwater-powers/,,,,Subject requires review
The Odyssey's Rumored Runtime Makes It Christopher Nolan's Second-Longest Movie,2026-05-21T20:25:38+00:00,,no,https://www.slashfilm.com/2178984/christopher-nolan-the-odyssey-movie-rumored-runtime/,,,,Subject requires review
The Odyssey Star Lupita Nyong'o Responds To Racist Helen Of Troy Casting Backlash,2026-05-21T22:29:11+00:00,,no,https://www.slashfilm.com/2179077/lupita-nyongo-the-odyssey-helen-of-troy-racist-casting-backlash-response/,,,,Subject requires review
The Boys Series Finale Resolves The Fate Of One Forgotten Character - SlashFilm,2026-05-21T23:26:32+00:00,,no,https://www.slashfilm.com/2179099/the-boys-series-finale-resolves-fate-character-jim-beaver-bob-singer/,,,,Subject requires review
Survivor 50 Should Have Been Landmark Television – Here's Why It Absolutely Stinks,2026-05-22T00:45:00+00:00,,no,https://www.slashfilm.com/2179086/why-survivor-season-50-stinks/,,,,Subject requires review
How The Boys Series Finale Wastes Gen V's Best Characters,2026-05-22T11:30:00+00:00,,no,https://www.slashfilm.com/2176798/the-boys-series-finale-waste-gen-v-best-characters/,,,,Subject requires review
Why Tom Hardy Was Fired From Paramount's MobLand Season 3,2026-05-22T14:09:10+00:00,,no,https://www.slashfilm.com/2179346/why-tom-hardy-fired-mobland-season-3-paramount-plus/,,,,Subject requires review
"The Boys Season 5: Every Main Character's Ending, Ranked",2026-05-22T15:10:00+00:00,,no,https://www.slashfilm.com/2178899/the-boys-season-5-main-characters-endings-ranked/,,,,Subject requires review
Dutton Ranch Episode 3: Beth Dutton Makes A Subtle But Dark Yellowstone Callback - SlashFilm,2026-05-22T16:00:00+00:00,,no,https://www.slashfilm.com/2178278/dutton-ranch-episode-3-beth-dutton-devasting-yellowstone-callback-jamie/,,,,Subject requires review
Jared Leto's Absence From Masters Of The Universe Marketing Raises Questions,2026-05-22T18:35:28+00:00,,no,https://www.slashfilm.com/2179624/jared-leto-masters-of-the-universe-movie-marketing-absence-questions/,,,,Subject requires review
The Boys' Comic Book Ending Did One Thing Way Better Than The Show,2026-05-22T20:34:15+00:00,,no,https://www.slashfilm.com/2179777/the-boys-comic-book-ending-one-thing-better-than-show/,,,,Subject requires review
Yellowstone's Dutton Ranch Spin-Off Feels Like It's Setting Up A Landman Crossover,2026-05-23T00:45:00+00:00,,no,https://www.slashfilm.com/2178280/yellowstone-dutton-ranch-spin-off-landman-crossover/,,,,Subject requires review
Don't Be Surprised If Passenger Starts A New Franchise [Exclusive],2026-05-23T13:00:00+00:00,,no,https://www.slashfilm.com/2178396/passenger-sequel-chances-director-andre-ovredal/,,,,Subject requires review
Backrooms Could Be The Biggest Surprise Box Office Hit Of The Summer - SlashFilm,2026-05-23T14:00:00+00:00,,no,https://www.slashfilm.com/2179026/backrooms-box-office-preview/,,,,Subject requires review
"Quentin Tarantino And Roger Ebert's Feud, Explained",2026-05-23T16:30:00+00:00,,no,https://www.slashfilm.com/2179025/quentin-tarantino-roger-ebert-feud-explained/,,,,Subject requires review
Clint Eastwood Rejected A Comic Book Movie Because He Supposedly Didn,2026-05-23T17:00:00+00:00,,no,https://www.slashfilm.com/2178273/clint-eastwood-rejected-comic-book-movie-dick-tracy/,,,,Subject requires review
5 Best Movies Like Obsession,2026-05-23T20:47:00+00:00,,no,https://www.slashfilm.com/2180108/best-movies-like-obsession/,,,,Subject requires review
5 Movies To Watch If You Like Timothée Chalamet's Marty Supreme,2026-05-23T22:00:00+00:00,,no,https://www.slashfilm.com/2175976/movies-like-timothee-chalamet-marty-supreme/,,,,Subject requires review
"Before Dutton Ranch, Joaquin Actor Juan Pablo Raba Starred In This Liam Neeson Action Movie - SlashFilm",2026-05-23T23:00:00+00:00,,no,https://www.slashfilm.com/2179514/dutton-ranch-joaquin-juan-pablo-raba-liam-neeson-action-movie-the-marksman/,,,,Subject requires review
The Twilight Zone Plot Twist That Ruined An Otherwise Perfect Episode - SlashFilm,2026-05-24T00:00:00+00:00,,no,https://www.slashfilm.com/2165636/the-twilight-zone-plot-twist-ruined-episode-the-jungle/,,,,Subject requires review
The Only Clint Eastwood Movie To Earn One Star From Roger Ebert Was A Major Flop - SlashFilm,2026-05-24T12:00:00+00:00,,no,https://www.slashfilm.com/2179685/clint-eastwood-flop-pink-cadillac-one-star-review-roger-ebert/,,,,Subject requires review
"15 Best Alien Invasion Movies Ever Made, Ranked",2026-05-24T15:10:00+00:00,,no,https://www.slashfilm.com/2175900/best-alien-invasion-movies-ever-ranked/,,,,Subject requires review
Let Hollywood's Favorite Little Weirdo Read You The Odyssey Before Christopher Nolan's Movie Arrives,2026-05-24T16:20:00+00:00,,no,https://www.slashfilm.com/2179742/dan-stevens-the-odyssey-audiobook-listen-before-christopher-nolan-movie/,,,,Subject requires review
Scary Movie 2 Was Nearly This Oscar-Winning Legend's Final Major Project,2026-05-24T18:45:00+00:00,,no,https://www.slashfilm.com/2177565/scary-movie-2-almost-marlon-brando-final-project/,,,,Subject requires review
5 Movies That Roger Ebert Was Completely Wrong About - SlashFilm,2026-05-25T00:45:00+00:00,,no,https://www.slashfilm.com/2179412/movies-roger-ebert-wrong-opinion/,,,,Subject requires review
Rick And Morty Season 9 Brings Back The Show's Biggest Villain,2026-05-25T03:30:00+00:00,,no,https://www.slashfilm.com/2177591/rick-and-morty-season-9-evil-morty-return-explained/,,,,Subject requires review
5 Best Movies To Watch On Memorial Day,2026-05-25T14:00:00+00:00,,no,https://www.slashfilm.com/2178519/best-movies-watch-memorial-day/,,,,Subject requires review
"All 9 Nicolas Cage Superhero Movies And TV Shows, Ranked (Including Spider-Noir) - SlashFilm",2026-05-25T15:10:00+00:00,,no,https://www.slashfilm.com/2175708/nicolas-cage-superhero-movies-tv-shows-ranked/,,,,Subject requires review
How Project Hail Mary Author Andy Weir Worked Directly With Ryan Gosling On The Movie - SlashFilm,2026-05-25T15:30:00+00:00,,no,https://www.slashfilm.com/2180282/project-hail-mary-author-andy-weir-worked-with-ryan-gosling/,,,,Subject requires review
David Cronenberg Almost Directed The Best Crime Thriller Sequel Never Made - SlashFilm,2026-05-25T16:00:00+00:00,,no,https://www.slashfilm.com/2178916/david-cronenberg-eastern-promises-2-best-crime-thriller-sequel-never-made/,,,,Subject requires review
"Euphoria Season 3, Episode 7 Kills Off One Of The Show's Main Characters",2026-05-25T17:14:00+00:00,,no,https://www.slashfilm.com/2180636/euphoria-season-3-episode-7-nate-jacobs-death-explained/,,,,Subject requires review
Marshals Is Good Actually And Yellowstone Fans Should Stop Complaining - SlashFilm,2026-05-25T18:45:00+00:00,,no,https://www.slashfilm.com/2179977/marshals-good-yellowstone-fans-should-stop-complaining/,,,,Subject requires review
Obsession's Creepiest Moment Came From A Viral TikTok Trend,2026-05-25T21:00:00+00:00,,no,https://www.slashfilm.com/2180568/obsession-creepiest-moment-viral-tiktok-trend-makeup/,,,,Subject requires review
Marshals Season 1 Finale Gives This Yellowstone Alum A Storyline (But It,2026-05-25T21:20:00+00:00,,no,https://www.slashfilm.com/2180699/marshals-season-1-finale-yellowstone-alum-storyline-tate-dutton-murder/,,,,Subject requires review
Marshals' Shocking Villain Reveal Highlights The Yellowstone Spin-Off's Biggest Failure,2026-05-25T22:00:00+00:00,,no,https://www.slashfilm.com/2180672/marshals-villain-reveal-tom-weaver-yellowstone-spin-off-biggest-failure/,,,,Subject requires review
Did The Marshals Finale Just Set Up A Yellowstone Crossover With Dutton Ranch? - SlashFilm,2026-05-25T23:45:00+00:00,,no,https://www.slashfilm.com/2180731/marshals-season-1-finale-yellowstone-crossover-setup-dutton-ranch/,,,,Subject requires review
Rod Serling's The Twilight Zone Inspired A '80s Music Video That's Still Legendary,2026-05-26T00:45:00+00:00,,no,https://www.slashfilm.com/2177338/rod-serling-the-twilight-zone-inspired-80s-music-video-young-mc-bust-a-move/,,,,Subject requires review
How Project Hail Mary Author Andy Weir Feels About Ray Porter,2026-05-26T10:45:00+00:00,,no,https://www.slashfilm.com/2179944/andy-weir-feelings-ray-porter-project-hail-mary-audiobook/,,,,Subject requires review
Should You Watch Spider-Noir In Black-And-White Or Color? - SlashFilm,2026-05-26T12:00:00+00:00,,no,https://www.slashfilm.com/2180249/spider-noir-watch-black-and-white-or-color-version/,,,,Subject requires review
"One Year Later, Universal's Epic Universe Is Still A Theme Park Triumph",2026-05-26T13:30:00+00:00,,no,https://www.slashfilm.com/2180708/universal-epic-universe-theme-park-one-year-later-review/,,,,Subject requires review
Kelly Reilly And Idris Elba Teamed Up For This 2016 Action Movie We All Forgot About - SlashFilm,2026-05-26T15:00:00+00:00,,no,https://www.slashfilm.com/2179921/kelly-reilly-idris-elba-2016-action-movie-bastille-day/,,,,Subject requires review
"10 Best Alternate History Movies Of All Time, Ranked - SlashFilm",2026-05-26T15:10:00+00:00,,no,https://www.slashfilm.com/2177145/best-alternate-history-movies-ranked/,,,,Subject requires review
Toy Story 5 Footage Reaction: Jessie's Own Adventure Is Much More Than Toys Vs Tech,2026-05-26T16:00:00+00:00,,no,https://www.slashfilm.com/2181066/toy-story-5-footage-reaction-jessie/,,,,Subject requires review
"Conan O'Brien Is Toy Story 5's Best New Character, And You Can Thank An Intern For His Design",2026-05-26T17:00:00+00:00,,no,https://www.slashfilm.com/2181282/conan-obrien-toy-story-5-character-explained/,,,,Subject requires review
House Of The Dragon Star Emma D'Arcy Had The Same Rhaenyra Complaint That Fans Did,2026-05-26T18:45:00+00:00,,no,https://www.slashfilm.com/2181422/house-of-the-dragon-emma-darcy-same-fan-complaint-rhaenyra/,,,,Subject requires review
"40 Years Ago, Disney Released This Dark Kids Movie Filled With Time Travel And Aliens - SlashFilm",2026-05-26T20:00:00+00:00,,no,https://www.slashfilm.com/2181469/disney-1986-time-travel-aliens-movie-flight-of-the-navigator/,,,,Subject requires review
"Toy Story 5 Had To Cut One Character's Backstory, But You'll See Some Of It Eventually [Exclusive]",2026-05-26T20:14:51+00:00,,no,https://www.slashfilm.com/2181580/toy-story-5-cut-character-backstory-bullseye/,,,,Subject requires review
The Hidden Detail In Project Hail Mary Most Fans Never Notice - SlashFilm,2026-05-26T21:00:00+00:00,,no,https://www.slashfilm.com/2181540/project-hail-mary-hidden-cast-detail-ray-porter-cameo-rocky/,,,,Subject requires review
"One Piece Just Delivered A Reunion 20 Years In The Making, And It Might Be The Best Anime Episode Of The Year - SlashFilm",2026-05-26T22:00:00+00:00,,no,https://www.slashfilm.com/2181675/one-piece-episode-1163-reunion-nico-robin-jaguar-d-saul/,,,,Subject requires review
Why Steven Spielberg's Robopocalypse Movie Was Canceled,2026-05-27T00:45:00+00:00,,no,https://www.slashfilm.com/2159865/why-steven-spielberg-robopocalypse-movie-canceled/,,,,Subject requires review
Backrooms Review: Kane Parsons's Debut Is A Skin-Crawling Liminal Nightmare,2026-05-27T10:00:00+00:00,,no,https://www.slashfilm.com/2176810/backrooms-2026-movie-review/,,,,Subject requires review
Does Backrooms Have A Post-Credits Scene? A Spoiler-Free Guide - SlashFilm,2026-05-27T10:15:00+00:00,,no,https://www.slashfilm.com/2177308/backrooms-movie-post-credits-scene-guide/,,,,Subject requires review
5 Things We Learned About Disney World's Cool Kids' Summer 2026,2026-05-27T13:28:05+00:00,,no,https://www.slashfilm.com/2181946/disney-world-cool-kids-summer-2026-things-we-learned/,,,,Subject requires review
"10 Best Pirate Movies Of All Time, Ranked",2026-05-27T15:10:00+00:00,,no,https://www.slashfilm.com/2173879/best-pirate-movies-ranked/,,,,Subject requires review
5 Forgotten '70s Fantasy Movies That Still Hold Up Today,2026-05-27T16:00:00+00:00,,no,https://www.slashfilm.com/2181953/forgotten-70s-fantasy-movies-still-hold-up-today/,,,,Subject requires review
First Reactions To Steven Spielberg's Disclosure Day Have Critics Saying The Same Thing,2026-05-27T17:17:36+00:00,,no,https://www.slashfilm.com/2182223/steven-spielberg-disclosure-day-first-reactions/,,,,Subject requires review
One Spider-Noir Casting Choice Is A 20-Year-Old Noir Callback - SlashFilm,2026-05-27T19:00:00+00:00,,no,https://www.slashfilm.com/2181764/spider-noir-casting-choice-lukas-haas-callback-brick/,,,,Subject requires review
"Margaret Atwood's Cameo In The Testaments Season 1 Finale, Explained",2026-05-27T19:16:20+00:00,,no,https://www.slashfilm.com/2182387/margaret-atwood-the-testaments-season-1-finale-cameo-explained/,,,,Subject requires review
Spider-Noir Creator Explains Why Nicolas Cage's Accent Changes Throughout The Show [Exclusive],2026-05-27T21:00:00+00:00,,no,https://www.slashfilm.com/2175901/spider-noir-creator-nicolas-cage-accent-changes-explained/,,,,Subject requires review
What Are The Backrooms? Origins And History Explained - SlashFilm,2026-05-28T00:45:00+00:00,,no,https://www.slashfilm.com/2182449/the-backrooms-origins-history-explained/,,,,Subject requires review
Spider-Noir Episode 2's Opening Scene Is A Reference To Some Of The Best Film Noir Dialogue Ever,2026-05-28T10:45:00+00:00,,no,https://www.slashfilm.com/2182002/spider-noir-episode-2-opening-scene-reference-best-dialogue-double-indemnity/,,,,Subject requires review
Spider-Noir Episode 3 Showcases One Strange New Use For Spider-Sense - SlashFilm,2026-05-28T13:00:00+00:00,,no,https://www.slashfilm.com/2180489/spider-noir-episode-3-new-use-spider-sense/,,,,Subject requires review
Daredevil: Born Again Season 3 Set Photos Reveal Bullseye With Comic-Accurate Suit & Mask - SlashFilm,2026-05-28T14:21:18+00:00,,no,https://www.slashfilm.com/2182846/daredevil-season-3-set-photos-bullseye-suit-mask/,,,,Subject requires review
Obsession Director Curry Barker Is Being Offered A Massive Payday For His Next Movie - SlashFilm,2026-05-28T15:56:13+00:00,,no,https://www.slashfilm.com/2182946/obsession-director-curry-baker-massive-payday-next-movie/,,,,Subject requires review
Why Spider-Noir Used Megawatt Instead Of Electro - SlashFilm,2026-05-28T16:00:00+00:00,,no,https://www.slashfilm.com/2181930/why-spider-noir-used-megawatt-not-electro/,,,,Subject requires review
Landman Cut A Scene That Revealed A Different Side Of Sam Elliott,2026-05-28T19:00:00+00:00,,no,https://www.slashfilm.com/2182994/landman-deleted-scene-sam-elliott-tl-norris-different-side-softer/,,,,Subject requires review
Spider-Noir Creator Reveals A Scrapped Storyline That Could Make It Into A Possible Season 2 [Exclusive] - SlashFilm,2026-05-28T22:00:00+00:00,,no,https://www.slashfilm.com/2182083/spider-noir-creator-scrapped-storyline-season-2-sticks/,,,,Subject requires review
Backrooms Movie Ending Explained: Who Dies & How It Sets Up A Sequel - SlashFilm,2026-05-28T23:00:00+00:00,,no,https://www.slashfilm.com/2182795/backrooms-movie-ending-explained-deaths-sequel-setup/,,,,Subject requires review
Why Phil From Backrooms Looks So Familiar,2026-05-28T23:30:00+00:00,,no,https://www.slashfilm.com/2183123/phil-backrooms-movie-actor-mark-duplass/,,,,Subject requires review
Yellowstone Fans Are Debating If Marshals Is Actually A Good Spin-Off - SlashFilm,2026-05-29T00:45:00+00:00,,no,https://www.slashfilm.com/2181773/yellowstone-fans-arguing-marshals-good-spin-off/,,,,Subject requires review
Why Star City Is Secretly An Origin Story For The Best Villain In For All Mankind [Exclusive] - SlashFilm,2026-05-29T10:45:00+00:00,,no,https://www.slashfilm.com/2180676/star-city-secret-origin-story-best-villain-for-all-mankind/,,,,Subject requires review
One Backrooms Reveal Will Make Longtime Fans Very Happy - SlashFilm,2026-05-29T11:00:00+00:00,,no,https://www.slashfilm.com/2182882/backrooms-movie-phil-asynch-the-complex-explained/,,,,Subject requires review
Why The For All Mankind Season 5 Finale Failed Its Big Mars Revolution Story - SlashFilm,2026-05-29T13:00:00+00:00,,no,https://www.slashfilm.com/2180968/for-all-mankind-season-5-finale-mars-revolution-story-fail/,,,,Subject requires review
For All Mankind's Killer Season 5 Cliffhanger Ending Explained By Showrunner [Exclusive],2026-05-29T13:20:06+00:00,,no,https://www.slashfilm.com/2183545/for-all-mankind-season-5-cliffhanger-ending-explained/,,,,Subject requires review
Dutton Ranch Episode 4 Has The Most Disturbing Sequence In The Yellowstone Universe - SlashFilm,2026-05-29T14:00:00+00:00,,no,https://www.slashfilm.com/2182969/dutton-ranch-episode-4-most-disturbing-yellowstone-sequence/,,,,Subject requires review
House Of The Dragon Season 3 Trailer Promises The Biggest Game Of Thrones Battle Ever - SlashFilm,2026-05-29T14:11:49+00:00,,no,https://www.slashfilm.com/2183588/house-of-the-dragon-season-3-trailer-game-of-thrones-battle/,,,,Subject requires review
10 Classic 1960s Movies That Still Hold Up Today - SlashFilm,2026-05-29T15:10:00+00:00,,no,https://www.slashfilm.com/2179728/1960s-movies-hold-up-today/,,,,Subject requires review
Dutton Ranch Episode 4 May Have Revealed The Real Villains Behind The Ranch Attack - SlashFilm,2026-05-29T16:00:00+00:00,,no,https://www.slashfilm.com/2182418/dutton-ranch-episode-4-real-villains-ranch-attack/,,,,Subject requires review
Masters Of The Universe Might Get Buried By Scary Movie At The Box Office - SlashFilm,2026-05-29T17:00:00+00:00,,no,https://www.slashfilm.com/2182244/masters-of-the-universe-scary-movie-box-office-preview/,,,,Subject requires review
The Hacks Series Finale Landed The Perfect Punchline - SlashFilm,2026-05-29T18:05:19+00:00,,no,https://www.slashfilm.com/2183836/hacks-series-finale-landed-perfect-punchline/,,,,Subject requires review
Shooting The Shark Tank Scenes For Nate Bargatze's The Breadwinner Was No Easy Feat [Exclusive],2026-05-29T20:00:00+00:00,,no,https://www.slashfilm.com/2183724/the-breadwinner-shark-tank-scenes-explained-director-eric-appel/,,,,Subject requires review
For All Mankind Season 5 Introduced The Show's Biggest New Villain,2026-05-29T21:00:00+00:00,,no,https://www.slashfilm.com/2182823/for-all-mankind-season-5-episode-10-new-villain-elena-beaufort/,,,,Subject requires review
For All Mankind Season 5 Just Gave Us The Show's Darkest Space Death [Exclusive],2026-05-29T22:00:00+00:00,,no,https://www.slashfilm.com/2183806/for-all-mankind-season-5-episode-10-darkest-space-death/,,,,Subject requires review
Why Kat From Backrooms Looks So Familiar,2026-05-30T00:45:00+00:00,,no,https://www.slashfilm.com/2182632/kat-backrooms-movie-actress-lukita-maxwell/,,,,Subject requires review
Spider-Noir Season 1 Finale Pays Tribute To A Classic Orson Welles Movie - SlashFilm,2026-05-30T03:25:29+00:00,,no,https://www.slashfilm.com/2184198/spider-noir-season-1-finale-tribute-orson-welles-movie-the-lady-from-shanghai/,,,,Subject requires review
Why Do The Backrooms Look Like That? The Movie Gives Us A Creepy Answer - SlashFilm,2026-05-30T03:44:05+00:00,,no,https://www.slashfilm.com/2184201/the-backrooms-design-movie-explained/,,,,Subject requires review
Why Dr. Mary Kline From Backrooms Looks So Familiar - SlashFilm,2026-05-30T14:00:00+00:00,,no,https://www.slashfilm.com/2184065/dr-mary-kline-backrooms-movie-actress-renate-reinsve/,,,,Subject requires review
"15 Best Sitcoms Of The 2000s, Ranked",2026-05-30T15:10:00+00:00,,no,https://www.slashfilm.com/2181328/best-2000s-sitcoms-ranked/,,,,Subject requires review
Yellowstone Fans Are Arguing Over When The Show Hit Its Lowest Point - SlashFilm,2026-05-30T16:00:00+00:00,,no,https://www.slashfilm.com/2182546/yellowstone-fans-arguing-show-lowest-point/,,,,Subject requires review
One Of Star City's Main Characters Could Have A Hidden Connection To For All Mankind,2026-05-30T17:00:00+00:00,,no,https://www.slashfilm.com/2183220/star-city-main-character-hidden-connection-for-all-mankind-sasha-polivanov/,,,,Subject requires review
It's 2026 And I Just Watched The Backrooms Web Series For The First Time – These Are My Honest Thoughts,2026-05-30T19:00:00+00:00,,no,https://www.slashfilm.com/2182592/backrooms-web-series-honest-thoughts/,,,,Subject requires review
Star City's Rhys Ifans Explains What His Character Has In Common With Otto Hightower [Exclusive],2026-05-30T20:00:00+00:00,,no,https://www.slashfilm.com/2182888/star-city-rhys-ifans-character-common-things-otto-hightower/,,,,Subject requires review
George R. R. Martin Had Nothing But Hatred For Lost's Ending,2026-05-30T20:45:00+00:00,,no,https://www.slashfilm.com/2181689/george-rr-martin-hated-lost-tv-show-ending/,,,,Subject requires review
This Survivor Winner's Audition Tape Helped Inspire Sam Raimi's Send Help,2026-05-30T21:45:00+00:00,,no,https://www.slashfilm.com/2182619/survivor-winner-aubry-bracco-audition-tape-inspired-sam-raimi-send-help/,,,,Subject requires review
Backrooms Has An Amazing (And Freaky) Connection To The Alien Franchise - SlashFilm,2026-05-30T22:00:00+00:00,,no,https://www.slashfilm.com/2184275/backrooms-movie-alien-franchise-connection-robert-bobroczkyi/,,,,Subject requires review
Fullmetal Alchemist Creator's New Fantasy Anime Is A Must-Watch — And Its Stars Know Why [Exclusive],2026-05-30T23:04:00+00:00,,no,https://www.slashfilm.com/2184310/fullmetal-alchemist-creator-fantasy-anime-daemons-of-the-shadow-realm-must-watch/,,,,Subject requires review
The 1973 Clint Eastwood Movie Fans Rarely Talk About — But Absolutely Should - SlashFilm,2026-05-31T00:00:00+00:00,,no,https://www.slashfilm.com/2182625/clint-eastwood-1973-movie-fans-need-talk-about-breezy/,,,,Subject requires review
Star City's Nikolai Fyodorov Reference Has A Much Deeper Meaning Than Fans Think,2026-05-31T13:00:00+00:00,,no,https://www.slashfilm.com/2183361/star-city-nikolai-fyodorov-refence-meaning-explained/,,,,Subject requires review
This Cult '70s Action Thriller Got A Glossy Hollywood Remake With Nicolas Cage,2026-05-31T15:00:00+00:00,,no,https://www.slashfilm.com/2183171/nicolas-cage-gone-in-60-seconds-remake-cult-70s-action-thriller/,,,,Subject requires review
5 Best Movies To Watch After Backrooms,2026-05-31T16:00:00+00:00,,no,https://www.slashfilm.com/2181755/best-movies-watch-after-backrooms/,,,,Subject requires review
Star City's Best Character Doesn't Have A Name For An Important Historical Reason,2026-05-31T16:20:00+00:00,,no,https://www.slashfilm.com/2183525/star-city-best-character-rhys-ifans-chief-designer-no-name-reason/,,,,Subject requires review
Why Bobby From Backrooms Looks So Familiar,2026-05-31T18:00:00+00:00,,no,https://www.slashfilm.com/2183825/bobby-backrooms-movie-actor-finn-bennett/,,,,Subject requires review
How Anne Rice Felt About The Interview With The Vampire Movie Adaptation - SlashFilm,2026-05-31T18:45:00+00:00,,no,https://www.slashfilm.com/2184002/anne-rice-feelings-interview-with-the-vampire-movie-adaptation/,,,,Subject requires review
"5 Best Liminal Movies Of All Time, Ranked",2026-05-31T22:00:00+00:00,,no,https://www.slashfilm.com/2183935/best-liminal-movies-ranked/,,,,Subject requires review
Matthew Lillard Played Chris Evans' Older Brother In This 2000s Heist Movie You've Never Heard Of,2026-05-31T23:00:00+00:00,,no,https://www.slashfilm.com/2184091/matthew-lillard-chris-evans-2000s-heist-movie-the-perfect-score/,,,,Subject requires review
Hollywood Needs To Hurry Up And Adapt Andy Weir's Gripping Heist Short Story,2026-06-01T00:00:00+00:00,,no,https://www.slashfilm.com/2183152/hollywood-should-adapt-andy-weir-short-story-randomize/,,,,Subject requires review
Euphoria Season 3 Ending Explained: What Happens To Zendaya's Rue?,2026-06-01T02:41:51+00:00,,no,https://www.slashfilm.com/2184546/euphoria-season-3-ending-explained-zendaya-rue-fate/,,,,Subject requires review
Silo Star Rebecca Ferguson Played A Controversial Queen In This Underrated Historical Miniseries - SlashFilm,2026-06-01T10:45:00+00:00,,no,https://www.slashfilm.com/2184372/silo-rebecca-ferguson-the-white-queen-miniseries/,,,,Subject requires review
Euphoria Season 4 - Will It Happen?,2026-06-01T12:33:37+00:00,,no,https://www.slashfilm.com/2184703/euphoria-season-4-will-it-happen/,,,,Subject requires review
John Carpenter Wanted To Send Michael Myers To Space – Here's Why Halloween Stayed On Earth,2026-06-01T13:00:00+00:00,,no,https://www.slashfilm.com/2181219/john-carpenter-halloween-space-movie-pitch-michael-myers/,,,,Subject requires review
The End Of Oak Street Trailer Looks Like The Most Fun Dinosaur Movie In Years - SlashFilm,2026-06-01T13:34:37+00:00,,no,https://www.slashfilm.com/2184741/the-end-of-oak-street-2026-movie-trailer/,,,,Subject requires review
Why Kane Parsons' Backrooms Movie Likely Won't Run Into Any Legal Trouble,2026-06-01T15:00:00+00:00,,no,https://www.slashfilm.com/2183373/why-kane-parsons-backrooms-movie-likely-wont-face-legal-trouble/,,,,Subject requires review
"5 Popular Medical Shows, Ranked From Least To Most Accurate By A Real Doctor - SlashFilm",2026-06-01T15:30:00+00:00,,no,https://www.slashfilm.com/2184103/popular-medical-shows-ranked-accuracy-real-doctor/,,,,Subject requires review
What Backrooms' Box Office Means For The Future Of The Franchise,2026-06-01T16:00:00+00:00,,no,https://www.slashfilm.com/2184901/backrooms-box-office-franchise-future-meaning/,,,,Subject requires review
Man Of Tomorrow Photo Reveals First Look At Nicolas Hoult With Lex Luthor,2026-06-01T16:36:26+00:00,,no,https://www.slashfilm.com/2184979/man-of-tomorrow-photo-nicholas-hoult-lex-luthor-warsuit/,,,,Subject requires review
5 Forgotten Alien Invasion Movies That Still Hold Up Today - SlashFilm,2026-06-01T17:45:00+00:00,,no,https://www.slashfilm.com/2183857/forgotten-alien-invasion-movies-still-hold-up-today/,,,,Subject requires review
How To Watch Hokum At Home,2026-06-01T18:14:15+00:00,,no,https://www.slashfilm.com/2185108/how-watch-hokum-home/,,,,Subject requires review
Backrooms And Obsession Led One Of The Most Important Weekends Ever At The Box Office - SlashFilm,2026-06-01T18:45:00+00:00,,no,https://www.slashfilm.com/2185135/backrooms-obsession-historic-important-box-office-weekend/,,,,Subject requires review
Euphoria Season 3 Completely Wasted One Major Character - And We,2026-06-01T19:16:11+00:00,,no,https://www.slashfilm.com/2185190/euphoria-season-3-wasted-major-character-jules/,,,,Subject requires review
Luke Grimes Knows Why Audiences Love Marshals And Yellowstone So Much - SlashFilm,2026-06-01T19:45:00+00:00,,no,https://www.slashfilm.com/2169628/luke-grimes-why-audiences-love-marshals-yellowstone/,,,,Subject requires review
5 Reasons Why Backrooms Ruled The Box Office,2026-06-01T21:00:00+00:00,,no,https://www.slashfilm.com/2185299/backrooms-movie-box-office-success-reasons/,,,,Subject requires review
Marshals Season 1's Lenny Hancock Tribute Explained,2026-06-01T22:09:37+00:00,,no,https://www.slashfilm.com/2185363/marshals-season-1-lenny-hancock-tribute-explained/,,,,Subject requires review
10 Best Superhero TV Shows Nobody Talks About Anymore - SlashFilm,2026-06-01T22:10:00+00:00,,no,https://www.slashfilm.com/2182494/best-superhero-tv-shows-nobody-talks-about-anymore/,,,,Subject requires review
The Lord Of The Rings Author J.R.R. Tolkien Had Nothing But Hatred For The Dune Books - SlashFilm,2026-06-02T00:45:00+00:00,,no,https://www.slashfilm.com/2185152/lord-of-the-rings-author-jrr-tolkien-harsh-words-dune/,,,,Subject requires review
5 Forgotten '90s Sitcoms That Still Hold Up Today,2026-06-02T12:00:00+00:00,,no,https://www.slashfilm.com/2184327/forgotten-90s-sitcoms-still-hold-up-today/,,,,Subject requires review
The Onslaught Trailer Looks Like A Secret Sequel To An Action Cult Classic - SlashFilm,2026-06-02T13:00:00+00:00,,no,https://www.slashfilm.com/2185565/onslaught-2026-movie-trailer-secret-sequel-action-cult-classic-the-guest/,,,,Subject requires review
Masters Of The Universe Review: Endless Jokes And Riffing Rob A Potentially Fun Adventure Of Its Power - SlashFilm,2026-06-02T13:00:00+00:00,,no,https://www.slashfilm.com/2185547/masters-of-the-universe-2026-movie-review/,,,,Subject requires review
How To Watch Michael At Home,2026-06-02T13:58:03+00:00,,no,https://www.slashfilm.com/2185642/how-watch-michael-2026-movie-home/,,,,Subject requires review
Silo Season 3 Trailer Promises To Resolve That Major Cliffhanger Ending – With A Twist - SlashFilm,2026-06-02T14:47:34+00:00,,no,https://www.slashfilm.com/2185692/silo-season-3-apple-tv-trailer/,,,,Subject requires review
10 Best Anime Shows Of 2026 (So Far),2026-06-02T15:10:00+00:00,,no,https://www.slashfilm.com/2185101/best-anime-shows-2026/,,,,Subject requires review
One Of Stephen King's First Adaptations Used A Simple Trick To Make Its Vampires Even Creepier,2026-06-02T16:00:00+00:00,,no,https://www.slashfilm.com/2185368/stephen-king-adaptation-trick-vampires-creepier-salems-lot/,,,,Subject requires review
Does Masters Of The Universe Have A Post-Credits Scene? A Spoiler-Free Guide - SlashFilm,2026-06-02T16:30:00+00:00,,no,https://www.slashfilm.com/2185824/masters-of-the-universe-movie-post-credits-scene-guide/,,,,Subject requires review
Harrison Ford And Liam Neeson Worked Together Only Once On This Underrated Cold War Movie - SlashFilm,2026-06-02T18:00:00+00:00,,no,https://www.slashfilm.com/2185648/harrison-ford-liam-neeson-cold-war-movie-k19-the-widowmaker/,,,,Subject requires review
The Pitt Star Noah Wyle Was Glad He Remained Off Set While His Wife Shot Her Scenes - SlashFilm,2026-06-02T20:00:00+00:00,,no,https://www.slashfilm.com/2165383/why-noah-wyle-off-set-wife-sara-filmed-the-pitt-scene/,,,,Subject requires review
The Best Free Streaming Service Is Getting A Major Makeover (For Better And Worse) - SlashFilm,2026-06-02T21:00:00+00:00,,no,https://www.slashfilm.com/2186163/best-free-streaming-sevice-pluto-tv-makeover/,,,,Subject requires review
5 Best Lord Of The Rings Stories Peter Jackson Could Tell With The Silmarillion - SlashFilm,2026-06-02T23:00:00+00:00,,no,https://www.slashfilm.com/2184506/best-lord-of-the-rings-stories-silmarillion-peter-jackson/,,,,Subject requires review
The Legendary Manga Disney And DC Don't Want You To See Is Finally Coming To America [Exclusive],2026-06-03T14:00:00+00:00,,no,https://www.slashfilm.com/2186280/billy-bat-manga-english-translation-release-first-volume-preview-exclusive/,,,,Subject requires review
"Euphoria Season 3: Every Main Character's Ending, Ranked",2026-06-03T15:10:00+00:00,,no,https://www.slashfilm.com/2186014/euphoria-main-characters-endings-ranked/,,,,Subject requires review
The Techno-Thriller Series That Inspired Kane Parsons' Backrooms Movie,2026-06-03T16:10:33+00:00,,no,https://www.slashfilm.com/2186646/techno-thriller-series-mr-robot-inspired-kane-parsons-backrooms/,,,,Subject requires review
Why Supergirl Barely Wears Her Superhero Costume In Her Own Movie [Set Visit] - SlashFilm,2026-06-03T17:15:00+00:00,,no,https://www.slashfilm.com/2185945/why-supergirl-barely-wears-superhero-costume-movie/,,,,Subject requires review
Supergirl Star Jason Momoa Had Some Major (And Hilarious) Input On Lobo,2026-06-03T17:30:00+00:00,,no,https://www.slashfilm.com/2186698/supergirl-star-jason-momoa-input-lobo-costume/,,,,Subject requires review
Supergirl Director Had To Be Very Careful About Picking His One F-Bomb [Set Visit] - SlashFilm,2026-06-03T18:00:00+00:00,,no,https://www.slashfilm.com/2186263/supergirl-director-careful-f-bomb-movie/,,,,Subject requires review
Supergirl Makes One Major Structural Change To The Woman Of Tomorrow Comics [Set Visit] - SlashFilm,2026-06-03T19:00:00+00:00,,no,https://www.slashfilm.com/2184381/supergirl-movie-structural-change-woman-of-tomorrow-comics/,,,,Subject requires review
Why Supergirl's Movie Costume Keeps The Comic's Classic Skirt [Set Visit],2026-06-03T20:00:00+00:00,,no,https://www.slashfilm.com/2186866/why-supergirl-movie-costume-keeps-comic-book-skirt/,,,,Subject requires review
The 2026 Action Thriller That Quentin Tarantino Can't Stop Raving About,2026-06-03T21:00:00+00:00,,no,https://www.slashfilm.com/2186765/quentin-tarantino-loves-2026-action-thriller-the-rip/,,,,Subject requires review
The Project Hail Mary Detail That Makes Rewatching Way More Rewarding - SlashFilm,2026-06-04T00:45:00+00:00,,no,https://www.slashfilm.com/2186202/project-hail-mary-ryan-gosling-loneliness-detail-rewatch-rewarding/,,,,Subject requires review
James Gunn Explains When Man Of Tomorrow Takes Place On The DC Universe Timeline - SlashFilm,2026-06-04T11:00:00+00:00,,no,https://www.slashfilm.com/2187251/james-gunn-explains-when-man-of-tomorrow-takes-place-dc-universe-timeline/,,,,Subject requires review
Scary Movie Review: A Trash Fire That Aims Low And Hits The Mark - SlashFilm,2026-06-04T13:00:00+00:00,,no,https://www.slashfilm.com/2187288/scary-movie-2026-review/,,,,Subject requires review
10 Best '70s Movies Nobody Talks About Anymore,2026-06-04T15:10:00+00:00,,no,https://www.slashfilm.com/2183249/best-70s-movies-nobody-talks-about-anymore/,,,,Subject requires review
The Fall 2: Deadpoint Trailer Promises Another Intense Acrophobic Experience - SlashFilm,2026-06-04T15:10:48+00:00,,no,https://www.slashfilm.com/2187451/fall-2-deadpoint-trailer/,,,,Subject requires review
Christopher Nolan's The Odyssey Continues A Surprising MPA Rating Trend For The Director,2026-06-04T15:12:36+00:00,,no,https://www.slashfilm.com/2187454/christopher-nolan-the-odyssey-rated-r/,,,,Subject requires review
This Forgotten 1959 War Movie Is One Of The Best (And Bleakest) You,2026-06-04T17:00:00+00:00,,no,https://www.slashfilm.com/2186966/best-bleak-1959-war-movie-die-brucke-must-watch/,,,,Subject requires review
The Brilliant Writer Behind Persepolis Directed Ryan Reynolds,2026-06-04T18:43:41+00:00,,no,https://www.slashfilm.com/2187695/marjane-satrapi-persepolis-directed-ryan-reynolds-best-performance-the-voices/,,,,Subject requires review
Disclosure Day Could Be Steven Spielberg's Biggest Box Office Hit In Nearly A Decade,2026-06-04T19:00:00+00:00,,no,https://www.slashfilm.com/2186995/steven-spielberg-disclosure-day-box-office-preview/,,,,Subject requires review
How Kurt Vonnegut Really Felt About The Slaughterhouse-Five Movie Adaptation - SlashFilm,2026-06-04T20:00:00+00:00,,no,https://www.slashfilm.com/2186250/kurt-vonnegut-feelings-slaughterhouse-five-movie-adaptation/,,,,Subject requires review
A Knight Of The Seven Kingdoms' Showrunner Has A Solution To The Show's One Big Problem,2026-06-04T20:16:12+00:00,,no,https://www.slashfilm.com/2187808/a-knight-of-the-seven-kingdoms-showrunner-ira-parker-solution-dexter-sol-ansell-aging/,,,,Subject requires review
Why The King In Masters Of The Universe Looks So Familiar - SlashFilm,2026-06-04T21:00:00+00:00,,no,https://www.slashfilm.com/2187749/masters-of-the-universe-2026-movie-king-actor-james-purefoy/,,,,Subject requires review
Jack Nicholson's Best Performance Came In This Overlooked Crime Thriller That Still Holds Up Today,2026-06-04T22:00:00+00:00,,no,https://www.slashfilm.com/2186226/jack-nicholson-crime-thriller-the-pledge-still-holds-up-today/,,,,Subject requires review
Does Scary Movie 2026 Have A Post-Credits Scene? A Spoiler-Free Guide - SlashFilm,2026-06-04T23:00:00+00:00,,no,https://www.slashfilm.com/2187747/scary-movie-2026-post-credits-scene-guide/,,,,Subject requires review
Masters Of The Universe Post-Credits Scene Explained: How They Set Up A Sequel - SlashFilm,2026-06-05T00:00:00+00:00,,no,https://www.slashfilm.com/2187794/masters-of-the-universe-movie-post-credits-scenes-explained/,,,,Subject requires review
Masters Of The Universe's Best Easter Egg Is A Deep Cut For Hardcore Fans,2026-06-05T10:45:00+00:00,,no,https://www.slashfilm.com/2186015/masters-of-the-universe-best-easter-egg-pig-boy/,,,,Subject requires review
Scary Movie's Ghostface Reveal Is More Satisfying Than Scream 7,2026-06-05T11:52:48+00:00,,no,https://www.slashfilm.com/2188100/scary-movie-2026-ghostface-reveal-scream-7-better/,,,,Subject requires review
It's 2026 And I Just Watched Scary Movie For The First Time – These Are My Honest Thoughts,2026-06-05T12:00:00+00:00,,no,https://www.slashfilm.com/2187941/scary-movie-2000-honest-thoughts/,,,,Subject requires review
Star City's Creators Explain Episode 3's Big Traitor Reveal [Exclusive],2026-06-05T13:00:00+00:00,,no,https://www.slashfilm.com/2187955/star-city-creators-episode-3-traitor-reveal-explained/,,,,Subject requires review
Top Gun: Maverick And Jumanji Actor James Handy Dead At 81 - SlashFilm,2026-06-05T14:35:26+00:00,,no,https://www.slashfilm.com/2188233/top-gun-maverick-jumanji-actor-james-handy-dead-obituary/,,,,Subject requires review
Super Mario Galaxy Star Jack Black Wants This Game Of Thrones Actor To Join The Franchise - SlashFilm,2026-06-05T15:00:00+00:00,,no,https://www.slashfilm.com/2187511/super-mario-galaxy-jack-black-wants-game-of-thrones-pedro-pascal-wario/,,,,Subject requires review
"Anthony Head, Beloved Buffy The Vampire Slayer And Ted Lasso Star, Dead At 72 - SlashFilm",2026-06-05T15:57:25+00:00,,no,https://www.slashfilm.com/2188325/anthony-head-buffy-the-vampire-slayer-ted-lasso-star-obituary/,,,,Subject requires review
Masters Of The Universe Lets The Other Big Screen He-Man Pass The Torch - SlashFilm,2026-06-05T16:00:00+00:00,,no,https://www.slashfilm.com/2186081/dolph-lundgren-masters-of-the-universe-2026-movie-cameo-explained/,,,,Subject requires review
Backrooms Movie Director Kane Parsons Hopes To Adapt This Outstanding Video Game - SlashFilm,2026-06-05T16:10:51+00:00,,no,https://www.slashfilm.com/2188349/backrooms-movie-director-kane-parsons-wants-adapt-portal-2-video-game/,,,,Subject requires review
The Late James Handy Appeared In Two Of The Most Groundbreaking Superhero Movies Ever Made - SlashFilm,2026-06-05T17:36:42+00:00,,no,https://www.slashfilm.com/2188428/james-handy-groundbreaking-superhero-movies-unbreakable-logan/,,,,Subject requires review
Masters Of The Universe Creates A Canon Reason For All Those Silly Character Names - SlashFilm,2026-06-05T19:00:00+00:00,,no,https://www.slashfilm.com/2187827/masters-of-the-universe-canon-reason-character-names/,,,,Subject requires review
Dutton Ranch Episode 5 Just Ruined The Show's Most Interesting Storyline,2026-06-06T00:45:00+00:00,,no,https://www.slashfilm.com/2186876/dutton-ranch-episode-5-ruined-most-interesting-storyline/,,,,Subject requires review
Masters Of The Universe Is So Much More Than A Nostalgia Play – And Some People Will Miss The Message Entirely - SlashFilm,2026-06-06T11:45:00+00:00,,no,https://www.slashfilm.com/2187392/masters-of-the-universe-more-than-nostalgia-true-message/,,,,Subject requires review
"10 Years Ago, Audiences Failed Lonely Island's Popstar - Today It's A Perfect Cult Classic",2026-06-06T13:00:00+00:00,,no,https://www.slashfilm.com/2188708/the-lonely-island-popstar-flopped-today-perfect-cult-classic/,,,,Subject requires review
Masters Of The Universe Gives He-Man A Transformation Straight Out Of Anime - SlashFilm,2026-06-06T15:00:00+00:00,,no,https://www.slashfilm.com/2188222/masters-of-the-universe-he-man-anime-inspired-transformation/,,,,Subject requires review
"10 Best Rock And Roll Movies Of All Time, Ranked - SlashFilm",2026-06-06T15:10:00+00:00,,no,https://www.slashfilm.com/2182463/best-rock-and-roll-movies-ranked/,,,,Subject requires review
Anthony Head Reprised His Role As Giles For This 2023 Buffy Spin-Off Project - SlashFilm,2026-06-06T16:01:00+00:00,,no,https://www.slashfilm.com/2188904/anthony-head-reprise-giles-role-2023-buffy-spin-off-project/,,,,Subject requires review
This Controversial '90s Civil War Sitcom Was Canceled After Just Three Episodes,2026-06-06T16:30:00+00:00,,no,https://www.slashfilm.com/2186415/controversial-90s-civil-war-sitcom-canceled-the-secret-diary-of-desmond-pfeiffer/,,,,Subject requires review
Masters Of The Universe Makes Perfect Use Of One Of The Best Fantasy Theme Songs - SlashFilm,2026-06-06T18:00:00+00:00,,no,https://www.slashfilm.com/2188581/masters-of-the-universe-perfect-use-fantasy-highlander-theme-song-queen/,,,,Subject requires review
"5 Best Wayans Family Movies, Ranked",2026-06-06T20:00:00+00:00,,no,https://www.slashfilm.com/2188294/best-wayans-brothers-movies-ranked/,,,,Subject requires review
How Emilia Clarke Really Feels About Daenerys' Ending In Game Of Thrones,2026-06-07T00:00:00+00:00,,no,https://www.slashfilm.com/2188963/emilia-clarke-feelings-game-of-thrones-ending/,,,,Subject requires review
"Masters Of The Universe Makes A He-Man Meme Reference, But TMNT Did It Better - SlashFilm",2026-06-07T13:00:00+00:00,,no,https://www.slashfilm.com/2186447/masters-of-the-universe-2026-movie-he-man-meme-reference-tmnt-better/,,,,Subject requires review
Robert De Niro And Martin Scorsese Considered Remaking This Underseen,2026-06-07T15:00:00+00:00,,no,https://www.slashfilm.com/2187847/robert-de-niro-martin-scorsese-remake-crime-thriller-mafioso/,,,,Subject requires review
5 Characters On The Pitt Who Deserve More Screen Time - SlashFilm,2026-06-07T16:18:00+00:00,,no,https://www.slashfilm.com/2187948/the-pitt-characters-deserve-more-screen-time/,,,,Subject requires review
A Former Mr. Universe Turned Down The Role That Made Clint Eastwood A Superstar - SlashFilm,2026-06-07T16:20:00+00:00,,no,https://www.slashfilm.com/2172324/former-mr-universe-steve-reeves-turned-down-role-made-clint-eastwood-superstar/,,,,Subject requires review
"Okay Fine, We Admit It: Jared Leto's Skeletor In Masters Of The Universe Is Good, Actually",2026-06-07T17:00:00+00:00,,no,https://www.slashfilm.com/2187969/jared-leto-skeletor-masters-of-the-universe-performance/,,,,Subject requires review
5 Forgotten Stephen King Adaptations That Still Hold Up Today - SlashFilm,2026-06-07T20:20:00+00:00,,no,https://www.slashfilm.com/2185275/forgotten-stephen-king-adaptations-still-hold-up-today/,,,,Subject requires review
Where Was The Princess Bride Filmed? Every Major Location Explained - SlashFilm,2026-06-07T23:00:00+00:00,,no,https://www.slashfilm.com/2185397/the-princess-bride-filming-locations-explained/,,,,Subject requires review
This Crime Thriller Book Deserves A Better Movie Adaptation Than The Awful One We Got - SlashFilm,2026-06-08T11:30:00+00:00,,no,https://www.slashfilm.com/2189257/crime-thriller-book-the-snowman-deserves-better-movie-adaptation/,,,,Subject requires review
The Best Sam Raimi Movie Never Made Led To His Most Underrated Gem - SlashFilm,2026-06-08T13:00:00+00:00,,no,https://www.slashfilm.com/2187526/best-sam-raimi-movie-never-made-shadow-darkman/,,,,Subject requires review
Jude Law's Intense 2001 War Movie About Dueling Snipers Is A Must-Watch On Paramount Plus,2026-06-08T14:00:00+00:00,,no,https://www.slashfilm.com/2185417/jude-law-2001-war-movie-enemy-at-the-gates-streaming-paramount-plus/,,,,Subject requires review
10 Best Found Footage Movies Nobody Talks About Anymore - SlashFilm,2026-06-08T15:10:00+00:00,,no,https://www.slashfilm.com/2185855/best-found-footage-movies-nobody-talks-about-anymore/,,,,Subject requires review
Kevin Bacon Led A Star-Studded '90s Comedy That's Rarely Talked About,2026-06-08T15:30:00+00:00,,no,https://www.slashfilm.com/2188669/kevin-bacon-90s-comedy-not-talked-about-queens-logic/,,,,Subject requires review
What Scary Movie 2026's Box Office Means For The Future Of The Franchise,2026-06-08T16:45:00+00:00,,no,https://www.slashfilm.com/2189599/scary-movie-2026-box-office-franchise-future-meaning/,,,,Subject requires review
Backrooms Movie Director Kane Parsons Refuses To Fall For The Biggest Trap For Young Filmmakers - SlashFilm,2026-06-08T17:45:00+00:00,,no,https://www.slashfilm.com/2189630/backrooms-movie-director-kane-parsons-refusing-ip-work/,,,,Subject requires review
The Pitt Star Gerran Howell Had A Small Role In One Of The 21st Century,2026-06-08T18:45:00+00:00,,no,https://www.slashfilm.com/2189266/the-pitt-gerran-howell-role-1917-21st-century-best-war-movies/,,,,Subject requires review
5 Reasons Why Masters Of The Universe Flopped At The Box Office - SlashFilm,2026-06-08T19:45:00+00:00,,no,https://www.slashfilm.com/2189888/masters-of-the-universe-box-office-flop-reasons/,,,,Subject requires review
The Amazing Digital Circus Proves The Box Office Is Changing Faster Than Anyone Realized - SlashFilm,2026-06-08T21:20:00+00:00,,no,https://www.slashfilm.com/2190012/the-amazing-digital-circus-box-office-changing-faster/,,,,Subject requires review
Erin Moriarty Thinks Other Superhero Actors Are Jealous Of The Boys - SlashFilm,2026-06-08T22:00:00+00:00,,no,https://www.slashfilm.com/2188719/erin-moriarty-other-superhero-actors-jealous-the-boys/,,,,Subject requires review
Hollywood Finally Has A $1 Billion Box Office Hit In 2026 - SlashFilm,2026-06-08T23:05:38+00:00,,no,https://www.slashfilm.com/2190123/hollywood-first-2026-billion-dollar-box-office-hit-the-super-mario-galaxy-movie/,,,,Subject requires review
Clint Eastwood 'Stole' A Dirty Harry Scene From A Classic James Cagney Movie,2026-06-09T14:00:00+00:00,,no,https://www.slashfilm.com/2172004/clint-eastwood-stole-dirty-harry-scene-classic-james-cagney-movie-white-heat/,,,,Subject requires review
This Bonkers 1980s Sports Movie With Wizards Is Unlike Anything You,2026-06-09T15:00:00+00:00,,no,https://www.slashfilm.com/2190030/1980s-sports-movie-wizards-the-boxers-omen/,,,,Subject requires review
15 Best Movies That Flopped During The COVID-19 Pandemic - SlashFilm,2026-06-09T15:10:00+00:00,,no,https://www.slashfilm.com/2185853/best-movies-flopped-covid-pandemic/,,,,Subject requires review
The Whalefall Trailer Reveals How The Unadaptable Book Becomes A Movie - SlashFilm,2026-06-09T16:08:23+00:00,,no,https://www.slashfilm.com/2190544/whalefall-movie-trailer/,,,,Subject requires review
Why Karl Urban Agreed To Star As Johnny Cage In Mortal Kombat 2 - SlashFilm,2026-06-09T16:30:00+00:00,,no,https://www.slashfilm.com/2190594/why-karl-urban-agreed-johnny-cage-mortal-kombat-2-role/,,,,Subject requires review
Ethan Hawke And Charlie Cox's Adaptation Of A Classic Book Flew Under Everyone's Radar,2026-06-09T17:00:00+00:00,,no,https://www.slashfilm.com/2184766/ethan-hawke-charlie-cox-moby-dick-miniseries/,,,,Subject requires review
Obsession Director Curry Barker Reveals What Happened To [Spoiler] After The Movie - SlashFilm,2026-06-09T17:45:00+00:00,,no,https://www.slashfilm.com/2190674/obsession-director-curry-barker-what-happened-nikki-after-movie/,,,,Subject requires review
Where To Watch Borat — Is It Streaming?,2026-06-09T18:45:00+00:00,,no,https://www.slashfilm.com/2186594/where-watch-borat-streaming/,,,,Subject requires review
Roger Ebert Hated This 90s Flop That Was Essentially An Alien Rip-Off - SlashFilm,2026-06-09T20:00:00+00:00,,no,https://www.slashfilm.com/2190896/roger-ebert-hated-90s-flop-deep-rising/,,,,Subject requires review
The Biggest Box Office Flop Of All Time Happened In 2026 And Nobody Noticed - SlashFilm,2026-06-09T21:00:00+00:00,,no,https://www.slashfilm.com/2190938/biggest-box-office-flop-all-time-2026-movie-desert-warrior/,,,,Subject requires review
Karl Urban Improvised One Of Mortal Kombat 2's Funniest Moments,2026-06-10T00:45:00+00:00,,no,https://www.slashfilm.com/2190995/karl-urban-improvised-mortal-kombat-2-funny-moment-gandalf/,,,,Subject requires review
The Furious Review: The Best Action Movie Of 2026 Will Punch You In The Face - SlashFilm,2026-06-10T13:00:00+00:00,,no,https://www.slashfilm.com/2190320/the-furious-2026-movie-review/,,,,Subject requires review
Why The 2026 Doctor Who Christmas Special Was Canceled - SlashFilm,2026-06-10T13:22:40+00:00,,no,https://www.slashfilm.com/2191263/why-2026-doctor-who-christmas-special-canceled/,,,,Subject requires review
The Social Reckoning Trailer: Jeremy Strong Is Mark Zuckerberg In Social Network Sequel - SlashFilm,2026-06-10T13:28:43+00:00,,no,https://www.slashfilm.com/2191272/the-social-reckoning-trailer-jeremy-strong-mark-zuckerberg-social-network-sequel/,,,,Subject requires review
Paramount Didn't Want To Release One Of Eddie Murphy's Biggest Box Office Hits,2026-06-10T16:00:00+00:00,,no,https://www.slashfilm.com/2150786/paramount-didnt-want-release-eddie-muprhy-80s-box-office-hit-coming-to-america/,,,,Subject requires review
James Cameron Wrote The Greatest Anti-AI Scene In Movie History – Hollywood Should Take Note - SlashFilm,2026-06-10T17:00:00+00:00,,no,https://www.slashfilm.com/2191067/james-cameron-wrote-greatest-anti-ai-scene-terminator-2-judgment-day/,,,,Subject requires review
Backrooms Did Something I've Never Seen Happen In A Movie Theater,2026-06-10T21:00:00+00:00,,no,https://www.slashfilm.com/2191518/backrooms-movie-stranger-approach-theater/,,,,Subject requires review
How Euphoria Star Sydney Sweeney Really Feels About Cassie's Ending,2026-06-10T22:45:00+00:00,,no,https://www.slashfilm.com/2191864/sydney-sweeney-euphoria-cassie-ending-feelings/,,,,Subject requires review
The Boys Creator Eric Kripke Has A Blunt Response For Fans Who Criticized The Series Finale - SlashFilm,2026-06-11T00:45:00+00:00,,no,https://www.slashfilm.com/2191103/the-boys-creator-eric-kripke-series-finale-criticsm-response/,,,,Subject requires review
Steven Spielberg's 2021 Remake Of A Hollywood Classic Is A Masterpiece You Finally Need To Watch,2026-06-11T10:45:00+00:00,,no,https://www.slashfilm.com/2190496/steven-spielberg-2021-remake-hollywood-classic-west-side-story-must-watch/,,,,Subject requires review
Toy Story 5 Set For The Biggest Box Office Opening Of 2026 So Far - SlashFilm,2026-06-11T13:00:00+00:00,,no,https://www.slashfilm.com/2191580/toy-story-5-box-office-preview/,,,,Subject requires review
The Lord Of The Rings Author J.R.R. Tolkien's Darkest Book Is Disturbing On A Serious Level,2026-06-11T16:00:00+00:00,,no,https://www.slashfilm.com/2191076/the-lord-of-the-rings-jrr-tolkien-darkest-book-the-children-of-hurin/,,,,Subject requires review
How To Watch Obsession Director Curry Baker's First Movie For Free,2026-06-11T17:00:00+00:00,,no,https://www.slashfilm.com/2192199/how-to-watch-obsession-curry-barker-first-movie-milk-and-serial-free-youtube/,,,,Subject requires review
Jason Momoa Has One Condition To Star In A Lobo Movie (And We Agree) - SlashFilm,2026-06-11T18:46:16+00:00,,no,https://www.slashfilm.com/2192507/jason-momoa-lobo-movie-condition/,,,,Subject requires review
Antony Starr's Early Career Includes An Acclaimed Drama With A Perfect Rating On Rotten Tomatoes,2026-06-11T19:00:00+00:00,,no,https://www.slashfilm.com/2192284/antony-starr-movie-perfect-rating-rotten-tomatoes-in-my-fathers-den/,,,,Subject requires review
A Dolly Parton Comedy Would Have Been 1980's Biggest Movie If It Weren't For George Lucas,2026-06-11T20:00:00+00:00,,no,https://www.slashfilm.com/2191925/dolly-parton-9-to-5-1980-biggest-movie-george-lucas-the-empire-strikes-back/,,,,Subject requires review
"The Death Of Robin Hood Review: Hugh Jackman Leads An Ultra-Violent, Melancholy Myth Deconstruction - SlashFilm",2026-06-11T21:00:00+00:00,,no,https://www.slashfilm.com/2192179/the-death-of-robin-hood-review-hugh-jackman-2026-movie/,,,,Subject requires review
Disclosure Day Ending Explained: How The World Learns About Alien Life - SlashFilm,2026-06-11T23:30:00+00:00,,no,https://www.slashfilm.com/2192691/disclosure-day-aliens-revealed-ending-explained/,,,,Subject requires review
Disclosure Day's Adam Somner Tribute Explained,2026-06-12T00:45:00+00:00,,no,https://www.slashfilm.com/2192312/disclosure-day-adam-somner-tribute-explained/,,,,Subject requires review
Dutton Ranch Episode 6: Does Beulah Know Beth's Darkest Yellowstone-Era Secret?,2026-06-12T07:00:00+00:00,,no,https://www.slashfilm.com/2191296/dutton-ranch-episode-6-beulah-beth-yellowstone-secret-jamie-dutton/,,,,Subject requires review
Disclosure Day Writer David Koepp Explains What It's Really Like To Work With Steven Spielberg [Exclusive Interview],2026-06-12T13:00:00+00:00,,no,https://www.slashfilm.com/2192481/disclosure-day-writer-david-koepp-interview/,,,,Subject requires review
Disclosure Day Has A Surprising Connection To Another Steven Spielberg Alien Classic - SlashFilm,2026-06-12T14:00:00+00:00,,no,https://www.slashfilm.com/2192891/disclosure-day-connection-steven-spielberg-alien-movie-close-encounters-of-the-third-kind/,,,,Subject requires review
This 2026 Thriller With Breathtaking Action Sequences Has A Near-Perfect Rating On Rotten Tomatoes - SlashFilm,2026-06-12T14:43:10+00:00,,no,https://www.slashfilm.com/2193003/the-furious-2026-action-thriller-near-perfect-rating-rotten-tomatoes/,,,,Subject requires review
The Furious Director Talks About The 'Innovative' And 'Very Complicated' Climactic Fight Scene [Exclusive Interview],2026-06-12T15:00:00+00:00,,no,https://www.slashfilm.com/2191406/the-furious-director-kenji-tanigaki-climactic-fight-scene-explained-interview/,,,,Subject requires review
Star City Explores A Part Of Soviet History We Haven't Seen Before In Film [Exclusive],2026-06-12T17:00:00+00:00,,no,https://www.slashfilm.com/2190099/star-city-exploration-unseen-part-soviet-history/,,,,Subject requires review
Richard Dean Anderson Made A Bold Claim After Seeing Kurt Russell,2026-06-12T18:00:32+00:00,,no,https://www.slashfilm.com/2193282/richard-dean-anderson-claim-kurt-russell-stargate-performance/,,,,Subject requires review
Disclosure Day Brings An Infamous Urban Legend About Richard Nixon And A Classic TV Star To Life - SlashFilm,2026-06-12T19:00:00+00:00,,no,https://www.slashfilm.com/2191682/disclosure-day-infamous-urban-legend-richard-nixon-jackie-gleason-scene/,,,,Subject requires review
Michael Just Beat A Major Box Office Record Held By An Oscar-Winning Blockbuster - SlashFilm,2026-06-12T20:19:33+00:00,,no,https://www.slashfilm.com/2193492/michael-highest-grossing-musical-biopic-beat-bohemian-rhapsody-box-office/,,,,Subject requires review
Disclosure Day Subtly Recalls One Of James Cameron's Most Underrated Movies,2026-06-12T21:00:00+00:00,,no,https://www.slashfilm.com/2191937/disclosure-day-recalls-james-cameron-underrated-movie-the-abyss/,,,,Subject requires review
Dutton Ranch Episode 6 Feels Like The Cowboy Version Of Reacher Season 3 — And We Don,2026-06-13T00:45:00+00:00,,no,https://www.slashfilm.com/2191228/dutton-ranch-episode-6-cowboy-version-racher-season-3-feeling/,,,,Subject requires review
I've Seen Every Episode Of Lost. Every Lousy Imitator Failed For This Key Reason,2026-06-13T13:00:00+00:00,,no,https://www.slashfilm.com/2192100/lost-tv-series-imitators-failure-reason/,,,,Subject requires review
"After Disclosure Day, There's Only One Steven Spielberg Movie You Need To Watch – And It's Not Close Encounters",2026-06-13T15:00:00+00:00,,no,https://www.slashfilm.com/2192394/watch-steven-spielberg-the-post-after-disclosure-day/,,,,Subject requires review
10 Best Family Movies Nobody Talks About Anymore - SlashFilm,2026-06-13T15:10:00+00:00,,no,https://www.slashfilm.com/2189478/best-family-movies-nobody-talks-about-anymore/,,,,Subject requires review
The Hidden Detail In Dune Most Fans Never Notice - SlashFilm,2026-06-13T16:00:00+00:00,,no,https://www.slashfilm.com/2192943/hidden-dune-detail-most-fans-never-notice/,,,,Subject requires review
Arnold Schwarzenegger Made His Debut In This Forgotten '70s Fantasy Movie,2026-06-13T16:30:00+00:00,,no,https://www.slashfilm.com/2192948/arnold-schwarzenegger-movie-debut-forgotten-70s-fantasy-movie-hercules-in-new-york/,,,,Subject requires review
Project Hail Mary And Disclosure Day Have One Thing In Common (And It Makes Both Movies Better) - SlashFilm,2026-06-13T17:00:00+00:00,,no,https://www.slashfilm.com/2193103/project-hail-mary-disclosure-day-one-thing-common/,,,,Subject requires review
Arnold Schwarzenegger Almost Starred In A Pirate Movie Based On A Famous Literary Character [Exclusive] - SlashFilm,2026-06-13T20:45:00+00:00,,no,https://www.slashfilm.com/2192682/arnold-schwarzenegger-almost-starred-pirate-movie-captain-blood/,,,,Subject requires review
Roger Ebert Gave A Perfect Rating To This Neve Campbell Drama That Most Critics Despised - SlashFilm,2026-06-13T21:45:00+00:00,,no,https://www.slashfilm.com/2193084/roger-ebert-perfect-rating-critics-hated-neve-campbell-drama-when-will-i-be-loved/,,,,Subject requires review
Why Sam Raimi Turned Down The Offer To Direct This Infamous Stephen King Movie - SlashFilm,2026-06-14T10:45:00+00:00,,no,https://www.slashfilm.com/2167446/why-sam-raimi-turned-down-director-stephen-king-movie-children-of-the-corn/,,,,Subject requires review
Disclosure Day's Secret Indiana Jones Homage Echoes A Chilling Last Crusade Moment,2026-06-14T12:00:00+00:00,,no,https://www.slashfilm.com/2193772/disclosure-day-indiana-jones-last-crusade-homage-explained/,,,,Subject requires review
The Forgotten Cost-Saving TV Show Trend That Needs To Come Back - SlashFilm,2026-06-14T14:00:00+00:00,,no,https://www.slashfilm.com/2193165/forgotten-cost-saving-tv-show-trend-needs-come-back-bottle-episodes/,,,,Subject requires review
"Before The Terminator, Arnold Schwarzenegger Starred In A Forgotten Comedy With Jeff Bridges - SlashFilm",2026-06-14T15:00:00+00:00,,no,https://www.slashfilm.com/2192727/arnold-schwarzenegger-forgotten-comedy-jeff-bridges-stay-hungry/,,,,Subject requires review
Tom Hanks Had Harsh Words For A Critic Who Tore Apart His Directorial Debut - SlashFilm,2026-06-14T16:00:00+00:00,,no,https://www.slashfilm.com/2193534/tom-hanks-harsh-words-critic-tore-apart-that-thing-you-do/,,,,Subject requires review
Warren Beatty And Diane Keaton's Forgotten Comedy Is One Of The Biggest Box Office Flops Of All Time,2026-06-14T17:00:00+00:00,,no,https://www.slashfilm.com/2193580/warren-beatty-diane-keaton-town-and-country-big-box-office-flop/,,,,Subject requires review
One Wizard Of Oz Movie Decision Changed The Book's Entire Story,2026-06-14T18:00:00+00:00,,no,https://www.slashfilm.com/2193794/the-wizard-of-oz-decision-changed-book-story-dream-dorothy/,,,,Subject requires review
This Time Travel Movie From The '50s Had Groundbreaking Dinosaur Special Effects,2026-06-14T20:20:00+00:00,,no,https://www.slashfilm.com/2193796/time-travel-movie-journey-to-the-beginning-of-time-dinosaur-special-effects/,,,,Subject requires review
Disclosure Day's Most Surprising Performance Has The Perfect Origin Story,2026-06-14T21:00:00+00:00,,no,https://www.slashfilm.com/2193914/disclosure-day-surprising-peformance-courtney-grace-real-news-anchor/,,,,Subject requires review
J.R.R. Tolkien Didn't Mince Words About The First Ever Lord Of The Rings Adaptation,2026-06-14T22:00:00+00:00,,no,https://www.slashfilm.com/2193799/jrr-tolkien-harsh-words-the-lord-the-rings-bbc-adaptation/,,,,Subject requires review
15 Greatest Best Picture Oscar Nominees That Didn't Win,2026-06-14T22:10:00+00:00,,no,https://www.slashfilm.com/2189607/greatest-best-picture-oscar-nominees-not-win/,,,,Subject requires review
One Arnold Schwarzenegger Stunt Led To Real-Life Jeopardy For The Stunt Performer [Exclusive] - SlashFilm,2026-06-15T00:45:00+00:00,,no,https://www.slashfilm.com/2193607/arnold-schwarzenegger-stunt-jeopardy-performer-eraser-plane-scene/,,,,Subject requires review
Sam Elliott And Noah Wyle Crossed Paths In This Eerie 2000s TV Play With An A-List Cast - SlashFilm,2026-06-15T10:45:00+00:00,,no,https://www.slashfilm.com/2193930/sam-elliott-noah-wyle-2000s-tv-play-fail-safe/,,,,Subject requires review
Guillermo Del Toro's Unmade Hellboy III Would've Concluded One Of The Best Superhero Trilogies,2026-06-15T11:30:00+00:00,,no,https://www.slashfilm.com/2191829/hellboy-3-best-guillermo-del-toro-movie-never-made/,,,,Subject requires review
Disclosure Day Director Steven Spielberg Does One Thing Better Than Anyone Else In Movie History - SlashFilm,2026-06-15T13:00:00+00:00,,no,https://www.slashfilm.com/2193296/disclosure-day-steven-spielberg-best-chase-movie-director/,,,,Subject requires review
5 Great Thriller Books That Hollywood Needs To Adapt Into Movies And TV Shows - SlashFilm,2026-06-15T14:00:00+00:00,,no,https://www.slashfilm.com/2193954/thriller-books-hollywood-should-adapt-movies-tv-shows/,,,,Subject requires review
House Of The Dragon Season 3 Review: Bigger And Darker - With Mixed Results - SlashFilm,2026-06-15T15:00:00+00:00,,no,https://www.slashfilm.com/2194042/house-of-the-dragon-season-3-review/,,,,Subject requires review
The Bear Detail That Makes Rewatching The Show Way More Rewarding - SlashFilm,2026-06-15T15:30:00+00:00,,no,https://www.slashfilm.com/2194070/the-bear-detail-money-in-tomato-cans-rewatch-rewarding/,,,,Subject requires review
Sean Connery Almost Starred In One Of 1980's Most Controversial Thrillers,2026-06-15T16:00:00+00:00,,no,https://www.slashfilm.com/2194134/sean-connery-almost-starred-1980-thriller-dressed-to-kill/,,,,Subject requires review
How Much Does Disclosure Day Need To Make At The Box Office To Be A Hit? - SlashFilm,2026-06-15T16:45:00+00:00,,no,https://www.slashfilm.com/2194385/how-much-money-disclosure-day-needs-make-box-office-hit/,,,,Subject requires review
Interview With The Vampire Fans Have To Read This Dark Fantasy Book Trilogy - SlashFilm,2026-06-15T17:45:00+00:00,,no,https://www.slashfilm.com/2194198/interview-with-the-vampire-fans-have-to-read-dark-fantasy-trilogy-empire-of-the-vampire/,,,,Subject requires review
Russell Crowe Didn't Hold Back About The Gladiator Sequel,2026-06-15T18:45:00+00:00,,no,https://www.slashfilm.com/2194517/russell-crowe-harsh-words-gladiator-sequel/,,,,Subject requires review
What Masters Of The Universe's Box Office Means For The Future Of The Franchise,2026-06-15T20:00:00+00:00,,no,https://www.slashfilm.com/2194600/masters-of-the-universe-box-office-franchise-future-meaning/,,,,Subject requires review
Game Of Thrones: Tyrion Lannister's Downfall Can Be Traced Back To One Moment,2026-06-15T22:00:00+00:00,,no,https://www.slashfilm.com/2194089/game-of-thrones-tyrion-lannister-downfall-traced-back-one-moment/,,,,Subject requires review
Jurassic World Fans Will Enjoy This Ambitious 2012 Dinosaur Movie With A Unique Twist - SlashFilm,2026-06-16T00:45:00+00:00,,no,https://www.slashfilm.com/2194780/jurassic-world-fans-enjoy-2012-found-footage-the-dinosaur-project/,,,,Subject requires review
Yellowstone Creator Taylor Sheridan Was Shocked By How Accurate The Series Turned Out To Be - SlashFilm,2026-06-16T11:45:00+00:00,,no,https://www.slashfilm.com/2194950/yellowstone-taylor-sheridan-shocked-series-accuracy/,,,,Subject requires review
We Asked A Real-Life Attorney: What Would It Be Like To Actually Take The Punisher To Trial? - SlashFilm,2026-06-16T12:00:00+00:00,,no,https://www.slashfilm.com/2194455/real-life-attorney-the-punisher-trial-accuracy/,,,,Subject requires review
"5 Best Captain America Villains Of All Time, Ranked - SlashFilm",2026-06-16T13:00:00+00:00,,no,https://www.slashfilm.com/2175537/captain-america-best-villains-ranked/,,,,Subject requires review
"Before Alias, Jennifer Garner Starred In This Failed TV Spin-Off - SlashFilm",2026-06-16T15:00:00+00:00,,no,https://www.slashfilm.com/2190930/alias-jennifer-garner-failed-spin-off-time-of-your-life/,,,,Subject requires review
Primitive War Director's Next Movie Takes Dinosaurs To The Wild West,2026-06-16T16:06:01+00:00,,no,https://www.slashfilm.com/2195430/primitive-war-director-new-movie-dinosaurs-of-the-wild-west-trailer/,,,,Subject requires review
Death Stranding Live-Action Movie Gets Update From Director Michael Sarnoski [Exclusive] - SlashFilm,2026-06-16T16:30:00+00:00,,no,https://www.slashfilm.com/2195443/death-stranding-movie-update-director-michael-sarnoski/,,,,Subject requires review
The Shrek 5 Trailer Looks Like A Giant Step Backwards For The Franchise - SlashFilm,2026-06-16T16:54:42+00:00,,no,https://www.slashfilm.com/2195498/shrek-5-first-trailer/,,,,Subject requires review
Pluribus Season 2 Gets A Positive Update From Series Creator Vince Gilligan - SlashFilm,2026-06-16T17:00:00+00:00,,no,https://www.slashfilm.com/2195461/pluribus-season-2-writing-update-vince-gilligan/,,,,Subject requires review
Clint Eastwood Asked Matt Damon A Difficult Question On Their First Day Working Together - SlashFilm,2026-06-16T17:45:00+00:00,,no,https://www.slashfilm.com/2194966/clint-eastwood-matt-damon-difficult-question-filming-multiple-takes/,,,,Subject requires review
Does Toy Story 5 Have A Post-Credits Scene? A Spoiler-Free Guide - SlashFilm,2026-06-16T18:00:00+00:00,,no,https://www.slashfilm.com/2195570/toy-story-5-post-credits-scene-guide/,,,,Subject requires review
Young Steven Spielberg Got Kicked Off A Legendary Director's Movie Set,2026-06-16T18:45:00+00:00,,no,https://www.slashfilm.com/2195641/steven-spielberg-kicked-off-director-set-alfred-hitchcock/,,,,Subject requires review
Cameron Diaz's '90s Fantasy Movie With Ewan McGregor Has An Unbelievable Premise,2026-06-16T20:00:00+00:00,,no,https://www.slashfilm.com/2195694/cameron-diaz-ewan-mcgregor-90s-fantasy-movie-a-life-less-ordinary/,,,,Subject requires review
Ray Bradbury And A Legendary Hollywood Director Teamed Up For An Adventure Movie Based On A Classic Book - SlashFilm,2026-06-17T13:00:00+00:00,,no,https://www.slashfilm.com/2196119/ray-bradbury-john-huston-adventure-movie-classic-book-moby-dick/,,,,Subject requires review
DC's Supergirl Movie May Not Fly Very High At The Box Office,2026-06-17T17:00:00+00:00,,no,https://www.slashfilm.com/2196495/supergirl-2026-dc-movie-box-office-preview/,,,,Subject requires review
"Daveigh Chase, The Ring Star And Disney Icon, Dead At 35 - SlashFilm",2026-06-17T18:00:00+00:00,,no,https://www.slashfilm.com/2196648/daveigh-chase-the-ring-disney-icon-lilo-and-sitch-dead-35-obituary/,,,,Subject requires review
This 1980 Fantasy Movie With A Cult Following Is Waiting To Be Rediscovered On Tubi - SlashFilm,2026-06-17T22:45:00+00:00,,no,https://www.slashfilm.com/2196321/cult-1980-fantasy-movie-hawk-the-slayer-streaming-free-tubi/,,,,Subject requires review
Anthony Bourdain Had A Small Role In One Of The Worst Video Game Movies Ever Made - SlashFilm,2026-06-18T00:45:00+00:00,,no,https://www.slashfilm.com/2196602/anthony-bourdain-worst-video-game-movie-far-cry-role/,,,,Subject requires review
"Despite 4 Oscars, Clint Eastwood Still Doesn't Have One Major Award",2026-06-18T10:45:00+00:00,,no,https://www.slashfilm.com/2196367/clint-eastwood-4-oscars-no-best-actor-award/,,,,Subject requires review
Jackass: Best And Last Will Set An Unwanted Box Office Record For The Franchise - SlashFilm,2026-06-18T13:00:00+00:00,,no,https://www.slashfilm.com/2196721/jackass-best-and-last-box-office-preview/,,,,Subject requires review
"10 Best Movies With The Fake Dating Trope, Ranked - SlashFilm",2026-06-18T15:10:00+00:00,,no,https://www.slashfilm.com/2192372/best-movies-fake-dating-trope-ranked/,,,,Subject requires review
"A24's 5 Best Movies, According To Rotten Tomatoes",2026-06-18T17:00:00+00:00,,no,https://www.slashfilm.com/2196847/a24-best-movies-rotten-tomatoes/,,,,Subject requires review
First Reactions To Supergirl Have Critics Saying The Same Thing - SlashFilm,2026-06-18T21:43:32+00:00,,no,https://www.slashfilm.com/2197812/supergirl-first-reactions/,,,,Subject requires review
Toy Story 5 Ending Explained: How The Toys Take On Tech - And Who Comes Out On Top - SlashFilm,2026-06-18T22:00:00+00:00,,no,https://www.slashfilm.com/2197686/toy-story-5-movie-ending-explained/,,,,Subject requires review
"One Of Jim Carrey's Biggest Box Office Hits Is Getting A Sequel, But Will It Work?",2026-06-18T22:32:39+00:00,,no,https://www.slashfilm.com/2197836/jim-carrey-biggest-box-office-hit-sequel-the-grinch/,,,,Subject requires review
Toy Story 5 Post-Credits Scenes Explained: Hi-Tech Buzz Lightyear And A Catchy Friendship Rap - SlashFilm,2026-06-19T00:45:00+00:00,,no,https://www.slashfilm.com/2197731/toy-story-5-post-credits-scenes-explained/,,,,Subject requires review
Toy Story 5 Almost Gave Jessie A Much Different Emotional Tie Back To Toy Story 2 - SlashFilm,2026-06-19T15:00:00+00:00,,no,https://www.slashfilm.com/2198045/toy-story-5-jessie-original-owner/,,,,Subject requires review
"10 Best Movies About Wishes, Ranked",2026-06-19T15:10:00+00:00,,no,https://www.slashfilm.com/2192371/best-movies-about-wishes-ranked/,,,,Subject requires review
Sugar Season 2 Raises A Serious Question About That Bizarre Season 1 Twist - SlashFilm,2026-06-19T16:00:00+00:00,,no,https://www.slashfilm.com/2198076/sugar-season-2-question-alien-twist/,,,,Subject requires review
"James Burrows, TV Legend Of Friends, Cheers, And Will & Grace Fame, Dead At 85 - SlashFilm",2026-06-19T20:06:37+00:00,,no,https://www.slashfilm.com/2198209/james-burrows-friends-cheers-will-and-grace-director-dead-obituary/,,,,Subject requires review
Toy Story 2 Borrowed A Location Straight From A Bug's Life,2026-06-19T20:49:18+00:00,,no,https://www.slashfilm.com/2198226/toy-story-2-a-bugs-life-location/,,,,Subject requires review
Project Hail Mary Author Andy Weir Took One Cool Prop Home From The Movie,2026-06-19T21:00:00+00:00,,no,https://www.slashfilm.com/2198054/project-hail-mary-andy-weir-took-prop-home-xenonite/,,,,Subject requires review
Iconic TV Director James Burrows Was Responsible For The Most Important Big Bang Theory Episode - SlashFilm,2026-06-19T21:13:22+00:00,,no,https://www.slashfilm.com/2198233/tv-director-james-burrows-directed-the-big-bang-theory-pilot/,,,,Subject requires review
Dutton Ranch Episode 7 Uses A Classic TV Format To Deliver Its Best And Worst Episode Yet - SlashFilm,2026-06-19T21:58:02+00:00,,no,https://www.slashfilm.com/2198248/dutton-ranch-episode-7-classic-tv-format-bottle-episode/,,,,Subject requires review
Dutton Ranch Episode 7 Finally Reveals Its 'Secret Villain' — And He's Not All That Villainous,2026-06-19T22:00:00+00:00,,no,https://www.slashfilm.com/2198218/dutton-ranch-episode-7-secret-villain-reveal-mariano-reyes/,,,,Subject requires review
The Death Of Robin Hood: Why Little John Looks So Familiar - SlashFilm,2026-06-20T00:45:00+00:00,,no,https://www.slashfilm.com/2197600/little-john-the-death-of-robin-hood-actor-bill-skarsgard/,,,,Subject requires review
Toy Story 5 Is A Direct Sequel To Toy Story 2 (And Makes That Movie Even Better) - SlashFilm,2026-06-20T01:17:28+00:00,,no,https://www.slashfilm.com/2198288/toy-story-5-direct-sequel-toy-story-2-movie-better/,,,,Subject requires review
Why Anna Faris Left Mom After Seven Seasons,2026-06-20T10:45:00+00:00,,no,https://www.slashfilm.com/2197804/why-anna-faris-left-mom/,,,,Subject requires review
Project Hail Mary's First Cut Was Almost Four Hours Long - And The Initial Feedback Was Brutal,2026-06-20T11:45:00+00:00,,no,https://www.slashfilm.com/2196968/project-hail-mary-first-cut-four-hours-long-brutal-feedback/,,,,Subject requires review
What Ray Bradbury Really Thought About The 1966 Fahrenheit 451 Adaptation - SlashFilm,2026-06-20T14:00:00+00:00,,no,https://www.slashfilm.com/2197739/ray-bradbury-thoughts-1966-fahrenheit-451-adaptation/,,,,Subject requires review
Kurt Russell's Disaster Movie Remake Was One Of 2006's Biggest Box Office Flops,2026-06-20T15:00:00+00:00,,no,https://www.slashfilm.com/2196944/kurt-russell-disaster-movie-poseidon-2006-big-box-office-flop/,,,,Subject requires review
"Hollywood's First Major Black Superhero Movie Was, Unfortunately, A '90s Flop",2026-06-20T16:30:00+00:00,,no,https://www.slashfilm.com/2196924/hollywood-first-major-black-superhero-movie-90s-flop-the-meteor-man/,,,,Subject requires review
Rod Serling Had Nothing But Harsh Words For One Night Gallery Segment - SlashFilm,2026-06-20T17:00:00+00:00,,no,https://www.slashfilm.com/2197827/rod-serling-harsh-words-night-gallery-segment-the-different-ones/,,,,Subject requires review
How Stargate Atlantis Turned The Simpsons' Duff Beer Into A Crucial Plot Device,2026-06-20T18:00:00+00:00,,no,https://www.slashfilm.com/2197760/stargate-atlantis-the-simpsons-duff-beer-crucial-plot-device/,,,,Subject requires review
Andy Weir Adored This Ryan Gosling Space Movie That Should Have Never Flopped - SlashFilm,2026-06-20T20:00:00+00:00,,no,https://www.slashfilm.com/2185322/andy-weir-thoughts-ryan-gosling-flop-space-movie-first-man/,,,,Subject requires review
Clint Eastwood Wishes He Could Have Made Movies With These 3 Legendary Directors - SlashFilm,2026-06-20T22:00:00+00:00,,no,https://www.slashfilm.com/2197097/clint-eastwood-wishes-made-movies-legendary-directors/,,,,Subject requires review
Why Billy Bob Thornton Found Playing His Landman Character So Easy - SlashFilm,2026-06-21T00:00:00+00:00,,no,https://www.slashfilm.com/2196748/why-billy-bob-thornton-finds-landman-character-easy/,,,,Subject requires review
Matthew McConaughey's Texan Drawl Cost Him A Part In A Record-Breaking Blockbuster,2026-06-21T00:45:00+00:00,,no,https://www.slashfilm.com/2198268/matthew-mcconaughey-texan-accent-lost-role-titanic/,,,,Subject requires review
"Japan Couldn't Afford To Play A Charlie Chaplin Classic, So They Staged Their Own Adaptation",2026-06-21T14:00:00+00:00,,no,https://www.slashfilm.com/2183755/charlie-chaplin-adaptation-staged-japan/,,,,Subject requires review
"20 Best TV Shows Of The 2010s, Ranked",2026-06-21T15:10:00+00:00,,no,https://www.slashfilm.com/2194389/best-tv-shows-2010s-ranked/,,,,Subject requires review
"Marlon Brando Hated Burt Reynolds So Much, He Threatened To Quit One Of His Biggest Roles - SlashFilm",2026-06-21T17:00:00+00:00,,no,https://www.slashfilm.com/2176422/marlon-brando-hate-burt-reynolds-threat-quit-the-godfather/,,,,Subject requires review
How Steven Spielberg Got Clint Eastwood To Direct His 2006 War Movie With One Question - SlashFilm,2026-06-21T18:00:00+00:00,,no,https://www.slashfilm.com/2197695/how-steven-spielberg-convinced-clint-eastwood-direct-war-movie-flags-of-our-fathers/,,,,Subject requires review
Game Of Thrones Author George R.R. Martin Recommends This Viking-Inspired Fantasy Book Series - SlashFilm,2026-06-21T19:00:00+00:00,,no,https://www.slashfilm.com/2198395/george-rr-martin-recommends-fantasy-book-series-shattered-sea/,,,,Subject requires review
What Lord Of The Rings Author J.R R. Tolkien Really Thought About The Chronicles Of Narnia - SlashFilm,2026-06-21T20:20:00+00:00,,no,https://www.slashfilm.com/2198468/lord-of-the-rings-jrr-tolkien-real-thoughts-the-chronicles-of-narnia/,,,,Subject requires review
"Before Zack Snyder's Man Of Steel, Amy Adams Tried To Kill Clark Kent On Smallville",2026-06-21T21:00:00+00:00,,no,https://www.slashfilm.com/2176938/zack-snyder-man-of-steel-amy-adams-kill-clark-kent-smallville/,,,,Subject requires review
"Before Dune, Austin Butler Starred In This Fantasy Series Based On A Best-Selling Book Series - SlashFilm",2026-06-21T23:00:00+00:00,,no,https://www.slashfilm.com/2198515/dune-austin-butler-canceled-fantasy-series-the-shannara-chronicles/,,,,Subject requires review
House Of The Dragon Season 3's Battle Of The Gullet Is Impressive – But It Has A Huge Issue,2026-06-22T01:00:00+00:00,,no,https://www.slashfilm.com/2194632/house-of-the-dragon-season-3-battle-of-the-gullet-impressive-issue/,,,,Subject requires review
House Of The Dragon Season 3's First Major Death Will Ruin Your Day,2026-06-22T02:00:00+00:00,,no,https://www.slashfilm.com/2196935/house-of-the-dragon-season-3-jace-death-explained/,,,,Subject requires review
House Of The Dragon Season 3's Battle Of The Gullet Changes The Book In Major Ways,2026-06-22T04:00:00+00:00,,no,https://www.slashfilm.com/2195436/house-of-the-dragon-season-3-battle-of-the-gullet-book-changes/,,,,Subject requires review
It's Time To Debunk The Most Ridiculous Piece Of Titanic Trivia On The Internet,2026-06-22T12:00:00+00:00,,no,https://www.slashfilm.com/2196462/titanic-most-ridiculous-internet-trivia-debunked/,,,,Subject requires review
There's One Thing All House Of The Dragon Fans Can Agree About,2026-06-22T13:00:00+00:00,,no,https://www.slashfilm.com/2194291/house-of-the-dragon-fans-agree-one-thing-ramin-djawadi-score/,,,,Subject requires review
Ridley Scott's Unmade Alien Sequel Leaves A Brutal Hole In The Franchise Timeline,2026-06-22T14:00:00+00:00,,no,https://www.slashfilm.com/2197226/ridley-scott-unmade-alien-sequel-hole-franchise-timeline/,,,,Subject requires review
House Of The Dragon Season 3 Took A Disturbing Game Of Thrones Tradition To A New Level - SlashFilm,2026-06-22T15:00:00+00:00,,no,https://www.slashfilm.com/2196954/house-of-the-dragon-season-3-disturbing-game-of-thrones-tradition-aemond-alicent-kiss/,,,,Subject requires review
Dustin Hoffman Starred In One Of The Best Thrillers Of The '70s,2026-06-22T15:30:00+00:00,,no,https://www.slashfilm.com/2198649/dustin-hoffman-best-70s-thriller-marathon-man/,,,,Subject requires review
The Community Season 3 Episode That Was Ahead Of Its Time - SlashFilm,2026-06-22T16:00:00+00:00,,no,https://www.slashfilm.com/2198522/community-season-3-episode-remedial-chaos-theory-ahead-of-its-time/,,,,Subject requires review
What Toy Story 5's Box Office Means For The Future Of The Franchise,2026-06-22T16:51:50+00:00,,no,https://www.slashfilm.com/2199045/toy-story-5-box-office-franchise-future-meaning/,,,,Subject requires review
How To Watch The Sheep Detectives At Home,2026-06-22T17:01:32+00:00,,no,https://www.slashfilm.com/2199067/how-watch-the-sheep-detectives-at-home/,,,,Subject requires review
Backrooms Did Something No Other A24 Movie Has Done At The Box Office - SlashFilm,2026-06-22T17:45:00+00:00,,no,https://www.slashfilm.com/2199132/backrooms-box-office-record-a24-movie/,,,,Subject requires review
How To Watch Paul Rudd's Power Ballad At Home,2026-06-22T18:45:00+00:00,,no,https://www.slashfilm.com/2199166/how-watch-paul-rudd-power-ballad-home/,,,,Subject requires review
House Of The Dragon Season 3: How [SPOILER] Feels About The Big Premiere Death - SlashFilm,2026-06-22T19:45:00+00:00,,no,https://www.slashfilm.com/2199201/harry-collett-jace-house-of-the-dragon-season-3-death-feelings/,,,,Subject requires review
George R. R. Martin Once Shared Frank Herbert's Frustrations With Dune Fans,2026-06-22T20:00:00+00:00,,no,https://www.slashfilm.com/2198179/george-rr-martin-frank-herbert-frustration-dune-fans/,,,,Subject requires review
10 Best Superhero Movies Of Each Year Of The 2010s - SlashFilm,2026-06-22T22:10:00+00:00,,no,https://www.slashfilm.com/2196466/best-superhero-movies-each-year-2010s/,,,,Subject requires review
Obsession And Sinners Have One Impressive Thing In Common At The Box Office - SlashFilm,2026-06-22T23:45:00+00:00,,no,https://www.slashfilm.com/2199419/obsession-sinners-common-thing-box-office/,,,,Subject requires review
How To Watch David Lynch's Twin Peaks - Can You Stream It?,2026-06-23T14:00:00+00:00,,no,https://www.slashfilm.com/2186718/how-watch-david-lynch-twin-peaks-streaming/,,,,Subject requires review
How To Watch The Devil Wears Prada 2 At Home,2026-06-23T15:00:00+00:00,,no,https://www.slashfilm.com/2199768/how-watch-the-devil-wears-prada-2-at-home/,,,,Subject requires review
5 Fantasy Books Every George R. R. Martin Fan Should Read At Least Once - SlashFilm,2026-06-23T16:00:00+00:00,,no,https://www.slashfilm.com/2199730/fantasy-books-george-rr-martin-fans-should-read/,,,,Subject requires review
This Clint Eastwood Action Epic Is Easily The Actor's Most Overlooked '70s Movie,2026-06-23T18:00:00+00:00,,no,https://www.slashfilm.com/2188456/clint-eastwood-70s-action-movie-the-gauntlet/,,,,Subject requires review
House Of The Dragon Showrunner Explains Why Two Characters Were Cut From The Battle Of The Gullet - SlashFilm,2026-06-23T18:39:35+00:00,,no,https://www.slashfilm.com/2200053/house-of-the-dragon-ryan-condal-why-aegon-viserys-cut-battle-of-the-gullet/,,,,Subject requires review
The Pitt's Supriya Ganesh Has A Theory About Mohan's Letter Of Recommendation From Abbot,2026-06-23T18:45:00+00:00,,no,https://www.slashfilm.com/2199408/the-pitt-supriya-ganesh-theory-mohan-letter-abbot/,,,,Subject requires review
Hollywood Needs To Get Its Act Together And Adapt This Mind-Melting Blake Crouch Book - SlashFilm,2026-06-24T00:45:00+00:00,,no,https://www.slashfilm.com/2199472/hollywood-should-adapt-blake-crouch-book-recursion/,,,,Subject requires review
This '70s Sitcom That Was Ahead Of Its Time Had Warnings Before Each Episode,2026-06-24T10:45:00+00:00,,no,https://www.slashfilm.com/2199435/forgotten-70s-sitcom-hot-l-baltimore-warnings-every-episode/,,,,Subject requires review
"Supergirl's Jason Momoa Knows He's Getting Typecast, And He Couldn't Care Less [Exclusive]",2026-06-24T13:00:00+00:00,,no,https://www.slashfilm.com/2199233/supergirl-star-jason-momoa-typecast-feelings/,,,,Subject requires review
Supergirl Review: Milly Alcock Shines As The Self-Destructive Savior Of The DCU - SlashFilm,2026-06-24T16:00:00+00:00,,no,https://www.slashfilm.com/2200480/supergirl-2026-movie-review/,,,,Subject requires review
"Dutton Ranch Season 2 Is Happening, And There's One Thing We Need To See",2026-06-24T18:14:47+00:00,,no,https://www.slashfilm.com/2200884/dutton-ranch-season-2-renewed-one-thing-need-to-see/,,,,Subject requires review
Does Supergirl Have A Post-Credits Scene? A Spoiler-Free Guide - SlashFilm,2026-06-25T00:45:00+00:00,,no,https://www.slashfilm.com/2200605/supergirl-2026-movie-post-credits-scene-guide/,,,,Subject requires review
John Wayne's Biggest Box Office Hit Spent Over $1 Million On Covered Wagons,2026-06-25T10:45:00+00:00,,no,https://www.slashfilm.com/2200546/john-wayne-biggest-box-office-hit-1-million-covered-wagons-how-the-west-was-won/,,,,Subject requires review
"10 Best TV Wedding Episodes Of All Time, Ranked",2026-06-25T15:10:00+00:00,,no,https://www.slashfilm.com/2197425/best-tv-wedding-episodes-ranked/,,,,Subject requires review
5 Actors Who Could Play Carl In Peacock's Dungeon Crawler Carl Series,2026-06-25T15:40:57+00:00,,no,https://www.slashfilm.com/2201598/peacock-dungeon-crawler-series-carl-potential-actors/,,,,Subject requires review
Supergirl's Budget & How Much It Needs To Make At The Box Office Explained,2026-06-25T19:00:00+00:00,,no,https://www.slashfilm.com/2201720/supergirl-budget-how-much-need-make-box-office/,,,,Subject requires review
Why Jamie Foxx And Robert Downey Jr.'s Movie All-Star Weekend Still Hasn't Come Out,2026-06-25T22:00:00+00:00,,no,https://www.slashfilm.com/2201042/why-all-star-weekend-jamie-foxx-robert-downey-jr-movie-not-out/,,,,Subject requires review
How Kelly Reilly And Cole Hauser Feel About A Dutton Ranch Crossover With Marshals - SlashFilm,2026-06-26T00:42:41+00:00,,no,https://www.slashfilm.com/2202171/kelly-reilly-cole-hauser-dutton-ranch-marshals-crossover-feelings/,,,,Subject requires review
How Supergirl Sets Up Kara's Role In James Gunn's Man Of Tomorrow,2026-06-26T00:45:00+00:00,,no,https://www.slashfilm.com/2201172/supergirl-setup-kara-role-james-gunn-man-of-tomorrow-explained/,,,,Subject requires review
Here's What Prepared Milly Alcock For Supergirl (It's Not House Of The Dragon) [Exclusive],2026-06-26T10:45:00+00:00,,no,https://www.slashfilm.com/2198664/milly-alcock-supergirl-movie-preparation-not-house-of-the-dragon/,,,,Subject requires review
The Bear Season 5's Subtle Rob Reiner Tribute Explained,2026-06-26T13:02:03+00:00,,no,https://www.slashfilm.com/2202285/the-bear-season-5-rob-reiner-tribute-explained/,,,,Subject requires review
"10 Best Movies Of The '70s, According To IMDb",2026-06-26T15:10:00+00:00,,no,https://www.slashfilm.com/2201942/best-movies-70s-according-imdb/,,,,Subject requires review
The Bear Fans Aren't Holding Back Their Thoughts On The Series Finale,2026-06-26T18:25:10+00:00,,no,https://www.slashfilm.com/2202756/the-bear-fans-thoughts-series-finale/,,,,Subject requires review
The Dutton Ranch Episode 8 Twist Confirms Everyone's Worst Suspicions About 10 Petal Ranch,2026-06-26T18:44:26+00:00,,no,https://www.slashfilm.com/2202789/dutton-ranch-episode-8-twist-petal-10-ranch-illegal-cattle/,,,,Subject requires review
Supergirl Isn't Shy At All About Setting Up The Next Big DC Movie Spin-Off,2026-06-26T19:00:00+00:00,,no,https://www.slashfilm.com/2200340/supergirl-dc-movie-spin-off-setup-lobo/,,,,Subject requires review
Dutton Ranch Just Set Up The Arrival Of The Show's Biggest Mystery Character,2026-06-26T20:29:16+00:00,,no,https://www.slashfilm.com/2202932/dutton-ranch-joaquin-dad-mariano-arrival-mystery-character/,,,,Subject requires review
The Bear's Ending Works Because Of One Secret Ingredient,2026-06-26T23:00:00+00:00,,no,https://www.slashfilm.com/2203034/the-bear-ending-work-secret-ingredient/,,,,Subject requires review
Why Supergirl's Alien Bus Driver Sounds So Familiar,2026-06-27T00:45:00+00:00,,no,https://www.slashfilm.com/2202077/supergirl-2026-movie-alien-bus-driver-voice-actor-seth-rogen/,,,,Subject requires review
Blake Crouch's Most Underrated Adaptation Is A TV Series That Was Canceled Too Soon,2026-06-27T14:00:00+00:00,,no,https://www.slashfilm.com/2201153/blake-crouch-underrated-tv-adaptation-good-behavior-canceled/,,,,Subject requires review
DC's Supergirl Movie Has One Strength That Could Also Be Its Biggest Problem,2026-06-27T16:00:00+00:00,,no,https://www.slashfilm.com/2201617/supergirl-dc-movie-strength-biggest-problem/,,,,Subject requires review
What J.R.R. Tolkien's Son Christopher Really Thought About The Lord Of The Rings Movies,2026-06-27T16:30:00+00:00,,no,https://www.slashfilm.com/2201659/jrr-tolkien-son-christopher-feelings-the-lord-of-the-rings-movies/,,,,Subject requires review
5 Movies And TV Shows Recommended By Andy Weir,2026-06-27T19:00:00+00:00,,no,https://www.slashfilm.com/2201699/movies-tv-shows-recommendations-andy-weir/,,,,Subject requires review
Dutton Ranch Star Jai Courtney Knows Why Audiences Love Rob-Will Jackson - SlashFilm,2026-06-27T20:00:00+00:00,,no,https://www.slashfilm.com/2200498/dutton-ranch-jai-courtney-why-rob-will-jackson-loved/,,,,Subject requires review
How Bridget Regan Felt About Leaving The Rookie After 4 Seasons - SlashFilm,2026-06-27T20:45:00+00:00,,no,https://www.slashfilm.com/2200536/bridget-regan-monica-stevens-feels-leaving-the-rookie/,,,,Subject requires review
Dennis Hopper's Forgotten '70s Anti-Vietnam War Movie Left Critics Divided,2026-06-27T21:45:00+00:00,,no,https://www.slashfilm.com/2201212/dennis-hopper-forgotten-70s-anti-vietnam-war-critics-divided-tracks/,,,,Subject requires review
Kurt Russell's Forgotten 1980 Flop Had Its Release Completely Ruined By The Studio,2026-06-27T23:00:00+00:00,,no,https://www.slashfilm.com/2201140/kurt-russell-1980-flop-used-cars-performed-well-test-audience-studio-killed-it/,,,,Subject requires review
Dutton Ranch's Joaquin Actor Once Appeared In An Action Thriller With A Landman Star,2026-06-28T10:45:00+00:00,,no,https://www.slashfilm.com/2202008/dutton-ranch-joaquin-juan-pablo-raba-landman-andy-garcia-action-thriller-long-gones-heroes/,,,,Subject requires review
Chris Evans Starred In An Unreleased Remake Of A Jack Nicholson Fantasy Movie - SlashFilm,2026-06-28T13:00:00+00:00,,no,https://www.slashfilm.com/2202065/chris-evans-unreleased-remake-jack-nicholson-fantasy-movie-the-witches-of-eastwick/,,,,Subject requires review
5 Ways DC's Supergirl Movie Changes The Incredible Woman Of Tomorrow Comics,2026-06-28T15:00:00+00:00,,no,https://www.slashfilm.com/2203271/supergirl-movie-dc-woman-of-tomorrow-comics-changes/,,,,Subject requires review
"20 Best Teen Movies Of The 1990s, Ranked",2026-06-28T15:10:00+00:00,,no,https://www.slashfilm.com/2201582/best-teen-movies-1990s-ranked/,,,,Subject requires review
"The Funniest Movie Of All Time, According To The American Film Institute - SlashFilm",2026-06-28T16:00:00+00:00,,no,https://www.slashfilm.com/2203183/funniest-movie-of-all-time-american-film-institute-blazing-saddles/,,,,Subject requires review
Michael Fassbender's Spy Thriller Series Is Easily One Of Paramount+'s Most Bingeable Shows,2026-06-28T18:00:00+00:00,,no,https://www.slashfilm.com/2202132/michael-fassbender-spy-thriller-series-the-agency-streaming-paramount-plus/,,,,Subject requires review
Ralph Bakshi's Lord Of The Rings Has A Live-Action Version You'll Never See,2026-06-28T18:45:00+00:00,,no,https://www.slashfilm.com/2201141/live-action-lord-of-the-rings-version-never-see/,,,,Subject requires review
"The Pitt Season 3: Cast Changes, Story & Everything We Know - SlashFilm",2026-06-28T19:00:00+00:00,,no,https://www.slashfilm.com/2202683/the-pitt-season-3-cast-changes-story-details-updates/,,,,Subject requires review
Johnny Knoxville's Biggest Box Office Hit Is A Superhero Movie He Never Actually Appears In,2026-06-28T22:00:00+00:00,,no,https://www.slashfilm.com/2203064/johnny-knoxville-biggest-box-office-hit-superhero-movie-teenage-mutant-ninja-turtles/,,,,Subject requires review
"5 Best Ray Bradbury Movies, Ranked",2026-06-28T23:00:00+00:00,,no,https://www.slashfilm.com/2202877/best-ray-bradbury-movies-ranked/,,,,Subject requires review
The Only Major Actors Still Alive From Newhart,2026-06-29T00:45:00+00:00,,no,https://www.slashfilm.com/2203332/only-major-actors-still-alive-newhart/,,,,Subject requires review
House Of The Dragon Season 3 Says A Brutal Goodbye To One Of Its Best Characters - SlashFilm,2026-06-29T02:15:00+00:00,,no,https://www.slashfilm.com/2202168/house-of-the-dragon-season-3-otto-hightower-death-explained/,,,,Subject requires review
House Of The Dragon Season 3's Big Problem Is Actually A Season 2 Issue,2026-06-29T03:15:00+00:00,,no,https://www.slashfilm.com/2197287/house-of-the-dragon-season-3-problem-season-2-issue/,,,,Subject requires review
House Of The Dragon Season 3 Just Skipped One Of The Book's Biggest Battles,2026-06-29T04:00:00+00:00,,no,https://www.slashfilm.com/2201879/house-of-the-dragon-season-3-skip-book-battle-fishfeed/,,,,Subject requires review
House Of The Dragon Season 3's Returning Characters Have A Big Problem,2026-06-29T11:30:00+00:00,,no,https://www.slashfilm.com/2202281/house-of-the-dragon-season-3-returning-characters-problem/,,,,Subject requires review
DC Studios Boss Breaks Silence On Supergirl Flopping At The Box Office - SlashFilm,2026-06-29T12:17:33+00:00,,no,https://www.slashfilm.com/2203615/dc-studios-peter-safran-supergirl-box-office-flop-statement/,,,,Subject requires review
Robert Eggers' Werwulf Trailer Promises Another Nightmarish Movie For Christmas,2026-06-29T12:22:06+00:00,,no,https://www.slashfilm.com/2203621/robert-eggers-werwulf-trailer/,,,,Subject requires review
The Absurdly Dark Pandemic Comedy That Hollywood Wouldn't Touch,2026-06-29T14:00:00+00:00,,no,https://www.slashfilm.com/2201049/dark-pandemic-comedy-hollywood-not-touch-harrows-alley/,,,,Subject requires review
5 Reasons Why Supergirl Flopped At The Box Office - SlashFilm,2026-06-29T17:00:32+00:00,,no,https://www.slashfilm.com/2204118/supergirl-box-office-flop-reasons/,,,,Subject requires review
Jason Bateman's Little House On The Prairie Role Explained,2026-06-29T20:00:00+00:00,,no,https://www.slashfilm.com/2203351/jason-bateman-little-house-on-the-prairie-role-explained/,,,,Subject requires review
How Supergirl's Box Office Failure Could Reshape The Future Of James Gunn's DC Studios,2026-06-29T20:00:04+00:00,,no,https://www.slashfilm.com/2204407/james-gunn-supergirl-box-office-dc-studios-future/,,,,Subject requires review
Christopher Nolan's Oppenheimer Is No Longer The Biggest Biopic Ever At The Box Office,2026-06-29T21:20:00+00:00,,no,https://www.slashfilm.com/2204416/christopher-nolan-oppenheimer-biggest-biopic-box-office-michael/,,,,Subject requires review
Jackass: Best And Last Set An Unwanted Box Office Record For The Franchise - SlashFilm,2026-06-29T22:00:00+00:00,,no,https://www.slashfilm.com/2204528/jackass-best-and-last-box-office-record-franchise-lowest-opening/,,,,Subject requires review
"10 Best Historical Movies Of The 21st Century, Ranked - SlashFilm",2026-06-29T22:10:00+00:00,,no,https://www.slashfilm.com/2204466/best-historical-movies-21st-century-ranked/,,,,Subject requires review
Clint Eastwood Once Explained Why He's So Drawn To Making War Movies,2026-06-30T00:45:00+00:00,,no,https://www.slashfilm.com/2203669/clint-eastwood-why-makes-war-movies/,,,,Subject requires review
What Happened To Justine Bateman From Family Ties? - SlashFilm,2026-06-30T10:45:00+00:00,,no,https://www.slashfilm.com/2203415/what-happened-family-ties-mallory-keaton-actress-justine-bateman/,,,,Subject requires review
How To Watch Obsession At Home,2026-06-30T12:38:35+00:00,,no,https://www.slashfilm.com/2204761/how-watch-obsession-movie-home/,,,,Subject requires review
Loki Actor Tom Hiddleston's Best Reviewed Movie Is A Forgotten 2010 Drama,2026-06-30T16:00:00+00:00,,no,https://www.slashfilm.com/2204769/loki-tom-hiddleston-best-reviewed-movie-2010-drama-archipelago/,,,,Subject requires review
This Forgotten '70s Movie Cast Anthony Hopkins Because Jack Nicholson Refused To Wear A Wig,2026-06-30T17:00:00+00:00,,no,https://www.slashfilm.com/2204968/forgotten-70s-movie-anthony-hopkins-jack-nicholson-refuse-wear-wig-magic/,,,,Subject requires review
Taylor Sheridan Explains Kevin Costner's Surprising Yellowstone Exit,2026-06-30T17:45:00+00:00,,no,https://www.slashfilm.com/2205139/taylor-sheridan-explains-kevin-costner-yellowstone-exit/,,,,Subject requires review
Yellowstone Boss Taylor Sheridan Didn't Mince Words About Critics,2026-06-30T18:10:43+00:00,,no,https://www.slashfilm.com/2205216/yellowstone-taylor-sheridan-harsh-words-critics/,,,,Subject requires review
5 Actors Who Could Play Violet Sorrengail In Amazon's Fourth Wing TV Series,2026-06-30T18:45:00+00:00,,no,https://www.slashfilm.com/2205209/amazon-fourth-wing-tv-series-violet-sorrengail-potential-actors/,,,,Subject requires review
Project Hail Mary: Only One Scene Between Ryan Gosling And Sandra Huller Wasn,2026-06-30T19:00:00+00:00,,no,https://www.slashfilm.com/2204997/project-hail-mary-ryan-gosling-sandra-huller-scene-not-improvised/,,,,Subject requires review
Robert Pattinson Played A Legendary Historical Figure In This Forgotten Nicole Kidman Movie - SlashFilm,2026-06-30T20:00:00+00:00,,no,https://www.slashfilm.com/2204561/robert-pattinson-legendary-figure-te-lawrence-nicole-kidman-queen-of-the-desert/,,,,Subject requires review
Tom Hardy's Mobland Future Seems Brighter After Initial Season 3 Shakeup,2026-06-30T20:21:03+00:00,,no,https://www.slashfilm.com/2205401/tom-hardy-mobland-season-3-return/,,,,Subject requires review
House Of The Dragon Fans Are Convinced Season 3 Directly Referenced The George R.R. Martin Controversy - SlashFilm,2026-06-30T23:00:00+00:00,,no,https://www.slashfilm.com/2205445/house-of-the-dragons-fans-convinced-season-3-references-george-rr-martin-controversy/,,,,Subject requires review
Emma Watson's First Post-Harry Potter Role Was In An Oscar-Nominated Marilyn Monroe Project,2026-07-01T00:45:00+00:00,,no,https://www.slashfilm.com/2205422/emma-watson-post-harry-potter-role-oscar-nominated-marilyn-monroe-movie/,,,,Subject requires review
5 Actors Who Could Play Xaden Riorson In Amazon's Fourth Wing TV Series,2026-07-01T10:45:00+00:00,,no,https://www.slashfilm.com/2205243/amazon-fourth-wing-tv-series-xaden-riorson-potential-actors/,,,,Subject requires review
Landman Season 3 Cast Salary Report Reveals Big Raises For Demi Moore And Ali Larter - SlashFilm,2026-07-01T11:10:16+00:00,,no,https://www.slashfilm.com/2205694/landman-season-3-cast-salary-report-demi-moore-ali-larter-raises/,,,,Subject requires review
Clint Eastwood Wasn't Afraid To Criticize John Wayne's Entire Acting Philosophy,2026-07-01T13:00:00+00:00,,no,https://www.slashfilm.com/2161223/clint-eastwood-criticized-john-wayne-acting-philosophy/,,,,Subject requires review
10 Best Coming-Of-Age Movies Nobody Talks About Anymore - SlashFilm,2026-07-01T15:10:00+00:00,,no,https://www.slashfilm.com/2205204/best-coming-of-age-movies-nobody-talks-about-anymore/,,,,Subject requires review
First Evil Dead Burn Reactions Have Everyone Saying The Same Thing - SlashFilm,2026-07-01T15:46:40+00:00,,no,https://www.slashfilm.com/2205987/evil-dead-burn-reactions-everyone-saying-same-thing/,,,,Subject requires review
This '90s Fantasy Movie From A Harry Potter Director Flew Under Everyone's Radar,2026-07-01T16:00:00+00:00,,no,https://www.slashfilm.com/2205738/harry-potter-director-alfonso-cuaron-90s-fantasy-movie-a-little-princess/,,,,Subject requires review
Why Disney Turned Down An Adaptation Of J.R.R. Tolkien's The Hobbit In The '70s,2026-07-01T19:00:00+00:00,,no,https://www.slashfilm.com/2205758/why-disney-turned-down-jrr-tolkien-the-hobbit-adaptation/,,,,Subject requires review
The Only Main Voice Actors Alive From The Original Scooby-Doo Show - SlashFilm,2026-07-01T21:00:00+00:00,,no,https://www.slashfilm.com/2205320/only-major-voice-actors-still-alive-scooby-doo-where-are-you/,,,,Subject requires review
Minions And Monsters Is A Secret Remake Of A Massive Box Office Bomb - SlashFilm,2026-07-01T22:45:00+00:00,,no,https://www.slashfilm.com/2204036/minions-and-monsters-remake-box-office-bomb-babylon/,,,,Subject requires review
Why The Big Bang Theory's Jim Parsons Doesn't Miss Playing Sheldon Cooper,2026-07-02T00:45:00+00:00,,no,https://www.slashfilm.com/2205471/why-the-big-bang-theory-jim-parsons-doesnt-miss-sheldon-cooper/,,,,Subject requires review
One Of John Wayne's Biggest Box Office Flops Was A Ridiculous Historical Adventure Movie,2026-07-02T13:00:00+00:00,,no,https://www.slashfilm.com/2204522/john-wayne-biggest-box-office-misfire-the-conqueror/,,,,Subject requires review
A Legendary Action Director Made His Debut With This Creepy Pierce Brosnan Movie - SlashFilm,2026-07-02T16:00:00+00:00,,no,https://www.slashfilm.com/2205532/legendary-action-director-john-mctiernan-debut-pierce-brosnan-nomads/,,,,Subject requires review
House Of Cards Star Kate Mara's 2025 Thriller Is Dominating Paramount Plus,2026-07-02T16:56:58+00:00,,no,https://www.slashfilm.com/2206958/house-of-cards-kate-mara-2025-thriller-the-dutchman-streaming-paramount-plus/,,,,Subject requires review
The Author Behind Tom Cruise's Hit '80s Movie Hated It At First,2026-07-02T17:00:00+00:00,,no,https://www.slashfilm.com/2206127/cocktail-author-heywood-gould-hated-tom-cruise-movie/,,,,Subject requires review
The Only Main Actors Still Alive From Stanley Kubrick's The Shining,2026-07-02T19:00:00+00:00,,no,https://www.slashfilm.com/2205548/main-actors-still-alive-stanley-kubrick-the-shining/,,,,Subject requires review
Charlize Theron And Emily Blunt's Fantasy Sequel Was One Of 2016's Biggest Box Office Flops,2026-07-02T20:00:00+00:00,,no,https://www.slashfilm.com/2205509/charlize-theron-emily-blunt-fantasy-sequel-the-huntsman-winters-war-2016-box-office-flop/,,,,Subject requires review
The Silo Season 3 Premiere Is A Huge Departure From The Books - SlashFilm,2026-07-03T13:00:00+00:00,,no,https://www.slashfilm.com/2202588/silo-season-3-departure-books/,,,,Subject requires review
Silo Season 3: Why So Many Major Characters Are Missing In Episode 1 - SlashFilm,2026-07-03T16:00:00+00:00,,no,https://www.slashfilm.com/2206834/silo-season-3-episode-1-missing-characters-explained/,,,,Subject requires review
Andy Weir's Project Hail Mary Movie Has A Brand New Streaming Home,2026-07-03T17:00:00+00:00,,no,https://www.slashfilm.com/2207702/andy-weir-project-hail-mary-movie-streaming-prime-video/,,,,Subject requires review
Silo Season 3: What Is Wrong With Juliette's Memory?,2026-07-03T19:00:00+00:00,,no,https://www.slashfilm.com/2205888/silo-season-3-what-wrong-juliette-memory/,,,,Subject requires review
Dutton Ranch Season 1 Finale Kills Off A Major Character — And It,2026-07-03T20:00:00+00:00,,no,https://www.slashfilm.com/2207792/dutton-ranch-season-1-finale-rob-will-jackson-death-explained/,,,,Subject requires review
Will Disney's Live-Action Moana And Evil Dead Burn Deliver A Double Box Office Win?,2026-07-03T21:00:00+00:00,,no,https://www.slashfilm.com/2206238/disney-live-action-moana-movie-evil-dead-burn-box-office-preview/,,,,Subject requires review
The Dutton Ranch Season 1 Finale Finally Proves This Fan Theory Right - SlashFilm,2026-07-03T22:00:00+00:00,,no,https://www.slashfilm.com/2207791/dutton-ranch-season-1-finale-fan-theory-right-cartel/,,,,Subject requires review
Dutton Ranch Gave Itself The Perfect Excuse For A Yellowstone Crossover With Marshals - SlashFilm,2026-07-03T23:00:00+00:00,,no,https://www.slashfilm.com/2207807/dutton-ranch-perfect-excuse-yellowstone-crossover-marshals/,,,,Subject requires review
Why Helen Drew From Silo Looks So Familiar,2026-07-04T00:45:00+00:00,,no,https://www.slashfilm.com/2206070/helen-drew-silo-actress-jessica-henwick/,,,,Subject requires review
Silo Season 3 Explains What Happened To Juliette's Rebellion,2026-07-04T10:45:00+00:00,,no,https://www.slashfilm.com/2204234/silo-season-3-what-happened-juliette-rebellion/,,,,Subject requires review
"10 Most Brutal TV Show Deaths Of All Time, Ranked - SlashFilm",2026-07-04T15:10:00+00:00,,no,https://www.slashfilm.com/2199969/most-brutal-tv-show-deaths-ranked/,,,,Subject requires review
Here's Why Rocky IV Is Still The Best July 4th Movie,2026-07-04T18:00:00+00:00,,no,https://www.slashfilm.com/2204890/why-rocky-iv-best-july-fourth-movie/,,,,Subject requires review
Captain America 1990 Vs. 1979: Which Patriotic Superhero Movie Was Worse? - SlashFilm,2026-07-04T20:45:00+00:00,,no,https://www.slashfilm.com/2207372/captain-america-1990-vs-1979-which-superhero-movie-worse/,,,,Subject requires review
The Only Major Voice Actor Still Alive From Jonny Quest - SlashFilm,2026-07-04T21:45:00+00:00,,no,https://www.slashfilm.com/2207462/only-major-voice-actor-still-alive-jonny-quest/,,,,Subject requires review
One Of 2026's Best Documentaries Will Change How You View A Legendary Flop,2026-07-04T23:00:00+00:00,,no,https://www.slashfilm.com/2206376/we-are-pat-2026-best-documentaries-change-view-comedy-flop/,,,,Subject requires review
5 Forgotten Ghost Movies That Still Hold Up Today - SlashFilm,2026-07-05T00:00:00+00:00,,no,https://www.slashfilm.com/2206398/forgotten-ghost-movies-still-hold-up-today/,,,,Subject requires review
John Wayne Was Surprised By The Brutal Conditions Of One Stagecoach Chase Scene - SlashFilm,2026-07-05T00:45:00+00:00,,no,https://www.slashfilm.com/2206347/john-wayne-brutal-conditions-stagecoach-chase-scene/,,,,Subject requires review
George R. R. Martin Thinks This '80s Action Classic Has One Of The Best Chase Sequences Of All Time,2026-07-05T10:45:00+00:00,,no,https://www.slashfilm.com/2206393/george-rr-martin-80s-action-classic-mad-max-the-road-warrior-best-chase-sequence/,,,,Subject requires review
Why Sierra McClain's Grace Ryder Left 9-1-1: Lone Star,2026-07-05T12:00:00+00:00,,no,https://www.slashfilm.com/2207280/why-sierra-mcclain-grace-ryder-left-911-lone-star/,,,,Subject requires review
Fallout Season 3: Everything We Know So Far,2026-07-05T13:00:00+00:00,,no,https://www.slashfilm.com/2207124/fallout-season-3-details-everything-know/,,,,Subject requires review
Why Anne Hathaway Dropped Out Of This Seth Rogen Box Office Hit - SlashFilm,2026-07-05T14:00:00+00:00,,no,https://www.slashfilm.com/2207415/why-anne-hathaway-dropped-out-seth-rogen-box-office-hit-knocked-up/,,,,Subject requires review
Why Dave Bautista Owes His Acting Career To A Hip-Hop Legend - SlashFilm,2026-07-05T16:00:00+00:00,,no,https://www.slashfilm.com/2169594/dave-bautista-owes-acting-career-wu-tang-clan-rza-the-man-with-the-iron-fists/,,,,Subject requires review
This Hit Zombie Video Game Franchise Got A Movie Adaptation You,2026-07-05T18:00:00+00:00,,no,https://www.slashfilm.com/2207353/zombie-video-game-franchise-dead-rising-movie-adaptations/,,,,Subject requires review
Dutton Ranch: Joaquin Star Juan Pablo Raba Has Doubts About That Season 1 Finale Death - SlashFilm,2026-07-05T19:00:00+00:00,,no,https://www.slashfilm.com/2207857/dutton-ranch-joaquin-juan-pablo-raba-doubt-season-1-finale-rob-will-death/,,,,Subject requires review
Project Hail Mary's Directors Cut 30 Minutes Of Footage For A Smart Reason,2026-07-05T22:00:00+00:00,,no,https://www.slashfilm.com/2205497/project-hail-mary-directors-cut-30-minutes-ryan-gosling-footage/,,,,Subject requires review
"Anne Hathaway's Little-Seen, Short-Lived Teen TV Show Was A Late '90s Gem",2026-07-05T23:00:00+00:00,,no,https://www.slashfilm.com/2175609/anne-hathaway-teen-tv-show-late-90s-gem-get-real/,,,,Subject requires review
House Of The Dragon Season 3 Could Be Setting Up One Of The Book,2026-07-06T02:00:00+00:00,,no,https://www.slashfilm.com/2206199/house-of-the-dragon-season-3-setup-book-character-shepherd/,,,,Subject requires review
House Of The Dragon Season 3 Is Loosely Remaking A Classic Game Of Thrones Storyline - SlashFilm,2026-07-06T02:30:00+00:00,,no,https://www.slashfilm.com/2207205/house-of-the-dragon-season-3-remake-game-of-thrones-storyline-daenerys/,,,,Subject requires review
House Of The Dragon Season 3 Will Make You Angry After A Knight Of The Seven Kingdoms - SlashFilm,2026-07-06T10:45:00+00:00,,no,https://www.slashfilm.com/2204962/house-of-the-dragon-season-3-angry-after-knight-of-the-seven-kingdoms/,,,,Subject requires review
Paul Newman Starred In A Forgotten Remake Of A Classic Akira Kurosawa Movie - SlashFilm,2026-07-06T11:30:00+00:00,,no,https://www.slashfilm.com/2190066/paul-newman-akira-kurosawa-classic-remake-rashomon-the-outrage/,,,,Subject requires review
An Underrated DC Comic Was Written By Beloved Chef And Travel Show Host Anthony Bourdain - SlashFilm,2026-07-06T15:00:00+00:00,,no,https://www.slashfilm.com/2208112/dc-comic-get-jiro-written-chef-anthony-bourdain/,,,,Subject requires review
8 Upcoming Movies And TV Shows Based On 2025 Books - SlashFilm,2026-07-06T15:10:00+00:00,,no,https://www.slashfilm.com/2201092/upcoming-movies-tv-shows-based-2025-books/,,,,Subject requires review
What Darkwing From Invincible Looks Like In Real Life - SlashFilm,2026-07-06T16:00:00+00:00,,no,https://www.slashfilm.com/2189355/darkwing-invincible-look-real-life-actors-lennie-james-cleveland-berto/,,,,Subject requires review
What Minions & Monsters' Box Office Means For The Future Of The Franchise,2026-07-06T16:45:14+00:00,,no,https://www.slashfilm.com/2208759/minions-and-monsters-box-office-franchise-future-meaning/,,,,Subject requires review
How To Watch The Furious (2026) At Home,2026-07-06T16:49:22+00:00,,no,https://www.slashfilm.com/2208766/how-watch-the-furious-2026-movie-home/,,,,Subject requires review
Why Sean Connery Cursed Out Michael Bay On The Set Of The Rock - SlashFilm,2026-07-06T17:45:00+00:00,,no,https://www.slashfilm.com/2165980/why-sean-connery-cursed-out-michael-bay-the-rock/,,,,Subject requires review
The Biggest Unanswered Questions From The Dutton Ranch Season 1 Finale - SlashFilm,2026-07-06T19:45:00+00:00,,no,https://www.slashfilm.com/2208944/dutton-ranch-season-1-finale-biggest-unanswered-questions/,,,,Subject requires review
Things Have Gone From Bad To Worse For Supergirl At The Box Office - SlashFilm,2026-07-06T20:00:00+00:00,,no,https://www.slashfilm.com/2209009/supergirl-2026-movie-second-weekend-box-office/,,,,Subject requires review
The Only Main Voice Actor Still Alive From He-Man And The Masters Of The Universe - SlashFilm,2026-07-06T21:20:00+00:00,,no,https://www.slashfilm.com/2208120/only-main-voice-actor-still-alive-he-man-and-the-masters-of-the-universe/,,,,Subject requires review
Daniel Radcliffe's Ranking Of The Harry Potter Movies Is A Fascinating Mess,2026-07-06T22:00:00+00:00,,no,https://www.slashfilm.com/2204820/daniel-radcliffe-harry-potter-movie-ranking/,,,,Subject requires review
10 Worst Decisions In The Boys Season 5,2026-07-06T22:10:00+00:00,,no,https://www.slashfilm.com/2208960/the-boys-season-5-worst-decisions/,,,,Subject requires review
First Reactions To Christopher Nolan's The Odyssey Have Everyone Saying The Same Thing,2026-07-06T22:21:13+00:00,,no,https://www.slashfilm.com/2209195/christopher-nolan-the-odyssey-reactions/,,,,Subject requires review
5 Fantasy Movies That Would Make Perfect TV Shows - SlashFilm,2026-07-07T11:45:00+00:00,,no,https://www.slashfilm.com/2209057/fantasy-movies-could-be-perfect-tv-shows/,,,,Subject requires review
One Of The Flash's Most Controversial Scenes Calls Back To An Award-Winning Banned DC Comic,2026-07-07T12:00:00+00:00,,no,https://www.slashfilm.com/2172136/the-flash-controversial-scene-banned-dc-comic-elseworlds-80-page-giant/,,,,Subject requires review
Obsession's Cooper Tomlinson Reveals The Major Twist That Wasn't In The Original Script [Exclusive],2026-07-07T13:00:00+00:00,,no,https://www.slashfilm.com/2209067/obsession-cooper-tomlinson-twist-not-original-script-nikki-ian/,,,,Subject requires review
Dinosaurs Of The Wild West Trailer: Primitive War Director Takes Things In An Unexpected New Direction - SlashFilm,2026-07-07T15:03:39+00:00,,no,https://www.slashfilm.com/2209579/primitive-war-director-dinosaurs-of-the-wild-west-trailer/,,,,Subject requires review
Ranking Every Major Stranger Things Character's Ending,2026-07-07T15:10:00+00:00,,no,https://www.slashfilm.com/2208916/stranger-things-characters-ending-ranked/,,,,Subject requires review
How Dinosaurs Of The Wild West Could Be Like Yellowstone [Exclusive] - SlashFilm,2026-07-07T15:15:00+00:00,,no,https://www.slashfilm.com/2209571/how-dinosaurs-of-the-wild-west-like-yellowstone-interview/,,,,Subject requires review
The Lord Of The Rings: What Happened To Elrond's Wife,2026-07-07T17:45:00+00:00,,no,https://www.slashfilm.com/2188642/lord-of-the-rings-what-happened-elrond-wife-celebrian/,,,,Subject requires review
What Dinosaurs Of The Wild West Means For Primitive War 2 [Exclusive] - SlashFilm,2026-07-07T19:01:19+00:00,,no,https://www.slashfilm.com/2209926/what-dinosaurs-of-the-wild-west-means-primitive-war-2-interview/,,,,Subject requires review
How Margaret Atwood Really Feels About The Handmaid's Tale Getting Banned,2026-07-07T20:00:00+00:00,,no,https://www.slashfilm.com/2209978/margaret-atwood-feelings-the-handmaids-tale-banned/,,,,Subject requires review
How Dutton Ranch Star Kelly Reilly Feels About Monica Dutton,2026-07-07T21:00:00+00:00,,no,https://www.slashfilm.com/2210026/kelly-reilly-feelings-monica-dutton-marshals-death/,,,,Subject requires review
"Primitive War Has Multiple Potential Sequels, According To Director Luke Sparke [Exclusive] - SlashFilm",2026-07-07T23:00:00+00:00,,no,https://www.slashfilm.com/2210108/primitive-war-multiple-sequels-exclusive-interview/,,,,Subject requires review
The New Avatar: The Last Airbender Movie Isn't Even Out Yet And Paramount Has Already Betrayed It,2026-07-08T00:45:00+00:00,,no,https://www.slashfilm.com/2210133/avatar-the-last-airbender-movie-release-ruined-paramount/,,,,Subject requires review
"Moana Review: This Flat, Lifeless, Artificial Rehash Is Unwelcome - SlashFilm",2026-07-08T15:00:00+00:00,,no,https://www.slashfilm.com/2210335/moana-2026-movie-review/,,,,Subject requires review
"10 Worst Alternate History Movies Of All Time, Ranked - SlashFilm",2026-07-08T15:10:00+00:00,,no,https://www.slashfilm.com/2209569/worst-alternate-history-movies-ranked/,,,,Subject requires review
Evil Dead Burn Review: A Bloody Good Time,2026-07-08T16:00:00+00:00,,no,https://www.slashfilm.com/2210521/evil-dead-burn-movie-review/,,,,Subject requires review
Why Dutton Ranch Wasn't Nominated At The 2026 Emmys,2026-07-08T16:30:00+00:00,,no,https://www.slashfilm.com/2209905/why-dutton-ranch-not-nominated-2026-emmys/,,,,Subject requires review
Obsession's Cooper Tomlinson Says One Scene Left The Cast Completely Stunned [Exclusive],2026-07-08T17:00:00+00:00,,no,https://www.slashfilm.com/2209248/obsession-cooper-tomlinson-scene-cast-stunned-nikki-party/,,,,Subject requires review
Christopher Nolan Had One Condition To Direct The Odyssey - SlashFilm,2026-07-08T17:18:13+00:00,,no,https://www.slashfilm.com/2210687/christopher-nolan-one-condition-direct-the-odyssey/,,,,Subject requires review
Moana's Rotten Tomatoes Score Ranks Among The Worst Live-Action Disney Remakes,2026-07-08T17:35:03+00:00,,no,https://www.slashfilm.com/2210720/moana-rotten-tomatoes-score-disney-worst-live-action-remakes/,,,,Subject requires review
Dune: Part Three Trailer: Timothée Chalamet Battles Zendaya And The Rest Of The Universe - SlashFilm,2026-07-08T18:05:54+00:00,,no,https://www.slashfilm.com/2210761/dune-part-three-trailer/,,,,Subject requires review
This Taylor Sheridan Show Should Have Finally Broken His Emmy Curse - SlashFilm,2026-07-08T18:28:09+00:00,,no,https://www.slashfilm.com/2210805/taylor-sheridan-show-should-have-broken-emmy-curse-landman/,,,,Subject requires review
The 2026 Emmys Just Snubbed TV's Best Drama Series (Again),2026-07-08T18:37:04+00:00,,no,https://www.slashfilm.com/2210815/2026-emmys-snubbed-tv-best-drama-series-industry/,,,,Subject requires review
A Historical Spy Thriller Series Is One Of The Best Shows About The American Revolution - SlashFilm,2026-07-08T21:00:00+00:00,,no,https://www.slashfilm.com/2210183/historical-spy-thriller-best-show-america-revolution-turn-washingtons-spies/,,,,Subject requires review
Two The Pitt Season 2 Actors Earned Emmy Nominations Without Any Studio Support - SlashFilm,2026-07-08T21:29:49+00:00,,no,https://www.slashfilm.com/2211048/the-pitt-season-2-actors-emmy-nominations-submitted-themselves/,,,,Subject requires review
"We Saw Dune 3's Opening Scene, And One Fan Worry Went Away Instantly",2026-07-08T22:45:00+00:00,,no,https://www.slashfilm.com/2211058/dune-season-3-opening-scene-worry-explained/,,,,Subject requires review
"The Three Things That Make Dune 3 Different From The Other Films, According To Denis Villeneuve - SlashFilm",2026-07-09T00:45:00+00:00,,no,https://www.slashfilm.com/2211097/dune-3-differences-explained-director-denis-villeneuve/,,,,Subject requires review
Evil Dead Burn Cast Reveal What It's Really Like To Star In A Movie This Gruesome [Exclusive],2026-07-09T12:00:00+00:00,,no,https://www.slashfilm.com/2210520/evil-dead-cast-interview/,,,,Subject requires review
10 Best '80s Movies Nobody Talks About Anymore,2026-07-09T15:10:00+00:00,,no,https://www.slashfilm.com/2209669/best-80s-movies-nobody-talks-about-anymore/,,,,Subject requires review
"Dune Part 3 Will Take The Most Creative Liberties From The Books, Says Timotheé Chalamet - SlashFilm",2026-07-09T15:58:09+00:00,,no,https://www.slashfilm.com/2211493/dune-part-3-most-creative-liberties-books-timothee-chalamet/,,,,Subject requires review
Christopher Nolan's The Odyssey Will Have A Bigger Box Office Opening Than Oppenheimer,2026-07-09T17:00:00+00:00,,no,https://www.slashfilm.com/2210889/christopher-nolan-the-odyssey-bigger-box-office-opening-oppenheimer/,,,,Subject requires review
The Odyssey's Controversial Modern Dialogue Explained By Christopher Nolan,2026-07-09T19:00:00+00:00,,no,https://www.slashfilm.com/2211635/the-odyssey-modern-dialogue-explained-christopher-nolan/,,,,Subject requires review
Does Evil Dead Burn Have A Post-Credits Scene? A Spoiler-Free Guide - SlashFilm,2026-07-09T21:00:00+00:00,,no,https://www.slashfilm.com/2211271/evil-dead-burn-post-credits-scene-guide/,,,,Subject requires review
DC Is In The Midst Of One Of The Biggest Box Office Bad Streaks Ever - SlashFilm,2026-07-09T22:00:00+00:00,,no,https://www.slashfilm.com/2211068/dc-biggest-box-office-bad-streak-ever-supergirl/,,,,Subject requires review
Evil Dead Burn Ending Explained: What's Next For The Deadites?,2026-07-09T23:30:00+00:00,,no,https://www.slashfilm.com/2207816/evil-dead-burn-ending-explained/,,,,Subject requires review
Project Hail Mary Writer Andy Weir's Favorite Movie Is An Unexpected Classic,2026-07-10T00:45:00+00:00,,no,https://www.slashfilm.com/2211091/project-hail-mary-andy-weir-favorite-movie-the-lion-in-winter/,,,,Subject requires review
Silo Season 3: The Meaning Of Juliette's Tattoos Is More Important Than Ever,2026-07-10T10:45:00+00:00,,no,https://www.slashfilm.com/2209725/silo-season-3-juliette-tattoos-meaning-explained/,,,,Subject requires review
Robert De Niro's Underrated And Under-Seen Directorial Debut Is A Must Watch,2026-07-10T11:00:00+00:00,,no,https://www.slashfilm.com/2211718/robert-de-niro-underrated-directorial-debut-must-watch-a-bronx-tale/,,,,Subject requires review
Star City's Season 1 Finale Twist Gives For All Mankind A Run For Its Money,2026-07-10T13:00:00+00:00,,no,https://www.slashfilm.com/2209698/star-city-season-1-finale-twist-for-all-mankind/,,,,Subject requires review
How To Watch A24's Backrooms Movie At Home,2026-07-10T13:42:39+00:00,,no,https://www.slashfilm.com/2212227/how-watch-a24-backrooms-movie-home/,,,,Subject requires review
How Evil Dead Burn's Director Pulled Off The Movie's Most Impressive Scene [Exclusive],2026-07-10T15:00:00+00:00,,no,https://www.slashfilm.com/2210533/evil-dead-burn-director-most-impressive-scene-explained-bathroom/,,,,Subject requires review
"10 Best Paramount Plus Shows Of All Time, Ranked - SlashFilm",2026-07-10T15:10:00+00:00,,no,https://www.slashfilm.com/2200028/paramount-plus-best-shows-ranked/,,,,Subject requires review
Evil Dead Burn Required One Cut To Avoid An NC-17 Rating [Exclusive] - SlashFilm,2026-07-10T16:00:00+00:00,,no,https://www.slashfilm.com/2210576/evil-dead-burn-cut-avoid-nc-17-rating/,,,,Subject requires review
Does The Dog Die In Evil Dead Burn?,2026-07-10T16:50:49+00:00,,no,https://www.slashfilm.com/2212429/does-dog-die-evil-dead-burn/,,,,Subject requires review
Critics Adore Daisy Ridley's Zombie Movie That Flew Under Everyone's Radar,2026-07-10T17:00:00+00:00,,no,https://www.slashfilm.com/2211112/critics-adore-daisy-ridley-zombie-movie-we-bury-the-dead/,,,,Subject requires review
It's 2026 And I Just Watched 1981's Evil Dead For The First Time – These Are My Honest Thoughts,2026-07-10T19:00:00+00:00,,no,https://www.slashfilm.com/2210659/evil-dead-1981-honest-thoughts/,,,,Subject requires review
Silo Season 3: What Is The Algorithm?,2026-07-10T21:00:00+00:00,,no,https://www.slashfilm.com/2211320/silo-season-3-the-algorithm-explained/,,,,Subject requires review
Evil Dead Burn Post-Credits Scene Explained,2026-07-10T23:00:00+00:00,,no,https://www.slashfilm.com/2212722/evil-dead-burn-post-credits-scene-explained/,,,,Subject requires review
"Silo Season 3, Episode 2 Included A Hidden Reference Book Fans Will Love - SlashFilm",2026-07-11T00:45:00+00:00,,no,https://www.slashfilm.com/2211347/silo-season-3-hidden-book-reference-daniel-keene-donald/,,,,Subject requires review
Jason Momoa's Remake Of An Arnold Schwarzenegger Movie Was A Big Box Office Flop,2026-07-11T13:00:00+00:00,,no,https://www.slashfilm.com/2212568/jason-momoa-remake-arnold-schwarzenegger-movie-box-office-flop-conan/,,,,Subject requires review
This 2026 Fantasy Anime Is A Must Watch For Harry Potter Fans - SlashFilm,2026-07-11T14:00:00+00:00,,no,https://www.slashfilm.com/2212374/witch-hat-atelier-2026-fantasy-anime-must-watch-harry-potter-fans/,,,,Subject requires review
10 Best Real Songs By Fictional Bands In Movies,2026-07-11T15:10:00+00:00,,no,https://www.slashfilm.com/2206369/best-real-songs-fictional-brands-movies/,,,,Subject requires review
One Actor Connects Some Of The Biggest Box Office Flops Of The 2020s So Far - SlashFilm,2026-07-11T16:00:00+00:00,,no,https://www.slashfilm.com/2211989/actor-connection-biggest-box-office-flops-2020s-jared-leto/,,,,Subject requires review
How A Sneaky Evil Dead Burn Easter Egg May Hint At The Future Of The Series - SlashFilm,2026-07-11T16:30:00+00:00,,no,https://www.slashfilm.com/2212830/evil-dead-burn-easter-egg-future-series-wisemen/,,,,Subject requires review
Clint Eastwood And Don Siegel's Legendary Partnership Started With A Heated Argument,2026-07-11T18:00:00+00:00,,no,https://www.slashfilm.com/2176555/clint-eastwood-don-siegel-partnership-start-heated-argument/,,,,Subject requires review
Woody Harrelson Starred In A Hilarious Comic Book TV Show You Probably Missed - SlashFilm,2026-07-11T19:00:00+00:00,,no,https://www.slashfilm.com/2180697/woody-harrelson-comic-book-tv-show-the-freak-brothers/,,,,Subject requires review
"5 Worst Episodes Of Stranger Things, Ranked",2026-07-11T21:45:00+00:00,,no,https://www.slashfilm.com/2211969/stranger-things-worst-episodes-ranked/,,,,Subject requires review
One Daredevil Scene Convinced Vincent D'Onofrio That Charlie Cox Was Perfectly Cast,2026-07-11T22:00:00+00:00,,no,https://www.slashfilm.com/2189549/daredevil-scene-convinced-vincent-donofrio-charlie-cox-perfect/,,,,Subject requires review
This Classic Medical TV Series Was The Most-Watched Show In 1970 - SlashFilm,2026-07-12T00:00:00+00:00,,no,https://www.slashfilm.com/2190127/classic-medical-tv-show-marcus-welby-md-most-watched-1970/,,,,Subject requires review
5 Best Detective Shows Based On True Stories,2026-07-12T17:00:00+00:00,,no,https://www.slashfilm.com/2212764/best-detective-shows-based-on-true-stories/,,,,Subject requires review
Why The First Mortal Kombat Movie Replaced Cameron Diaz As Sonya Blade - SlashFilm,2026-07-12T18:00:00+00:00,,no,https://www.slashfilm.com/2172976/why-first-mortal-kombat-movie-replaced-cameron-diaz-sonya-blade/,,,,Subject requires review
Liam Neeson Replaced Succession Actor Brian Cox In This 2000s Fantasy Movie - SlashFilm,2026-07-12T18:52:57+00:00,,no,https://www.slashfilm.com/2213125/liam-neeson-replaced-succession-brian-cox-fantasy-movie-the-chronicles-of-narnia-the-lion-the-witch-and-the-wardrobe/,,,,Subject requires review
G.I. Joe: The Rise Of Cobra's Original Ending Would Have Made The Movie Even Worse,2026-07-12T21:00:00+00:00,,no,https://www.slashfilm.com/2207573/gi-joe-the-rise-of-cobra-original-ending-worse-snake-eyes/,,,,Subject requires review
A Quentin Tarantino Movie Helped A Star Land Their Scott Pilgrim Vs. The World Role - SlashFilm,2026-07-12T23:00:00+00:00,,no,https://www.slashfilm.com/2209868/quentin-tarantino-death-proof-mary-elizabeth-winstead-role-scott-pilgrim-vs-the-world/,,,,Subject requires review
"Before Lord Of The Rings, Peter Jackson Directed A Classic Michael J. Fox Movie - SlashFilm",2026-07-13T00:00:00+00:00,,no,https://www.slashfilm.com/2190013/lord-of-the-rings-director-peter-jackson-michael-j-fox-movie-the-frighteners/,,,,Subject requires review
House Of The Dragon Season 3 Is Changing One Of The Book's Biggest Battles,2026-07-13T03:30:00+00:00,,no,https://www.slashfilm.com/2211995/house-of-the-dragon-season-3-battle-of-tumbleton-changes-explained/,,,,Subject requires review
House Of The Dragon Season 3's Confusing Daeron Twist Was Completely Invented For The Show,2026-07-13T03:30:00+00:00,,no,https://www.slashfilm.com/2211484/house-of-the-dragon-season-3-daeron-twist-show-invention/,,,,Subject requires review
"Sam Neill, Jurassic Park's Dr. Alan Grant And Peaky Blinders Star, Dead At 78",2026-07-13T10:21:07+00:00,,no,https://www.slashfilm.com/2213322/sam-neill-jurassic-park-dr-alan-grant-peaky-blinders-star-dead-obituary/,,,,Subject requires review
The Odyssey Star Matt Damon Explains What Christopher Nolan's New Movie Is Really About [Exclusive],2026-07-13T10:45:00+00:00,,no,https://www.slashfilm.com/2207040/the-odyssey-matt-damon-what-christopher-nolan-movie-really-about/,,,,Subject requires review
House Of The Dragon Season 3 Just Teased A Fix For George R.R. Martin,2026-07-13T11:30:00+00:00,,no,https://www.slashfilm.com/2211822/house-of-the-dragon-season-3-fix-george-rr-martin-criticism-maelor/,,,,Subject requires review
"Digger Trailer: Tom Cruise Has To Save The World Again, But This Time, He",2026-07-13T13:02:28+00:00,,no,https://www.slashfilm.com/2213389/tom-cruise-digger-movie-trailer/,,,,Subject requires review
Kevin Bacon Didn't Realize A Crucial Detail About Footloose While Reading The Script,2026-07-13T14:00:00+00:00,,no,https://www.slashfilm.com/2185618/kevin-bacon-footloose-detail-dancing-movie/,,,,Subject requires review
Keanu Reeves' Guest Appearance On This Early Fox Series Has Not Aged Well,2026-07-13T15:00:00+00:00,,no,https://www.slashfilm.com/2199631/keanu-reeves-appearance-early-fox-series-the-tracey-ullman-show-not-aged-well/,,,,Subject requires review
"10 Greatest Late Night Talk Show Hosts Of All Time, Ranked - SlashFilm",2026-07-13T15:10:00+00:00,,no,https://www.slashfilm.com/2206370/greatest-late-night-talk-show-hosts-all-time-ranked/,,,,Subject requires review
Sam Neill Was Responsible For This Event Horizon Detail You Probably Missed - SlashFilm,2026-07-13T16:00:00+00:00,,no,https://www.slashfilm.com/2213595/sam-neill-responsible-event-horizon-detail-flag/,,,,Subject requires review
A New Nightmare On Elm Street Reboot Is Coming And There's Only One Actor To Play The New Freddy,2026-07-13T17:45:00+00:00,,no,https://www.slashfilm.com/2213822/nightmare-on-elm-street-reboot-new-freddy-krueger-actor-tim-robinson/,,,,Subject requires review
5 Best Sam Neill Movies That Aren't Jurassic Park,2026-07-13T18:45:00+00:00,,no,https://www.slashfilm.com/2213912/best-sam-neill-movies-not-jurassic-park/,,,,Subject requires review
5 Reasons Why Disney's Live-Action Moana Flopped At The Box Office,2026-07-13T21:00:00+00:00,,no,https://www.slashfilm.com/2214158/disney-live-action-moana-box-office-flop-reasons/,,,,Subject requires review
This Short-Lived '80s Action TV Show Starred A Future Saturday Night Live Legend,2026-07-13T21:20:00+00:00,,no,https://www.slashfilm.com/2194029/blue-thunder-80s-action-tv-snl-star-dana-carvey/,,,,Subject requires review
What Evil Dead Burn's Box Office Means For The Future Of The Franchise,2026-07-13T23:00:00+00:00,,no,https://www.slashfilm.com/2214284/evil-dead-burn-box-office-franchise-future-meaning/,,,,Subject requires review
The Odyssey's Jon Bernthal Reveals What Christopher Nolan Has In Common With Other Great Directors [Exclusive],2026-07-14T10:45:00+00:00,,no,https://www.slashfilm.com/2207600/the-odyssey-jon-bernthal-christopher-nolan-common-thing-other-directors/,,,,Subject requires review
Billy Bob Thornton And Kevin Bacon Teamed Up For A Star-Studded Drama That,2026-07-14T11:45:00+00:00,,no,https://www.slashfilm.com/2190359/billy-bob-thornton-kevin-bacon-drama-jayne-mansfields-car-streaming-prime-video/,,,,Subject requires review
Harry Potter Director David Yates Passed On Adapting Stephen King,2026-07-14T13:00:00+00:00,,no,https://www.slashfilm.com/2184832/why-harry-potter-director-david-yates-passed-stephen-king-the-stand/,,,,Subject requires review
How Kevin Bacon Feels About The 2011 Footloose Remake - SlashFilm,2026-07-14T14:00:00+00:00,,no,https://www.slashfilm.com/2189471/kevin-bacon-footloose-2011-remake-feelings/,,,,Subject requires review
"15 Best Family Movies Of The 21st Century, Ranked - SlashFilm",2026-07-14T15:10:00+00:00,,no,https://www.slashfilm.com/2212411/best-family-movies-21st-century-ranked/,,,,Subject requires review
How To Watch Steven Spielberg's Disclosure Day At Home,2026-07-14T16:39:58+00:00,,no,https://www.slashfilm.com/2214827/how-watch-steven-spielberg-disclosure-day-at-home/,,,,Subject requires review
Melissa Joan Hart Landed Her First Breakout Role Thanks To A Wardrobe Malfunction - SlashFilm,2026-07-14T17:00:00+00:00,,no,https://www.slashfilm.com/2211352/melissa-joan-hart-landed-clarissa-role-wardrobe-malfunction/,,,,Subject requires review
Mark Wahlberg's Disappointing Video Game Adaptation Has Some Great Action Sequences,2026-07-14T18:45:00+00:00,,no,https://www.slashfilm.com/2182521/mark-wahlberg-video-game-adaptation-max-payne-action-scenes/,,,,Subject requires review
An Unexpected DC Character Is Returning In James Gunn's Man Of Tomorrow,2026-07-14T22:52:26+00:00,,no,https://www.slashfilm.com/2215305/xolo-mariduena-blue-beetle-james-gunn-man-of-tomorrow-return/,,,,Subject requires review
You're Not A Pierce Brosnan Fan If You Haven't Seen His '80s Detective Show,2026-07-14T23:00:00+00:00,,no,https://www.slashfilm.com/2215188/pierce-brosnan-80s-detective-show-remington-steele/,,,,Subject requires review
"Quote Of The Day By Roger Ebert: 'It's Not What A Movie Is About, It's How It Is About It.'",2026-07-15T08:10:00+00:00,,no,https://www.slashfilm.com/2214987/quote-of-the-day-roger-ebert/,,,,Subject requires review
The Odyssey Cast Reveals The Secret To Christopher Nolan's Directing Prowess [Exclusive],2026-07-15T13:00:00+00:00,,no,https://www.slashfilm.com/2208317/the-odyssey-cast-christopher-nolan-directing-prowess-secret/,,,,Subject requires review
"15 Best Movies Of The '70s, According To Rotten Tomatoes",2026-07-15T15:10:00+00:00,,no,https://www.slashfilm.com/2212706/best-70s-movies-according-rotten-tomatoes/,,,,Subject requires review
The Odyssey Review: Christopher Nolan's Massive Epic Is Both Exhausting And Exhilarating,2026-07-15T16:00:00+00:00,,no,https://www.slashfilm.com/2215067/christopher-nolan-the-odyssey-movie-review/,,,,Subject requires review
Why Dutton Ranch Season 2 Has Us Worried,2026-07-15T17:00:00+00:00,,no,https://www.slashfilm.com/2215291/why-dutton-ranch-season-2-worried/,,,,Subject requires review
The Odyssey's Rotten Tomatoes Score Breaks A Record For Christopher Nolan,2026-07-15T17:31:44+00:00,,no,https://www.slashfilm.com/2215874/the-odyssey-rotten-tomatoes-score-record-christopher-nolan/,,,,Subject requires review
"The New G.I. Movie Has A Surprising Director, And He's Perfect",2026-07-15T17:33:24+00:00,,no,https://www.slashfilm.com/2215876/gi-joe-movie-director-danny-mcbride/,,,,Subject requires review
The Odyssey Reactions Name One Actor As The Best Part Of The Christopher Nolan Movie - SlashFilm,2026-07-15T20:46:21+00:00,,no,https://www.slashfilm.com/2216133/the-odyssey-reactions-himesh-patel-best-part-christopher-nolan-movie/,,,,Subject requires review
Why The Hunt For Gollum Is Already The Most Controversial Lord Of The Rings Movie - SlashFilm,2026-07-15T22:00:00+00:00,,no,https://www.slashfilm.com/2216159/the-hunt-for-gollum-lord-of-the-rings-controversy-explained/,,,,Subject requires review
Does Christopher Nolan's The Odyssey Have A Post-Credits Scene? A Spoiler-Free Guide,2026-07-16T00:45:00+00:00,,no,https://www.slashfilm.com/2212451/christopher-nolan-the-odyssey-post-credits-scene-spoiler-free-guide/,,,,Subject requires review
Quote Of The Day By Steven Spielberg: 'I've Avoided Therapy Because Movies Are My Therapy.',2026-07-16T08:10:00+00:00,,no,https://www.slashfilm.com/2215624/quote-of-the-day-steven-spielberg/,,,,Subject requires review
Matt Damon Explains What Christopher Nolan's The Odyssey Has In Common With Oppenheimer [Exclusive],2026-07-16T13:00:00+00:00,,no,https://www.slashfilm.com/2208859/matt-damon-christopher-nolan-the-odyssey-oppenheimer-common-things/,,,,Subject requires review
Critics Adored This 2026 Comedy With Paul Rudd That Audiences Ignored - SlashFilm,2026-07-16T16:00:00+00:00,,no,https://www.slashfilm.com/2215504/critics-adored-2026-comedy-paul-rudd-power-ballad/,,,,Subject requires review
The Only Major Actors Still Alive From NBC's 227,2026-07-16T16:07:56+00:00,,no,https://www.slashfilm.com/2216674/only-major-actors-still-alive-227-sitcom/,,,,Subject requires review
Why Eumaeus In Christopher Nolan's The Odyssey Looks So Familiar,2026-07-16T17:00:00+00:00,,no,https://www.slashfilm.com/2214215/eumaeus-christopher-nolan-the-odyssey-actor-john-leguizamo/,,,,Subject requires review
How World War Z Author Max Brooks Feels About The Brad Pitt Movie - SlashFilm,2026-07-16T20:00:00+00:00,,no,https://www.slashfilm.com/2216713/world-war-z-author-max-brooks-feelings-brad-pitt-movie/,,,,Subject requires review
Why Chloe Fineman Left SNL After 7 Seasons,2026-07-16T20:01:27+00:00,,no,https://www.slashfilm.com/2217003/why-chloe-fineman-left-snl/,,,,Subject requires review
What Song Plays During The End Credits Of The Odyssey? - SlashFilm,2026-07-16T21:00:00+00:00,,no,https://www.slashfilm.com/2216490/the-odyssey-end-credits-song/,,,,Subject requires review
"Quote Of The Day By Christopher Nolan: 'But Really, What The Director Is, Is The Audience'",2026-07-17T08:10:00+00:00,,no,https://www.slashfilm.com/2216891/quote-of-the-day-christopher-nolan-director/,,,,Subject requires review
Why Circe In Christopher Nolan's The Odyssey Looks So Familiar,2026-07-17T13:00:00+00:00,,no,https://www.slashfilm.com/2215618/circe-christopher-nolan-the-odyssey-actress-samantha-morton/,,,,Subject requires review
Silo Season 3: Vitamin D+ Explained,2026-07-17T14:00:00+00:00,,no,https://www.slashfilm.com/2215921/silo-season-3-vitamis-d-plus-explaned/,,,,Subject requires review
"Brenda Fricker, Oscar-Winning Actress From My Left Foot And Home Alone 2, Dead At 81 - SlashFilm",2026-07-17T14:06:35+00:00,,no,https://www.slashfilm.com/2217393/brenda-fricker-my-left-foot-home-alone-2-actress-dead-obituary/,,,,Subject requires review
The Odyssey Ending Explained: One Big Change From Homer's Epic,2026-07-17T14:17:56+00:00,,no,https://www.slashfilm.com/2217417/the-odyssey-2026-movie-ending-explained/,,,,Subject requires review
Why Shogun Actor Cosmo Jarvis Left Christopher Nolan's The Odyssey,2026-07-17T15:00:00+00:00,,no,https://www.slashfilm.com/2215313/why-shogun-actor-cosmo-jarvis-left-christopher-nolan-the-odyssey/,,,,Subject requires review
Why Christopher Nolan's The Odyssey May Disappoint Fans Of The Original Story,2026-07-17T16:00:00+00:00,,no,https://www.slashfilm.com/2214212/why-christopher-nolan-the-odyssey-disappoint-fans-original-story/,,,,Subject requires review
The Odyssey's David Keighley Tribute Explained,2026-07-17T17:00:00+00:00,,no,https://www.slashfilm.com/2215689/the-odyssey-david-keighley-tribute-explained/,,,,Subject requires review
The Odyssey: Zeus' Law Explained,2026-07-17T21:00:00+00:00,,no,https://www.slashfilm.com/2215808/the-odyssey-zeus-law-explained/,,,,Subject requires review
"Christopher Nolan's 5 Best Movies, According To Rotten Tomatoes",2026-07-18T00:30:01+00:00,,no,https://www.slashfilm.com/2217996/christopher-nolan-best-movies-according-rotten-tomatoes/,,,,Subject requires review
"The Odyssey: The People Of The Sea, Explained",2026-07-18T00:45:00+00:00,,no,https://www.slashfilm.com/2215861/the-odyssey-people-of-the-sea-explained/,,,,Subject requires review
Quote Of The Day By Kevin Smith: 'There Is Little Sense In Not At Least Trying To Accomplish All Of Your Wildest Dreams...',2026-07-18T08:10:00+00:00,,no,https://www.slashfilm.com/2216974/quote-of-the-day-kevin-smith-dreams/,,,,Subject requires review
"Christopher Nolan's 5 Worst Movies, According To Rotten Tomatoes",2026-07-18T11:00:00+00:00,,no,https://www.slashfilm.com/2218011/christopher-nolan-worst-movies-according-rotten-tomatoes/,,,,Subject requires review
Why Agamemnon In Christopher Nolan's The Odyssey Looks So Familiar,2026-07-18T11:45:00+00:00,,no,https://www.slashfilm.com/2217876/agamemnon-christopher-nolan-the-odyssey-actor-benny-safdie/,,,,Subject requires review
Why Alan Ritchson Was Written Out Of His DC Superhero Role - And Why It Didn,2026-07-18T16:00:00+00:00,,no,https://www.slashfilm.com/2216431/why-alan-ritchson-written-out-dc-titans-hawk-didnt-upset-him/,,,,Subject requires review
How Christopher Nolan's The Odyssey Changes The Iconic Cyclops Showdown,2026-07-18T17:00:00+00:00,,no,https://www.slashfilm.com/2218098/christopher-nolan-the-odyssey-cyclops-showdown-changes-explained/,,,,Subject requires review
How To Watch Christopher Nolan's First Movie For Free,2026-07-18T19:00:00+00:00,,no,https://www.slashfilm.com/2216841/how-to-watch-christopher-nolan-first-movie-following-free-kanopy/,,,,Subject requires review
"If You Loved Christopher Nolan's The Odyssey, Stream This Movie For Free Next",2026-07-18T22:00:00+00:00,,no,https://www.slashfilm.com/2218133/christopher-nolan-the-odyssey-stream-movie-free-next-the-trojan-women/,,,,Subject requires review
Clint Eastwood's Adaptation Of An Award-Winning Book Was A Total Box Office Flop,2026-07-18T23:00:00+00:00,,no,https://www.slashfilm.com/2217075/clint-eastwood-adaptation-midnight-in-the-garden-of-good-and-evil-flop/,,,,Subject requires review
Why Tiresias In Christopher Nolan's The Odyssey Looks So Familiar,2026-07-19T04:00:00+00:00,,no,https://www.slashfilm.com/2217139/tiresias-christopher-nolan-the-odyssey-actor-james-remar/,,,,Subject requires review
"Quote Of The Day By Greta Gerwig: 'You Don't Do It Until You Do It, Is The Thing...'",2026-07-19T08:10:00+00:00,,no,https://www.slashfilm.com/2217197/quote-of-the-day-greta-gerwig-boundaries/,,,,Subject requires review
Christopher Nolan Has Already Made The Perfect Companion Piece To The Odyssey - SlashFilm,2026-07-19T12:00:00+00:00,,no,https://www.slashfilm.com/2216448/christopher-nolan-perfect-companion-piece-the-odyssey-oppenheimer/,,,,Subject requires review
5 Forgotten Historical Adventure Movies That Still Hold Up Today - SlashFilm,2026-07-19T18:00:00+00:00,,no,https://www.slashfilm.com/2216271/forgotten-historical-adventure-movies-still-hold-up-today/,,,,Subject requires review
Matt Damon And Heath Ledger's Fantasy Box Office Flop Was Also A Disaster Behind The Scenes,2026-07-19T19:00:00+00:00,,no,https://www.slashfilm.com/2217849/matt-damon-heath-ledger-fantasy-box-office-flop-the-brothers-grimm/,,,,Subject requires review
Christopher Nolan's The Odyssey Crossed A Line He Never Should Have Touched,2026-07-20T00:45:00+00:00,,no,https://www.slashfilm.com/2218025/christopher-nolan-the-odyssey-crossed-line-animal-cruelty-dogs/,,,,Subject requires review
House Of The Dragon Season 3's Lannister Twist Goes Completely Off-Book,2026-07-20T02:00:00+00:00,,no,https://www.slashfilm.com/2216981/house-of-the-dragon-season-3-tyland-lannister-twist-off-book/,,,,Subject requires review
House Of The Dragon Season 3 Subtly Set Up Its Aegon The Conqueror Spin-Off - SlashFilm,2026-07-20T02:30:00+00:00,,no,https://www.slashfilm.com/2217191/house-of-the-dragon-season-3-aegon-the-conqueror-spin-off-setup/,,,,Subject requires review
"Quote Of The Day By Guillermo Del Toro: 'Disobedience Is The Beginning Of Responsibility, I Think.'",2026-07-20T08:10:00+00:00,,no,https://www.slashfilm.com/2218151/quote-of-the-day-guillermo-del-toro-disobedience/,,,,Subject requires review
5 Best Movies Like Christopher Nolan's The Odyssey,2026-07-20T11:30:00+00:00,,no,https://www.slashfilm.com/2216747/best-movies-like-christopher-nolan-the-odyssey/,,,,Subject requires review
House Of The Dragon Season 3 Set Up A Game Of Thrones Connection You Might Have Missed - SlashFilm,2026-07-20T13:00:00+00:00,,no,https://www.slashfilm.com/2217370/house-of-the-dragon-season-3-game-of-thrones-connection-cat/,,,,Subject requires review
Did House Of The Dragon Season 3 Set Up One Of The Book's Most Mysterious Deaths?,2026-07-20T15:00:00+00:00,,no,https://www.slashfilm.com/2217556/house-of-the-dragon-season-3-setup-mysterious-book-death-helaena/,,,,Subject requires review
How To Watch Masters Of The Universe At Home,2026-07-20T15:43:38+00:00,,no,https://www.slashfilm.com/2218706/how-watch-masters-of-the-universe-at-home/,,,,Subject requires review
"Her Private Hell Review: Nicolas Winding Refn's Return Is A Confounding, Gorgeous Fairy Tale",2026-07-20T16:00:00+00:00,,no,https://www.slashfilm.com/2199882/her-private-hell-movie-review/,,,,Subject requires review
House Of The Dragon Season 3 Is Repeating A Daemon Plotline Fans Hated - SlashFilm,2026-07-20T16:00:00+00:00,,no,https://www.slashfilm.com/2218621/house-of-the-dragon-season-3-repeat-daemon-plotline-fans-hated/,,,,Subject requires review
Why Christopher Nolan's The Odyssey Is Actually His Second Adaptation Of The Classic Story,2026-07-20T16:45:00+00:00,,no,https://www.slashfilm.com/2218252/why-christopher-nolan-the-odyssey-second-adaptation-story/,,,,Subject requires review
Chris Hemsworth's Early-Career Murder Mystery With Timothy Olyphant Has A Satisfying Twist,2026-07-20T17:45:00+00:00,,no,https://www.slashfilm.com/2215344/chris-hemsworth-murder-mystery-a-perfect-getaway/,,,,Subject requires review
Tom Cruise's Digger Nearly Starred A Major International Comedian,2026-07-20T19:45:00+00:00,,no,https://www.slashfilm.com/2218439/tom-cruise-digger-nearly-starred-vir-das/,,,,Subject requires review
5 Reasons Why Christopher Nolan's The Odyssey Ruled The Box Office,2026-07-20T23:00:00+00:00,,no,https://www.slashfilm.com/2219101/christopher-nolan-the-odyssey-box-office-win-reasons/,,,,Subject requires review
The Odyssey Scholars Say Christopher Nolan's Adaptation Ruined One Character,2026-07-21T00:22:15+00:00,,no,https://www.slashfilm.com/2219370/scholars-the-odyssey-christopher-nolan-ruined-one-character-odysseus/,,,,Subject requires review
The Rings Of Power Season 3 Will Finally Show The Lord Of The Rings,2026-07-21T00:45:00+00:00,,no,https://www.slashfilm.com/2219030/the-rings-of-power-season-3-the-lord-of-the-rings-important-moment-sauron-one-ring/,,,,Subject requires review
Quote Of The Day By Mel Brooks: 'Tragedy Is When I Cut My Finger...',2026-07-21T08:10:00+00:00,,no,https://www.slashfilm.com/2219163/quote-of-the-day-mel-brooks-comedy/,,,,Subject requires review
How Emily Wilson Feels About Christopher Nolan's The Odyssey Adaptation,2026-07-21T11:45:00+00:00,,no,https://www.slashfilm.com/2219268/how-emily-wilson-feels-christopher-nolan-the-odyssey-adaptation/,,,,Subject requires review
Why Jim Parsons Was Miserable Playing Sheldon Cooper On The Big Bang Theory - SlashFilm,2026-07-21T12:00:00+00:00,,no,https://www.slashfilm.com/2219323/why-jim-parsons-miserable-playing-sheldon-cooper-the-big-bang-theory/,,,,Subject requires review
5 Forgotten Post-Apocalyptic Movies That Still Hold Up Today - SlashFilm,2026-07-21T15:00:00+00:00,,no,https://www.slashfilm.com/2219000/forgotten-post-apocalyptic-movies-still-hold-up-today/,,,,Subject requires review
10 Classic '70s Movies That Have Not Aged Well,2026-07-21T15:10:00+00:00,,no,https://www.slashfilm.com/2218831/70s-movies-not-aged-well/,,,,Subject requires review
"First X-Files LEGO Set Knows The Truth Is Out There In The Form Of 1,478 Pieces - SlashFilm",2026-07-21T15:24:37+00:00,,no,https://www.slashfilm.com/2219725/first-x-files-lego-set-scully-mulder-office/,,,,Subject requires review
"Kaylee Hottle, Jia From Godzilla Vs. Kong Movies, Dead At 18 - SlashFilm",2026-07-21T15:53:00+00:00,,no,https://www.slashfilm.com/2219776/kaylee-hottle-jia-godzilla-vs-kong-movies-dead-obituary/,,,,Subject requires review
"Ed Harris Felt 'Misled' About Dutton Ranch Role, Wanted To Leave Yellowstone Spin-Off",2026-07-21T17:00:00+00:00,,no,https://www.slashfilm.com/2219825/ed-harris-misled-dutton-ranch-role-exit-yellowstone-spin-off/,,,,Subject requires review
The Odyssey's Agamemnon Has A Dune Connection You Might Have Missed,2026-07-21T19:00:00+00:00,,no,https://www.slashfilm.com/2220060/the-odyssey-agamemnon-dune-connection-house-atreides/,,,,Subject requires review
Why Matt Damon Says This Odyssey Scene Was The Toughest To Shoot - SlashFilm,2026-07-22T00:45:00+00:00,,no,https://www.slashfilm.com/2220262/matt-damon-the-odyssey-hardest-scene-shoot-beggar-anne-hathaway/,,,,Subject requires review
"Quote Of The Day By David Fincher: '...I've Maintained That, That's The Foundation Of My Career.'",2026-07-22T08:10:00+00:00,,no,https://www.slashfilm.com/2217771/quote-of-the-day-david-fincher-foundation/,,,,Subject requires review
It Ends Trailer Teases A Haunting Existential Nightmare Worthy Of Following Backrooms - SlashFilm,2026-07-22T16:00:00+00:00,,no,https://www.slashfilm.com/2220726/it-ends-trailer-worthy-follow-up-backrooms/,,,,Subject requires review
DC's Second Clayface Trailer Has Serious Morbius Vibes (And We're Worried),2026-07-22T16:40:54+00:00,,no,https://www.slashfilm.com/2220869/clayface-dc-studios-movie-second-trailer-morbius-vibes/,,,,Subject requires review
One Thing About The End Of Oak Street Truly Hooked Producer J.J. Abrams - SlashFilm,2026-07-22T20:14:32+00:00,,no,https://www.slashfilm.com/2221200/the-end-of-oak-street-producer-jj-abrams-hook/,,,,Subject requires review
Christopher Nolan's The Odyssey Just Broke A Major Letterboxd Record,2026-07-22T21:00:00+00:00,,no,https://www.slashfilm.com/2220943/christopher-nolan-the-odyssey-letterboxd-record/,,,,Subject requires review
The End Of Oak Street Director Isn't Shy About A Battlestar Galactica Easter Egg,2026-07-22T21:14:11+00:00,,no,https://www.slashfilm.com/2221338/the-end-of-oak-street-director-battlestar-galactica-easter-egg/,,,,Subject requires review
"We've Seen 20 Minutes Of The End Of Oak Street, And It's A Throwback In The Best Way",2026-07-22T23:27:09+00:00,,no,https://www.slashfilm.com/2221405/the-end-of-oak-street-20-miniutes-footage-review/,,,,Subject requires review
"Quote Of The Day By Ryan Coogler: 'I Have To See The Good In Things, See The Value In Things...'",2026-07-23T08:10:00+00:00,,no,https://www.slashfilm.com/2219343/quote-of-the-day-ryan-coogler-impostor-syndrome/,,,,Subject requires review
Zach Cregger's Resident Evil Just Delivered One Of 2026's Best Trailers,2026-07-23T13:08:59+00:00,,no,https://www.slashfilm.com/2221581/zach-cregger-resident-evil-movie-trailer/,,,,Subject requires review
How Austin Abrams Narrowly Avoided Dying For Real On Zach Cregger,2026-07-23T14:00:00+00:00,,no,https://www.slashfilm.com/2221339/how-austin-abrams-avoided-dying-zach-cregger-resident-evil-set/,,,,Subject requires review
Resident Evil Director Zach Cregger Reveals The Movie's Hardest Scene To Shoot,2026-07-23T15:00:00+00:00,,no,https://www.slashfilm.com/2221351/resident-evil-director-zach-cregger-movie-hardest-scene-shoot/,,,,Subject requires review
How To Watch 2026's Supergirl At Home,2026-07-23T16:16:02+00:00,,no,https://www.slashfilm.com/2221760/how-watch-supergirl-2026-movie-home/,,,,Subject requires review
Resident Evil Director Zach Cregger Gave Austin Abrams Three Iconic Movie Heroes To Emulate - SlashFilm,2026-07-23T18:00:00+00:00,,no,https://www.slashfilm.com/2221368/zach-cregger-austin-abrams-movie-heroes-emulate-resident-evil/,,,,Subject requires review
Elliot Page's The Odyssey Role Explained (Because He's Not Achilles),2026-07-23T21:00:00+00:00,,no,https://www.slashfilm.com/2221861/elliot-page-the-odyssey-role-explained/,,,,Subject requires review
Quote Of The Day By Alfred Hitchcock: 'Always Make The Audience Suffer As Much As Possible.',2026-07-24T08:10:00+00:00,,no,https://www.slashfilm.com/2221650/quote-of-the-day-alfred-hitchcock-audience/,,,,Subject requires review
The Dungeon Crawler Carl TV Series Has Cast The Perfect Princess Donut – But There,2026-07-24T11:45:38+00:00,,no,https://www.slashfilm.com/2222354/dungeon-crawler-carl-tv-series-princess-donut-casting-problem/,,,,Subject requires review
Silo Season 3's Latest Twist Raises Questions About That Season 2 Cliffhanger,2026-07-24T15:00:00+00:00,,no,https://www.slashfilm.com/2220857/silo-season-3-episode-4-twist-season-2-cliffhanger-questions/,,,,Subject requires review
Jon Hamm's 5 Best TV Performances,2026-07-24T16:00:00+00:00,,no,https://www.slashfilm.com/2220295/jon-hamm-best-tv-perfomances/,,,,Subject requires review
Brie Larson's Legal Drama With Michael B. Jordan Is An Emotional Gem Streaming For Free,2026-07-24T17:00:00+00:00,,no,https://www.slashfilm.com/2220010/brie-larson-michael-b-jordan-legal-drama-just-mercy-streaming-free-tubi/,,,,Subject requires review
Blade Runner 2099 Comic-Con Trailer: The Replicants Finally Rise Up (And It,2026-07-24T17:30:16+00:00,,no,https://www.slashfilm.com/2222470/blade-runner-2099-tv-series-comic-con-trailer/,,,,Subject requires review
"Lord Of The Rings' Balrog Finally Has A Voice, And You Will Literally Never Guess The Actor",2026-07-24T18:20:18+00:00,,no,https://www.slashfilm.com/2222723/simon-pegg-balrog-lord-of-the-rings-rings-of-power-season-3-voice/,,,,Subject requires review
Rings Of Power Season 3 Comic-Con Trailer Shows The Creation Of LOTR,2026-07-24T18:30:43+00:00,,no,https://www.slashfilm.com/2222735/lord-of-the-rings-the-rings-of-power-season-3-comic-con-trailer-one-ring/,,,,Subject requires review
The Biggest Compliment We Can Give Blade Runner 2099's Trailer Is Kind Of Sad,2026-07-24T18:52:52+00:00,,no,https://www.slashfilm.com/2222767/blade-runner-2099-trailer-compliment-sad/,,,,Subject requires review
The Rings Of Power Season 3 Trailer Raises A Giant Question For Every LOTR Fan - SlashFilm,2026-07-24T19:58:48+00:00,,no,https://www.slashfilm.com/2222841/the-rings-of-power-season-3-trailer-question-lotr-fans-rights/,,,,Subject requires review
"Chuck Russell, Director Of The Mask & The Blob, Dead At 74 - SlashFilm",2026-07-24T20:00:04+00:00,,no,https://www.slashfilm.com/2222843/chuck-russell-the-mask-director-dead-obituary/,,,,Subject requires review
Matt Damon's Forgotten 2024 Heist Comedy Is Having A Streaming Resurgence,2026-07-24T20:51:55+00:00,,no,https://www.slashfilm.com/2222899/matt-damon-heist-comedy-the-instigators-streaming-apple-tv/,,,,Subject requires review
Lanterns Comic-Con Trailer Introduces DC's Sinestro - And The Series' True Villains,2026-07-24T20:56:56+00:00,,no,https://www.slashfilm.com/2222902/lanterns-comic-con-trailer-dc-sinestro-true-villains-manhunters/,,,,Subject requires review
5 Amazing Fantasy Movies That Didn't Deserve To Flop At The Box Office,2026-07-24T21:00:00+00:00,,no,https://www.slashfilm.com/2220767/fantasy-movies-didnt-deserve-flop-box-office/,,,,Subject requires review
5 Yellowstone Characters Who Could Make A Guest Appearance On Dutton Ranch - SlashFilm,2026-07-25T00:45:00+00:00,,no,https://www.slashfilm.com/2220845/yellowstone-characters-guest-appearance-dutton-ranch/,,,,Subject requires review
Why Cole Hauser Found Dutton Ranch To Be Challenging Without Taylor Sheridan,2026-07-25T13:00:00+00:00,,no,https://www.slashfilm.com/2222112/why-cole-hauser-dutton-ranch-challenging-without-taylor-sheridan/,,,,Subject requires review
Sam Rockwell And Christian Bale's '90s Fantasy Movie Is A Relic Worth Revisiting,2026-07-25T14:00:00+00:00,,no,https://www.slashfilm.com/2220656/sam-rockwell-christian-bale-90s-fantasy-movie-a-midsummers-night-dream/,,,,Subject requires review
This Haunting Documentary Hiding On Paramount+ Is Perfect For True Detective Fans - SlashFilm,2026-07-25T16:00:00+00:00,,no,https://www.slashfilm.com/2221465/murder-in-the-bayou-documentary-streaming-paramount-plus/,,,,Subject requires review
Christopher Nolan Has Banned One Signature Fashion Item From His Movie Sets - SlashFilm,2026-07-25T17:00:00+00:00,,no,https://www.slashfilm.com/2221135/christopher-nolan-bans-uggs-movie-set/,,,,Subject requires review
Tom Selleck's Detective Movie Series Is A Must-Watch For Any Murder Mystery Fan,2026-07-25T17:30:00+00:00,,no,https://www.slashfilm.com/2222756/tom-selleck-detective-movie-series-murder-mystery-jesse-stone/,,,,Subject requires review
How The Avatar Aang: The Last Airbender Movie Sets Up The Legend Of Korra - SlashFilm,2026-07-25T17:57:27+00:00,,no,https://www.slashfilm.com/2223232/how-avatar-aang-the-last-airbender-movie-sets-up-the-legend-of-korra/,,,,Subject requires review
5 Most Overrated A24 Movies,2026-07-25T21:45:00+00:00,,no,https://www.slashfilm.com/2221334/overrated-a24-movies/,,,,Subject requires review
John Ritter And Eugene Levy's '90s Fantasy Movie Is A Hidden Gem Streaming For Free,2026-07-25T22:00:00+00:00,,no,https://www.slashfilm.com/2219252/john-ritter-eugene-levy-90s-fantasy-movie-stay-tuned-streaming-free-tubi/,,,,Subject requires review
Reacher Season 4 Trailer: Alan Ritchson Returns In An Action-Packed First Look - SlashFilm,2026-07-25T23:19:15+00:00,,no,https://www.slashfilm.com/2223343/reacher-season-4-trailer-comic-con/,,,,Subject requires review
One Of The Odyssey's Most Beautiful Moments Was Filmed By Complete Accident,2026-07-26T00:45:00+00:00,,no,https://www.slashfilm.com/2221117/the-odyssey-beautiful-moment-dolphins-filmed-accident/,,,,Subject requires review
The Carrie Trailer Reveals Mike Flanagan Is Keeping Stephen King,2026-07-26T02:07:51+00:00,,no,https://www.slashfilm.com/2223379/carrie-trailer-mike-flanagan-stephen-king-original-book-ending/,,,,Subject requires review
Quote Of The Day By Orson Welles: 'A Long Playing Full Shot Is What Always Separates The Men From The Boys...',2026-07-26T08:10:00+00:00,,no,https://www.slashfilm.com/2222430/quote-of-the-day-orson-welles-full-shot/,,,,Subject requires review
The Rings Of Power Season 3 Is Giving Us Lord Of The Rings' Very Own Odysseus,2026-07-26T13:00:00+00:00,,no,https://www.slashfilm.com/2222203/rings-of-power-season-3-lord-of-the-rings-odysseus-celeborn/,,,,Subject requires review
The Massive He-Man Easter Egg Barely Anyone Caught In The Masters Of The Universe Movie - SlashFilm,2026-07-26T17:00:00+00:00,,no,https://www.slashfilm.com/2222289/he-man-easter-egg-masters-of-the-universe-movie/,,,,Subject requires review
Michael Caine's Hilarious '80s Murder Mystery Is Still A Delight 44 Years Later,2026-07-26T17:30:00+00:00,,no,https://www.slashfilm.com/2222786/michael-caine-80s-murder-mystery-deathtrap/,,,,Subject requires review
This Disturbing Twilight Zone Segment Was Based On A Chilling Arthur C. Clarke Story - SlashFilm,2026-07-26T18:00:00+00:00,,no,https://www.slashfilm.com/2222698/the-twilight-zone-segment-the-star-arthur-c-clarke-adaptation/,,,,Subject requires review
New Black Panther Actor David Jonsson Starred In One Of The Best Stephen King Movies Ever - SlashFilm,2026-07-26T18:51:26+00:00,,no,https://www.slashfilm.com/2223577/black-panther-actor-david-jonsson-stephen-king-movie-the-long-walk/,,,,Subject requires review
Samuel L. Jackson's A24 Movie Was A Mega Flop That's Best Left Forgotten,2026-07-26T20:20:00+00:00,,no,https://www.slashfilm.com/2222991/samuel-l-jackson-a24-movie-mega-flop-barely-lethal/,,,,Subject requires review
Christopher Nolan Waited 20 Years To Direct One Specific Scene In The Odyssey - SlashFilm,2026-07-26T22:00:00+00:00,,no,https://www.slashfilm.com/2222293/christopher-nolan-waited-years-direct-the-odyssey-scene-trojan-horse/,,,,Subject requires review
How To Watch Hugh Jackman's The Death Of Robin Hood At Home,2026-07-26T22:20:41+00:00,,no,https://www.slashfilm.com/2223680/how-watch-hugh-jackman-the-death-of-robin-hood-home/,,,,Subject requires review
IMAX Vs IMAX 70mm: Everything You Need To Know About The Two Formats - SlashFilm,2026-07-26T23:00:00+00:00,,no,https://www.slashfilm.com/2222938/imax-vs-imax-70mm-formats-explained/,,,,Subject requires review
"5 Worst Superhero Movies Ever, According To Rotten Tomatoes - SlashFilm",2026-07-27T00:45:00+00:00,,no,https://www.slashfilm.com/2220116/worst-superhero-movies-ever-according-rotten-tomatoes/,,,,Subject requires review
House Of The Dragon Season 3 Is Setting Up Rhaenyra's Worst Mistake,2026-07-27T02:00:00+00:00,,no,https://www.slashfilm.com/2221252/house-of-the-dragon-season-3-setup-rhatenyra-worst-mistake/,,,,Subject requires review
House Of The Dragon Season 3's Big Dragon Reveal Only Raises More Questions,2026-07-27T02:30:00+00:00,,no,https://www.slashfilm.com/2222024/house-of-the-dragon-season-3-dreamfyre-dragon-eggs-explained/,,,,Subject requires review
Quote Of The Day By Billy Wilder: 'Let The Audience Add Up Two Plus Two...',2026-07-27T08:10:00+00:00,,no,https://www.slashfilm.com/2223713/quote-of-the-day-billy-wilder-audience/,,,,Subject requires review
House Of The Dragon Season 3 Finally Kills Off One Of The Show,2026-07-27T10:00:00+00:00,,no,https://www.slashfilm.com/2223307/house-of-the-dragon-season-3-criston-cole-death-explained/,,,,Subject requires review
House Of The Dragon Season 3's Two Unexpected Romances Explained,2026-07-27T12:00:00+00:00,,no,https://www.slashfilm.com/2223322/house-of-the-dragon-season-3-romances-explained/,,,,Subject requires review
House Of The Dragon Season 3 Proves This Is The Worst House In Westeros (And It,2026-07-27T14:00:00+00:00,,no,https://www.slashfilm.com/2222653/house-of-the-dragon-season-3-worst-house-westeros/,,,,Subject requires review
"Matt Damon's 5 Best Movies, According To Rotten Tomatoes",2026-07-27T17:45:00+00:00,,no,https://www.slashfilm.com/2222965/matt-damon-best-movies-according-rotten-tomatoes/,,,,Subject requires review
How Jurassic Park Writer Michael Crichton Was Convinced To Write The Sequel Lost World - SlashFilm,2026-07-27T19:45:00+00:00,,no,https://www.slashfilm.com/2223920/how-michael-crichton-convinced-write-jurassic-park-lost-world/,,,,Subject requires review
George R. R. Martin's Game Of Thrones Book Update Could Impact A Knight Of The Seven Kingdoms,2026-07-27T20:00:00+00:00,,no,https://www.slashfilm.com/2224393/george-rr-martin-game-of-thrones-book-update-a-knight-of-the-seven-kingdoms/,,,,Subject requires review
The '80s Fantasy Movie Everyone Wrote Off That Became A Classic,2026-07-27T21:00:00+00:00,,no,https://www.slashfilm.com/2222284/80s-fantasy-movie-big-trouble-in-little-china-classic/,,,,Subject requires review
Christopher Nolan Called This '80s Movie 'One Of The Great Pieces Of Pure Cinema',2026-07-27T22:00:00+00:00,,no,https://www.slashfilm.com/2224288/christopher-nolan-80s-movie-great-pieces-of-cinema-koyaanisqatsi/,,,,Subject requires review
This '60s TV Legend Set An Impressive Emmy Record Thanks To A Classic Spy Drama,2026-07-27T23:00:00+00:00,,no,https://www.slashfilm.com/2223005/barbara-bain-60s-spy-drama-mission-impossible-emmy-record/,,,,Subject requires review
Quote Of The Day By George Lucas: 'You Can't Experiment. You Can't Do Anything...',2026-07-28T08:10:00+00:00,,no,https://www.slashfilm.com/2224358/quote-of-the-day-george-lucas-experimental-films/,,,,Subject requires review
Children Of Blood And Bone Trailer Brings Tomi Adeyemi's Fantasy Sensation To The Screen,2026-07-28T13:21:06+00:00,,no,https://www.slashfilm.com/2224976/children-of-blood-and-bone-trailer/,,,,Subject requires review
Goldie Hawn Has A Theory Why Her Only Steven Spielberg Movie Wasn,2026-07-28T14:00:00+00:00,,no,https://www.slashfilm.com/2223296/goldie-hawn-theory-only-steven-spielberg-movie-not-hit-the-sugarland-express/,,,,Subject requires review
Don Knotts Kept Receiving One Disturbing Gift From The Andy Griffith Show Fans - SlashFilm,2026-07-28T15:00:00+00:00,,no,https://www.slashfilm.com/2224459/don-knotts-deputy-barney-fife-bullets-gifts-the-andy-griffith-show/,,,,Subject requires review
Macaulay Culkin's Home Alone 3 Seems More Likely Than Ever After New Update,2026-07-28T16:30:00+00:00,,no,https://www.slashfilm.com/2225163/macaulay-culkin-home-alone-3-update-disney/,,,,Subject requires review
Christian Bale's Adventure Movie Based On A Classic Book Is The Perfect '90s Nostalgic Watch,2026-07-28T17:00:00+00:00,,no,https://www.slashfilm.com/2224514/christian-bale-adventure-movie-book-adaptation-treasure-island/,,,,Subject requires review
How To Watch Evil Dead Burn At Home,2026-07-28T18:32:56+00:00,,no,https://www.slashfilm.com/2225343/how-watch-evil-dead-burn-home/,,,,Subject requires review
Filmed For IMAX Vs Shot With IMAX: What's The Difference?,2026-07-29T00:33:24+00:00,,no,https://www.slashfilm.com/2225704/filmed-for-imax-vs-shot-with-imax-difference/,,,,Subject requires review
The Seinfeld Replacement Actor Who Won Fans Over - SlashFilm,2026-07-29T00:45:00+00:00,,no,https://www.slashfilm.com/2225284/seinfeld-replacement-actor-frank-costanza-jerry-stiller/,,,,Subject requires review
Jumanji: Open World Trailer Brings The Game Into The Real World - SlashFilm,2026-07-29T01:10:46+00:00,,no,https://www.slashfilm.com/2225735/jumanji-open-world-trailer/,,,,Subject requires review
Quote Of The Day By Christopher Walken: 'You Can't Fool Bugs Bunny...',2026-07-29T08:10:00+00:00,,no,https://www.slashfilm.com/2224388/quote-of-the-day-christopher-walken-bugs-bunny/,,,,Subject requires review
The Thomas Crown Affair Trailer: Michael B. Jordan Remakes The Classic Thriller - SlashFilm,2026-07-29T13:13:00+00:00,,no,https://www.slashfilm.com/2225947/the-thomas-crown-affair-trailer-michael-b-jordan/,,,,Subject requires review
Tony Review: Matt Johnson Makes A Tasty Anthony Bourdain Biopic From Very Familiar Ingredients - SlashFilm,2026-07-29T16:00:00+00:00,,no,https://www.slashfilm.com/2222501/tony-movie-review-a24/,,,,Subject requires review
The Late Kavinsky Contributed To One Of The Greatest Movie Soundtracks Of All Time - SlashFilm,2026-07-29T16:26:40+00:00,,no,https://www.slashfilm.com/2226192/kavinsky-greatest-movie-soundtrack-all-time-drive-nightcall/,,,,Subject requires review
Why Hollywood Doesn't Shoot More Movies With IMAX Cameras,2026-07-29T17:00:00+00:00,,no,https://www.slashfilm.com/2226203/why-hollywood-not-shoot-more-movies-imax-cameras/,,,,Subject requires review
Glen Hansard's Onscreen Legacy Is One Of The Best Movies Ever Made About Music,2026-07-29T18:00:00+00:00,,no,https://www.slashfilm.com/2226304/glen-hansard-legacy-best-movie-about-music-once/,,,,Subject requires review
"Anne Hathaway's 5 Best Movies, According To Rotten Tomatoes",2026-07-29T22:45:00+00:00,,no,https://www.slashfilm.com/2225230/anne-hathaway-best-movies-according-rotten-tomatoes/,,,,Subject requires review
Christopher Nolan's Daughter Had A Crucial Hidden Role In The Odyssey,2026-07-30T00:45:00+00:00,,no,https://www.slashfilm.com/2225226/christopher-nolan-daughter-the-odyssey-role/,,,,Subject requires review
"Quote Of The Day By Ang Lee: ""...I Feel That Everyone Has A Hulk Inside..."" - SlashFilm",2026-07-30T08:10:00+00:00,,no,https://www.slashfilm.com/2224412/quote-of-the-day-ang-lee-hulk/,,,,Subject requires review
Quote Of The Day By Donald Glover: 'In Entertainment Or Art It's Important To Know The Difference Between Things...',2026-07-31T08:10:00+00:00,,no,https://www.slashfilm.com/2226109/quote-of-the-day-donald-glover-entertainment/,,,,Subject requires review
This 2026 Comedy Aims To Anger Everyone — And Explore Gen Z In The Process - SlashFilm,2026-07-31T12:00:00+00:00,,no,https://www.slashfilm.com/2226869/i-want-your-sex-2026-comedy-angers-everyone-explored-gen-z/,,,,Subject requires review
Silo Season 3 Just Revealed A Crisis That Could Doom The Entire Silo - SlashFilm,2026-07-31T18:00:00+00:00,,no,https://www.slashfilm.com/2227782/silo-season-3-crisis-doom-silo-critical-supply-light-bulbs/,,,,Subject requires review
The Michael Crichton Movie Everyone Forgets Came Out The Same Year As Jurassic Park - SlashFilm,2026-08-01T00:45:00+00:00,,no,https://www.slashfilm.com/2226741/michael-crichton-forgotten-movie-rising-sun-same-year-jurassic-park/,,,,Subject requires review
"Quote Of The Day By James Cameron: 'If I Can Spend A Billion Dollars On A Movie, I'll Do It'",2026-08-01T08:10:00+00:00,,no,https://www.slashfilm.com/2227823/quote-of-the-day-james-cameron-billion-dollars/,,,,Subject requires review
How Sophie Thatcher Feels About Yellowjackets Ending - SlashFilm,2026-08-01T11:45:00+00:00,,no,https://www.slashfilm.com/2226639/how-sophie-thatcher-feels-yellowjackets-ending/,,,,Subject requires review
People Have Forgotten How To Watch Movies — Here's How To Actually Do It,2026-08-01T12:00:00+00:00,,no,https://www.slashfilm.com/2227026/people-forgot-how-watch-movies-right-way-explained/,,,,Subject requires review
10 Most Forgettable Movies Of 2026 (So Far),2026-08-01T15:10:00+00:00,,no,https://www.slashfilm.com/2227140/most-forgettable-movies-2026/,,,,Subject requires review
"5 Years Ago, Matt Damon Led A Historical Drama That Was A Huge Box Office Flop - SlashFilm",2026-08-01T16:30:00+00:00,,no,https://www.slashfilm.com/2226679/matt-damon-historical-drama-box-office-flop-the-last-duel/,,,,Subject requires review
"Robert Pattinson's 5 Best Movies, According To Rotten Tomatoes",2026-08-01T18:00:00+00:00,,no,https://www.slashfilm.com/2226720/robert-pattinson-best-movies-according-rotten-tomatoes/,,,,Subject requires review
"Vincent Pastore, The Sopranos And Gotti Actor, Dead At 80 - SlashFilm",2026-08-01T20:41:22+00:00,,no,https://www.slashfilm.com/2228511/vincent-pastore-the-sopranos-gotti-actor-dead-obituary/,,,,Subject requires review
Quote Of The Day By Andrew Stanton: 'Make The Audience Put Things Together.',2026-08-02T08:10:00+00:00,,no,https://www.slashfilm.com/2228181/quote-of-the-day-andrew-stanton-audience/,,,,Subject requires review
Jurassic Park Author Michael Crichton's Favorite Book Is A Literary Classic You Have To Read,2026-08-02T16:00:00+00:00,,no,https://www.slashfilm.com/2225670/jurassic-park-michael-crichton-favorite-book-the-lord-of-the-flies/,,,,Subject requires review
